ISO-10303-21;
HEADER;
/* Generated by software containing ST-Developer
 * from STEP Tools, Inc. (www.steptools.com) 
 */

FILE_DESCRIPTION(
/* description */ (''),
/* implementation_level */ '2;1');

FILE_NAME(
/* name */ 'Cooler A5 3x2 Regular Can.step',
/* time_stamp */ '2026-08-16T13:18:39-06:00',
/* author */ (''),
/* organization */ (''),
/* preprocessor_version */ 'ST-DEVELOPER v20.1',
/* originating_system */ 'Autodesk Translation Framework v15.8.0.0',
/* authorisation */ '');

FILE_SCHEMA (('AUTOMOTIVE_DESIGN { 1 0 10303 214 3 1 1 }'));
ENDSEC;

DATA;
#10=MECHANICAL_DESIGN_GEOMETRIC_PRESENTATION_REPRESENTATION('',(#99,#100,
#101),#9253);
#11=SHAPE_REPRESENTATION_RELATIONSHIP('SRR','None',#9260,#12);
#12=ADVANCED_BREP_SHAPE_REPRESENTATION('',(#102,#103,#104),#9252);
#13=(
BOUNDED_CURVE()
B_SPLINE_CURVE(2,(#7894,#7895,#7896),.UNSPECIFIED.,.F.,.F.)
B_SPLINE_CURVE_WITH_KNOTS((3,3),(0.,0.711264325482977),.UNSPECIFIED.)
CURVE()
GEOMETRIC_REPRESENTATION_ITEM()
RATIONAL_B_SPLINE_CURVE((1.,1.,1.))
REPRESENTATION_ITEM('')
);
#14=(
BOUNDED_CURVE()
B_SPLINE_CURVE(2,(#8181,#8182,#8183),.UNSPECIFIED.,.F.,.F.)
B_SPLINE_CURVE_WITH_KNOTS((3,3),(0.,0.711264325482977),.UNSPECIFIED.)
CURVE()
GEOMETRIC_REPRESENTATION_ITEM()
RATIONAL_B_SPLINE_CURVE((1.,1.,1.))
REPRESENTATION_ITEM('')
);
#15=(
BOUNDED_CURVE()
B_SPLINE_CURVE(2,(#8733,#8734,#8735),.UNSPECIFIED.,.F.,.F.)
B_SPLINE_CURVE_WITH_KNOTS((3,3),(0.,0.150820522030639),.UNSPECIFIED.)
CURVE()
GEOMETRIC_REPRESENTATION_ITEM()
RATIONAL_B_SPLINE_CURVE((1.,1.00385090870913,1.00696752451872))
REPRESENTATION_ITEM('')
);
#16=(
BOUNDED_CURVE()
B_SPLINE_CURVE(2,(#8739,#8740,#8741),.UNSPECIFIED.,.F.,.F.)
B_SPLINE_CURVE_WITH_KNOTS((3,3),(1.68034234365643,1.9448016247132),
 .UNSPECIFIED.)
CURVE()
GEOMETRIC_REPRESENTATION_ITEM()
RATIONAL_B_SPLINE_CURVE((1.01994386288282,1.01154135557079,1.))
REPRESENTATION_ITEM('')
);
#17=(
BOUNDED_CURVE()
B_SPLINE_CURVE(2,(#8752,#8753,#8754),.UNSPECIFIED.,.F.,.F.)
B_SPLINE_CURVE_WITH_KNOTS((3,3),(2.18754920845096,2.37640514535852),
 .UNSPECIFIED.)
CURVE()
GEOMETRIC_REPRESENTATION_ITEM()
RATIONAL_B_SPLINE_CURVE((1.13855307126645,1.12489857508997,1.10785376299114))
REPRESENTATION_ITEM('')
);
#18=(
BOUNDED_CURVE()
B_SPLINE_CURVE(2,(#8759,#8760,#8761),.UNSPECIFIED.,.F.,.F.)
B_SPLINE_CURVE_WITH_KNOTS((3,3),(0.322195567058897,0.415840261173248),
 .UNSPECIFIED.)
CURVE()
GEOMETRIC_REPRESENTATION_ITEM()
RATIONAL_B_SPLINE_CURVE((1.03664719139957,1.04066362015373,1.04391899828632))
REPRESENTATION_ITEM('')
);
#19=(
BOUNDED_CURVE()
B_SPLINE_CURVE(2,(#8772,#8773,#8774),.UNSPECIFIED.,.F.,.F.)
B_SPLINE_CURVE_WITH_KNOTS((3,3),(0.529733405042999,0.619136562302239),
 .UNSPECIFIED.)
CURVE()
GEOMETRIC_REPRESENTATION_ITEM()
RATIONAL_B_SPLINE_CURVE((1.12133548336503,1.12936964147066,1.13665961039264))
REPRESENTATION_ITEM('')
);
#20=(
BOUNDED_CURVE()
B_SPLINE_CURVE(2,(#8778,#8779,#8780),.UNSPECIFIED.,.F.,.F.)
B_SPLINE_CURVE_WITH_KNOTS((3,3),(1.20477615005901,1.25278792082396),
 .UNSPECIFIED.)
CURVE()
GEOMETRIC_REPRESENTATION_ITEM()
RATIONAL_B_SPLINE_CURVE((1.04080703872469,1.03929612596572,1.03759998345885))
REPRESENTATION_ITEM('')
);
#21=(
BOUNDED_CURVE()
B_SPLINE_CURVE(2,(#8790,#8791,#8792),.UNSPECIFIED.,.F.,.F.)
B_SPLINE_CURVE_WITH_KNOTS((3,3),(1.43109879700467,1.58191931903531),
 .UNSPECIFIED.)
CURVE()
GEOMETRIC_REPRESENTATION_ITEM()
RATIONAL_B_SPLINE_CURVE((1.00696752451872,1.00385090870913,1.))
REPRESENTATION_ITEM('')
);
#22=(
BOUNDED_CURVE()
B_SPLINE_CURVE(2,(#8799,#8800,#8801),.UNSPECIFIED.,.F.,.F.)
B_SPLINE_CURVE_WITH_KNOTS((3,3),(0.,0.264459281056779),.UNSPECIFIED.)
CURVE()
GEOMETRIC_REPRESENTATION_ITEM()
RATIONAL_B_SPLINE_CURVE((1.,1.01154135557078,1.01994386288281))
REPRESENTATION_ITEM('')
);
#23=(
BOUNDED_CURVE()
B_SPLINE_CURVE(2,(#9175,#9176,#9177),.UNSPECIFIED.,.F.,.F.)
B_SPLINE_CURVE_WITH_KNOTS((3,3),(0.,0.150820522030639),.UNSPECIFIED.)
CURVE()
GEOMETRIC_REPRESENTATION_ITEM()
RATIONAL_B_SPLINE_CURVE((1.,1.00385090870913,1.00696752451872))
REPRESENTATION_ITEM('')
);
#24=(
BOUNDED_CURVE()
B_SPLINE_CURVE(2,(#9181,#9182,#9183),.UNSPECIFIED.,.F.,.F.)
B_SPLINE_CURVE_WITH_KNOTS((3,3),(1.68034234365643,1.9448016247132),
 .UNSPECIFIED.)
CURVE()
GEOMETRIC_REPRESENTATION_ITEM()
RATIONAL_B_SPLINE_CURVE((1.01994386288282,1.01154135557079,1.))
REPRESENTATION_ITEM('')
);
#25=(
BOUNDED_CURVE()
B_SPLINE_CURVE(2,(#9193,#9194,#9195),.UNSPECIFIED.,.F.,.F.)
B_SPLINE_CURVE_WITH_KNOTS((3,3),(2.18754920845096,2.37640514535852),
 .UNSPECIFIED.)
CURVE()
GEOMETRIC_REPRESENTATION_ITEM()
RATIONAL_B_SPLINE_CURVE((1.13855307126645,1.12489857508997,1.10785376299114))
REPRESENTATION_ITEM('')
);
#26=(
BOUNDED_CURVE()
B_SPLINE_CURVE(2,(#9201,#9202,#9203),.UNSPECIFIED.,.F.,.F.)
B_SPLINE_CURVE_WITH_KNOTS((3,3),(0.322195567058897,0.415840261173248),
 .UNSPECIFIED.)
CURVE()
GEOMETRIC_REPRESENTATION_ITEM()
RATIONAL_B_SPLINE_CURVE((1.03664719139957,1.04066362015373,1.04391899828632))
REPRESENTATION_ITEM('')
);
#27=(
BOUNDED_CURVE()
B_SPLINE_CURVE(2,(#9214,#9215,#9216),.UNSPECIFIED.,.F.,.F.)
B_SPLINE_CURVE_WITH_KNOTS((3,3),(0.529733405042999,0.619136562302239),
 .UNSPECIFIED.)
CURVE()
GEOMETRIC_REPRESENTATION_ITEM()
RATIONAL_B_SPLINE_CURVE((1.12133548336503,1.12936964147066,1.13665961039264))
REPRESENTATION_ITEM('')
);
#28=(
BOUNDED_CURVE()
B_SPLINE_CURVE(2,(#9220,#9221,#9222),.UNSPECIFIED.,.F.,.F.)
B_SPLINE_CURVE_WITH_KNOTS((3,3),(1.20477615005901,1.25278792082396),
 .UNSPECIFIED.)
CURVE()
GEOMETRIC_REPRESENTATION_ITEM()
RATIONAL_B_SPLINE_CURVE((1.04080703872469,1.03929612596572,1.03759998345885))
REPRESENTATION_ITEM('')
);
#29=(
BOUNDED_CURVE()
B_SPLINE_CURVE(2,(#9236,#9237,#9238),.UNSPECIFIED.,.F.,.F.)
B_SPLINE_CURVE_WITH_KNOTS((3,3),(1.43109879700467,1.58191931903531),
 .UNSPECIFIED.)
CURVE()
GEOMETRIC_REPRESENTATION_ITEM()
RATIONAL_B_SPLINE_CURVE((1.00696752451872,1.00385090870913,1.))
REPRESENTATION_ITEM('')
);
#30=(
BOUNDED_CURVE()
B_SPLINE_CURVE(2,(#9241,#9242,#9243),.UNSPECIFIED.,.F.,.F.)
B_SPLINE_CURVE_WITH_KNOTS((3,3),(0.,0.264459281056779),.UNSPECIFIED.)
CURVE()
GEOMETRIC_REPRESENTATION_ITEM()
RATIONAL_B_SPLINE_CURVE((1.,1.01154135557078,1.01994386288281))
REPRESENTATION_ITEM('')
);
#31=B_SPLINE_CURVE_WITH_KNOTS('',3,(#7785,#7786,#7787,#7788),
 .UNSPECIFIED.,.F.,.F.,(4,4),(-1.,0.),.UNSPECIFIED.);
#32=B_SPLINE_CURVE_WITH_KNOTS('',3,(#7790,#7791,#7792,#7793),
 .UNSPECIFIED.,.F.,.F.,(4,4),(-0.711299907757176,-0.677788581106896),
 .UNSPECIFIED.);
#33=B_SPLINE_CURVE_WITH_KNOTS('',3,(#7795,#7796,#7797,#7798),
 .UNSPECIFIED.,.F.,.F.,(4,4),(0.200006291236381,0.255105562848099),
 .UNSPECIFIED.);
#34=B_SPLINE_CURVE_WITH_KNOTS('',3,(#7800,#7801,#7802,#7803,#7804,#7805,
#7806),.UNSPECIFIED.,.F.,.F.,(4,3,4),(0.,0.136711869499156,0.243974725321539),
 .UNSPECIFIED.);
#35=B_SPLINE_CURVE_WITH_KNOTS('',3,(#7807,#7808,#7809,#7810),
 .UNSPECIFIED.,.F.,.F.,(4,4),(0.677788581106896,0.836943514735046),
 .UNSPECIFIED.);
#36=B_SPLINE_CURVE_WITH_KNOTS('',3,(#7828,#7829,#7830,#7831),
 .UNSPECIFIED.,.F.,.F.,(4,4),(0.125349413001402,0.677788581106896),
 .UNSPECIFIED.);
#37=B_SPLINE_CURVE_WITH_KNOTS('',3,(#7833,#7834,#7835,#7836,#7837,#7838),
 .UNSPECIFIED.,.F.,.F.,(4,2,4),(0.,0.137923939963553,0.276088551877467),
 .UNSPECIFIED.);
#38=B_SPLINE_CURVE_WITH_KNOTS('',3,(#7839,#7840,#7841,#7842),
 .UNSPECIFIED.,.F.,.F.,(4,4),(-0.677788581106896,-0.0598684343492634),
 .UNSPECIFIED.);
#39=B_SPLINE_CURVE_WITH_KNOTS('',3,(#7846,#7847,#7848,#7849),
 .UNSPECIFIED.,.F.,.F.,(4,4),(-1.73477307142443,-1.57992818402609),
 .UNSPECIFIED.);
#40=B_SPLINE_CURVE_WITH_KNOTS('',3,(#7867,#7868,#7869,#7870,#7871,#7872,
#7873),.UNSPECIFIED.,.F.,.F.,(4,3,4),(0.,0.143481410051982,0.291025701747678),
 .UNSPECIFIED.);
#41=B_SPLINE_CURVE_WITH_KNOTS('',3,(#7875,#7876,#7877,#7878),
 .UNSPECIFIED.,.F.,.F.,(4,4),(1.51179802306428,1.67858739484573),
 .UNSPECIFIED.);
#42=B_SPLINE_CURVE_WITH_KNOTS('',3,(#7879,#7880,#7881,#7882,#7883,#7884,
#7885),.UNSPECIFIED.,.F.,.F.,(4,3,4),(0.0288541799844678,0.150396007963599,
0.305517413417918),.UNSPECIFIED.);
#43=B_SPLINE_CURVE_WITH_KNOTS('',3,(#8072,#8073,#8074,#8075),
 .UNSPECIFIED.,.F.,.F.,(4,4),(-1.,0.),.UNSPECIFIED.);
#44=B_SPLINE_CURVE_WITH_KNOTS('',3,(#8077,#8078,#8079,#8080),
 .UNSPECIFIED.,.F.,.F.,(4,4),(0.677788581106896,0.836943514735046),
 .UNSPECIFIED.);
#45=B_SPLINE_CURVE_WITH_KNOTS('',3,(#8082,#8083,#8084,#8085,#8086,#8087,
#8088),.UNSPECIFIED.,.F.,.F.,(4,3,4),(0.,0.136711869499156,0.243974725321539),
 .UNSPECIFIED.);
#46=B_SPLINE_CURVE_WITH_KNOTS('',3,(#8090,#8091,#8092,#8093),
 .UNSPECIFIED.,.F.,.F.,(4,4),(0.200006291236381,0.255105562848099),
 .UNSPECIFIED.);
#47=B_SPLINE_CURVE_WITH_KNOTS('',3,(#8094,#8095,#8096,#8097),
 .UNSPECIFIED.,.F.,.F.,(4,4),(-0.711299907757176,-0.677788581106896),
 .UNSPECIFIED.);
#48=B_SPLINE_CURVE_WITH_KNOTS('',3,(#8115,#8116,#8117,#8118),
 .UNSPECIFIED.,.F.,.F.,(4,4),(-0.677788581106896,-0.0598684343492634),
 .UNSPECIFIED.);
#49=B_SPLINE_CURVE_WITH_KNOTS('',3,(#8120,#8121,#8122,#8123,#8124,#8125),
 .UNSPECIFIED.,.F.,.F.,(4,2,4),(0.,0.137923939963553,0.276088551877467),
 .UNSPECIFIED.);
#50=B_SPLINE_CURVE_WITH_KNOTS('',3,(#8126,#8127,#8128,#8129),
 .UNSPECIFIED.,.F.,.F.,(4,4),(0.125349413001402,0.677788581106896),
 .UNSPECIFIED.);
#51=B_SPLINE_CURVE_WITH_KNOTS('',3,(#8132,#8133,#8134,#8135),
 .UNSPECIFIED.,.F.,.F.,(4,4),(-1.73477307142443,-1.57992818402609),
 .UNSPECIFIED.);
#52=B_SPLINE_CURVE_WITH_KNOTS('',3,(#8154,#8155,#8156,#8157,#8158,#8159,
#8160),.UNSPECIFIED.,.F.,.F.,(4,3,4),(0.0288541799844678,0.150396007963599,
0.305517413417918),.UNSPECIFIED.);
#53=B_SPLINE_CURVE_WITH_KNOTS('',3,(#8162,#8163,#8164,#8165),
 .UNSPECIFIED.,.F.,.F.,(4,4),(1.51179802306428,1.67858739484573),
 .UNSPECIFIED.);
#54=B_SPLINE_CURVE_WITH_KNOTS('',3,(#8166,#8167,#8168,#8169,#8170,#8171,
#8172),.UNSPECIFIED.,.F.,.F.,(4,3,4),(0.,0.143481410051982,0.291025701747678),
 .UNSPECIFIED.);
#55=B_SPLINE_CURVE_WITH_KNOTS('',3,(#8385,#8386,#8387,#8388,#8389,#8390,
#8391,#8392,#8393,#8394,#8395,#8396,#8397,#8398),.UNSPECIFIED.,.F.,.F.,
(4,2,2,2,2,2,4),(1.9688332608297,2.06087141076763,2.15290956070556,2.23585821178465,
2.31880686286373,2.39438852238191,2.46892991133723),.UNSPECIFIED.);
#56=B_SPLINE_CURVE_WITH_KNOTS('',3,(#8400,#8401,#8402,#8403,#8404,#8405),
 .UNSPECIFIED.,.F.,.F.,(4,2,4),(4.40781068380753,4.58951037327466,4.62979056717445),
 .UNSPECIFIED.);
#57=B_SPLINE_CURVE_WITH_KNOTS('',3,(#8409,#8410,#8411,#8412,#8413,#8414,
#8415,#8416,#8417,#8418,#8419,#8420,#8421,#8422,#8423,#8424,#8425,#8426),
 .UNSPECIFIED.,.F.,.F.,(4,2,2,2,2,2,2,2,4),(1.9688332608297,2.06087141076763,
2.15290956070556,2.23585821178465,2.31880686286373,2.39438852238191,2.46997018190008,
2.54066861373037,2.61136704556066),.UNSPECIFIED.);
#58=B_SPLINE_CURVE_WITH_KNOTS('',3,(#8430,#8431,#8432,#8433,#8434,#8435),
 .UNSPECIFIED.,.F.,.F.,(4,2,4),(1.21535519481095,1.54011266186466,1.79980401848335),
 .UNSPECIFIED.);
#59=B_SPLINE_CURVE_WITH_KNOTS('',3,(#8442,#8443,#8444,#8445,#8446,#8447,
#8448,#8449,#8450,#8451,#8452,#8453,#8454,#8455,#8456,#8457,#8458,#8459,
#8460),.UNSPECIFIED.,.F.,.F.,(4,3,3,3,3,3,4),(-0.328414532848856,-0.25948366316076,
-0.193996083101175,-0.131806441309249,-0.121464608452089,-0.0602438523198883,
0.),.UNSPECIFIED.);
#60=B_SPLINE_CURVE_WITH_KNOTS('',3,(#8462,#8463,#8464,#8465,#8466,#8467,
#8468,#8469),.UNSPECIFIED.,.F.,.F.,(4,2,2,4),(1.42844135956618,1.54826874940099,
1.76097957931911,2.03690548051905),.UNSPECIFIED.);
#61=B_SPLINE_CURVE_WITH_KNOTS('',3,(#8533,#8534,#8535,#8536),
 .UNSPECIFIED.,.F.,.F.,(4,4),(60.9551632672052,61.3163703840611),
 .UNSPECIFIED.);
#62=B_SPLINE_CURVE_WITH_KNOTS('',3,(#8538,#8539,#8540,#8541),
 .UNSPECIFIED.,.F.,.F.,(4,4),(-1.,-0.700428977530993),.UNSPECIFIED.);
#63=B_SPLINE_CURVE_WITH_KNOTS('',3,(#8543,#8544,#8545,#8546,#8547,#8548,
#8549),.UNSPECIFIED.,.F.,.F.,(4,3,4),(0.064453128368662,0.106476512300325,
0.211002450779229),.UNSPECIFIED.);
#64=B_SPLINE_CURVE_WITH_KNOTS('',3,(#8551,#8552,#8553,#8554),
 .UNSPECIFIED.,.F.,.F.,(4,4),(61.3203894237769,61.3715519182605),
 .UNSPECIFIED.);
#65=B_SPLINE_CURVE_WITH_KNOTS('',3,(#8555,#8556,#8557,#8558),
 .UNSPECIFIED.,.F.,.F.,(4,4),(-62.4225459870248,-61.3715519182605),
 .UNSPECIFIED.);
#66=B_SPLINE_CURVE_WITH_KNOTS('',3,(#8622,#8623,#8624,#8625),
 .UNSPECIFIED.,.F.,.F.,(4,4),(0.,0.064453128368662),.UNSPECIFIED.);
#67=B_SPLINE_CURVE_WITH_KNOTS('',3,(#8642,#8643,#8644,#8645),
 .UNSPECIFIED.,.F.,.F.,(4,4),(60.7921608650761,60.9551632672052),
 .UNSPECIFIED.);
#68=B_SPLINE_CURVE_WITH_KNOTS('',3,(#8665,#8666,#8667,#8668,#8669,#8670,
#8671,#8672,#8673,#8674,#8675,#8676),.UNSPECIFIED.,.F.,.F.,(4,2,2,2,2,4),
(0.385726302492052,0.541383813944031,0.684628034253878,0.781619789979885,
0.812414803612997,0.838107538540188),.UNSPECIFIED.);
#69=B_SPLINE_CURVE_WITH_KNOTS('',3,(#8678,#8679,#8680,#8681,#8682,#8683,
#8684,#8685,#8686,#8687),.UNSPECIFIED.,.F.,.F.,(4,2,2,2,4),(0.60634377749683,
0.679106481825622,0.754095623750074,0.831458611824874,0.910272278162023),
 .UNSPECIFIED.);
#70=B_SPLINE_CURVE_WITH_KNOTS('',3,(#8697,#8698,#8699,#8700,#8701,#8702,
#8703,#8704,#8705,#8706),.UNSPECIFIED.,.F.,.F.,(4,2,2,2,4),(0.302415276831638,
0.381228943168786,0.458591931243587,0.533581073168038,0.60634377749683),
 .UNSPECIFIED.);
#71=B_SPLINE_CURVE_WITH_KNOTS('',3,(#8708,#8709,#8710,#8711,#8712,#8713,
#8714,#8715,#8716,#8717,#8718,#8719),.UNSPECIFIED.,.F.,.F.,(4,2,2,2,2,4),
(0.838107538540188,0.863800273467379,0.89459528710049,0.991587042826498,
1.13483126313634,1.29048877458832),.UNSPECIFIED.);
#72=B_SPLINE_CURVE_WITH_KNOTS('',3,(#8811,#8812,#8813,#8814,#8815,#8816,
#8817,#8818,#8819,#8820,#8821,#8822,#8823,#8824),.UNSPECIFIED.,.F.,.F.,
(4,2,2,2,2,2,4),(1.9688332608297,2.06087141076763,2.15290956070556,2.23585821178465,
2.31880686286373,2.39438852238191,2.46892991133723),.UNSPECIFIED.);
#73=B_SPLINE_CURVE_WITH_KNOTS('',3,(#8828,#8829,#8830,#8831,#8832,#8833,
#8834,#8835,#8836,#8837,#8838,#8839,#8840,#8841,#8842,#8843,#8844,#8845),
 .UNSPECIFIED.,.F.,.F.,(4,2,2,2,2,2,2,2,4),(1.9688332608297,2.06087141076763,
2.15290956070556,2.23585821178465,2.31880686286373,2.39438852238191,2.46997018190008,
2.54066861373037,2.61136704556066),.UNSPECIFIED.);
#74=B_SPLINE_CURVE_WITH_KNOTS('',3,(#8848,#8849,#8850,#8851,#8852,#8853),
 .UNSPECIFIED.,.F.,.F.,(4,2,4),(4.40781068380753,4.58951037327466,4.62979056717445),
 .UNSPECIFIED.);
#75=B_SPLINE_CURVE_WITH_KNOTS('',3,(#8859,#8860,#8861,#8862,#8863,#8864),
 .UNSPECIFIED.,.F.,.F.,(4,2,4),(1.21535519481095,1.54011266186466,1.79980401848335),
 .UNSPECIFIED.);
#76=B_SPLINE_CURVE_WITH_KNOTS('',3,(#8882,#8883,#8884,#8885),
 .UNSPECIFIED.,.F.,.F.,(4,4),(60.9551632672052,61.3163703840611),
 .UNSPECIFIED.);
#77=B_SPLINE_CURVE_WITH_KNOTS('',3,(#8887,#8888,#8889,#8890),
 .UNSPECIFIED.,.F.,.F.,(4,4),(60.7921608650761,60.9551632672052),
 .UNSPECIFIED.);
#78=B_SPLINE_CURVE_WITH_KNOTS('',3,(#8898,#8899,#8900,#8901,#8902,#8903,
#8904,#8905,#8906,#8907,#8908,#8909,#8910,#8911,#8912,#8913,#8914,#8915,
#8916),.UNSPECIFIED.,.F.,.F.,(4,3,3,3,3,3,4),(-0.328414532848856,-0.25948366316076,
-0.193996083101175,-0.131806441309249,-0.121464608452089,-0.0602438523198883,
0.),.UNSPECIFIED.);
#79=B_SPLINE_CURVE_WITH_KNOTS('',3,(#8921,#8922,#8923,#8924,#8925,#8926,
#8927,#8928),.UNSPECIFIED.,.F.,.F.,(4,2,2,4),(1.42844135956618,1.54826874940099,
1.76097957931911,2.03690548051905),.UNSPECIFIED.);
#80=B_SPLINE_CURVE_WITH_KNOTS('',3,(#9000,#9001,#9002,#9003),
 .UNSPECIFIED.,.F.,.F.,(4,4),(-62.4225459870248,-61.3715519182605),
 .UNSPECIFIED.);
#81=B_SPLINE_CURVE_WITH_KNOTS('',3,(#9005,#9006,#9007,#9008),
 .UNSPECIFIED.,.F.,.F.,(4,4),(61.3203894237769,61.3715519182605),
 .UNSPECIFIED.);
#82=B_SPLINE_CURVE_WITH_KNOTS('',3,(#9010,#9011,#9012,#9013,#9014,#9015,
#9016),.UNSPECIFIED.,.F.,.F.,(4,3,4),(0.064453128368662,0.106476512300325,
0.211002450779229),.UNSPECIFIED.);
#83=B_SPLINE_CURVE_WITH_KNOTS('',3,(#9017,#9018,#9019,#9020),
 .UNSPECIFIED.,.F.,.F.,(4,4),(-1.,-0.700428977530993),.UNSPECIFIED.);
#84=B_SPLINE_CURVE_WITH_KNOTS('',3,(#9065,#9066,#9067,#9068),
 .UNSPECIFIED.,.F.,.F.,(4,4),(0.,0.064453128368662),.UNSPECIFIED.);
#85=B_SPLINE_CURVE_WITH_KNOTS('',3,(#9109,#9110,#9111,#9112,#9113,#9114,
#9115,#9116,#9117,#9118,#9119,#9120),.UNSPECIFIED.,.F.,.F.,(4,2,2,2,2,4),
(0.385726302492052,0.541383813944031,0.684628034253878,0.781619789979885,
0.812414803612997,0.838107538540188),.UNSPECIFIED.);
#86=B_SPLINE_CURVE_WITH_KNOTS('',3,(#9123,#9124,#9125,#9126,#9127,#9128,
#9129,#9130,#9131,#9132),.UNSPECIFIED.,.F.,.F.,(4,2,2,2,4),(0.60634377749683,
0.679106481825622,0.754095623750074,0.831458611824874,0.910272278162023),
 .UNSPECIFIED.);
#87=B_SPLINE_CURVE_WITH_KNOTS('',3,(#9141,#9142,#9143,#9144,#9145,#9146,
#9147,#9148,#9149,#9150),.UNSPECIFIED.,.F.,.F.,(4,2,2,2,4),(0.302415276831638,
0.381228943168786,0.458591931243587,0.533581073168038,0.60634377749683),
 .UNSPECIFIED.);
#88=B_SPLINE_CURVE_WITH_KNOTS('',3,(#9153,#9154,#9155,#9156,#9157,#9158,
#9159,#9160,#9161,#9162,#9163,#9164),.UNSPECIFIED.,.F.,.F.,(4,2,2,2,2,4),
(0.838107538540188,0.863800273467379,0.89459528710049,0.991587042826498,
1.13483126313634,1.29048877458832),.UNSPECIFIED.);
#89=B_SPLINE_SURFACE_WITH_KNOTS('',3,3,((#7767,#7768,#7769,#7770),(#7771,
#7772,#7773,#7774),(#7775,#7776,#7777,#7778),(#7779,#7780,#7781,#7782)),
 .UNSPECIFIED.,.F.,.F.,.F.,(4,4),(4,4),(0.,1.),(0.677788581106896,0.836943514735046),
 .UNSPECIFIED.);
#90=B_SPLINE_SURFACE_WITH_KNOTS('',3,3,((#7811,#7812,#7813,#7814),(#7815,
#7816,#7817,#7818),(#7819,#7820,#7821,#7822),(#7823,#7824,#7825,#7826)),
 .UNSPECIFIED.,.F.,.F.,.F.,(4,4),(4,4),(0.,1.),(0.059868434054196,0.677788581106896),
 .UNSPECIFIED.);
#91=B_SPLINE_SURFACE_WITH_KNOTS('',3,3,((#7850,#7851,#7852,#7853),(#7854,
#7855,#7856,#7857),(#7858,#7859,#7860,#7861),(#7862,#7863,#7864,#7865)),
 .UNSPECIFIED.,.F.,.F.,.F.,(4,4),(4,4),(0.,1.),(1.51179802306428,1.73477307142443),
 .UNSPECIFIED.);
#92=B_SPLINE_SURFACE_WITH_KNOTS('',3,3,((#8054,#8055,#8056,#8057),(#8058,
#8059,#8060,#8061),(#8062,#8063,#8064,#8065),(#8066,#8067,#8068,#8069)),
 .UNSPECIFIED.,.F.,.F.,.F.,(4,4),(4,4),(0.,1.),(0.677788581106896,0.836943514735046),
 .UNSPECIFIED.);
#93=B_SPLINE_SURFACE_WITH_KNOTS('',3,3,((#8098,#8099,#8100,#8101),(#8102,
#8103,#8104,#8105),(#8106,#8107,#8108,#8109),(#8110,#8111,#8112,#8113)),
 .UNSPECIFIED.,.F.,.F.,.F.,(4,4),(4,4),(0.,1.),(0.059868434054196,0.677788581106896),
 .UNSPECIFIED.);
#94=B_SPLINE_SURFACE_WITH_KNOTS('',3,3,((#8137,#8138,#8139,#8140),(#8141,
#8142,#8143,#8144),(#8145,#8146,#8147,#8148),(#8149,#8150,#8151,#8152)),
 .UNSPECIFIED.,.F.,.F.,.F.,(4,4),(4,4),(0.,1.),(1.51179802306428,1.73477307142443),
 .UNSPECIFIED.);
#95=B_SPLINE_SURFACE_WITH_KNOTS('',3,3,((#8516,#8517,#8518,#8519),(#8520,
#8521,#8522,#8523),(#8524,#8525,#8526,#8527),(#8528,#8529,#8530,#8531)),
 .UNSPECIFIED.,.F.,.F.,.F.,(4,4),(4,4),(0.,1.),(60.9551632672052,62.4225459870248),
 .UNSPECIFIED.);
#96=B_SPLINE_SURFACE_WITH_KNOTS('',3,3,((#8626,#8627,#8628,#8629),(#8630,
#8631,#8632,#8633),(#8634,#8635,#8636,#8637),(#8638,#8639,#8640,#8641)),
 .UNSPECIFIED.,.F.,.F.,.F.,(4,4),(4,4),(0.700428977509947,1.),(60.7921608650761,
60.9551632672052),.UNSPECIFIED.);
#97=B_SPLINE_SURFACE_WITH_KNOTS('',3,3,((#8983,#8984,#8985,#8986),(#8987,
#8988,#8989,#8990),(#8991,#8992,#8993,#8994),(#8995,#8996,#8997,#8998)),
 .UNSPECIFIED.,.F.,.F.,.F.,(4,4),(4,4),(0.,1.),(60.9551632672052,62.4225459870248),
 .UNSPECIFIED.);
#98=B_SPLINE_SURFACE_WITH_KNOTS('',3,3,((#9074,#9075,#9076,#9077),(#9078,
#9079,#9080,#9081),(#9082,#9083,#9084,#9085),(#9086,#9087,#9088,#9089)),
 .UNSPECIFIED.,.F.,.F.,.F.,(4,4),(4,4),(0.700428977509947,1.),(60.7921608650761,
60.9551632672052),.UNSPECIFIED.);
#99=STYLED_ITEM('',(#9270),#102);
#100=STYLED_ITEM('',(#9269),#103);
#101=STYLED_ITEM('',(#9271),#104);
#102=MANIFOLD_SOLID_BREP('box',#4971);
#103=MANIFOLD_SOLID_BREP('lid',#4972);
#104=MANIFOLD_SOLID_BREP('handle',#4973);
#105=(
BOUNDED_SURFACE()
B_SPLINE_SURFACE(2,2,((#7339,#7340,#7341),(#7342,#7343,#7344),(#7345,#7346,
#7347)),.UNSPECIFIED.,.F.,.F.,.F.)
B_SPLINE_SURFACE_WITH_KNOTS((3,3),(3,3),(-0.872664625997164,-4.83921179854181E-16),
(-1.5707963267949,6.50562042994718E-17),.UNSPECIFIED.)
GEOMETRIC_REPRESENTATION_ITEM()
RATIONAL_B_SPLINE_SURFACE(((1.,0.707106781186547,1.),(0.906307787036645,
0.640856382055785,0.906307787036645),(1.,0.707106781186547,1.)))
REPRESENTATION_ITEM('')
SURFACE()
);
#106=(
BOUNDED_SURFACE()
B_SPLINE_SURFACE(2,2,((#7359,#7360,#7361),(#7362,#7363,#7364),(#7365,#7366,
#7367)),.UNSPECIFIED.,.F.,.F.,.F.)
B_SPLINE_SURFACE_WITH_KNOTS((3,3),(3,3),(-1.0471975511966,2.6839918439648E-16),
(-1.5707963267949,6.68622583330414E-17),.UNSPECIFIED.)
GEOMETRIC_REPRESENTATION_ITEM()
RATIONAL_B_SPLINE_SURFACE(((1.,0.707106781186547,1.),(0.866025403784443,
0.612372435695797,0.866025403784443),(1.,0.707106781186547,1.)))
REPRESENTATION_ITEM('')
SURFACE()
);
#107=(
BOUNDED_SURFACE()
B_SPLINE_SURFACE(2,2,((#7407,#7408,#7409),(#7410,#7411,#7412),(#7413,#7414,
#7415)),.UNSPECIFIED.,.F.,.F.,.F.)
B_SPLINE_SURFACE_WITH_KNOTS((3,3),(3,3),(-0.872664625997165,-4.83921179854181E-16),
(-1.5707963267949,1.91193217105207E-18),.UNSPECIFIED.)
GEOMETRIC_REPRESENTATION_ITEM()
RATIONAL_B_SPLINE_SURFACE(((1.,0.707106781186548,1.),(0.906307787036644,
0.640856382055785,0.906307787036644),(1.,0.707106781186548,1.)))
REPRESENTATION_ITEM('')
SURFACE()
);
#108=(
BOUNDED_SURFACE()
B_SPLINE_SURFACE(2,2,((#7423,#7424,#7425),(#7426,#7427,#7428),(#7429,#7430,
#7431)),.UNSPECIFIED.,.F.,.F.,.F.)
B_SPLINE_SURFACE_WITH_KNOTS((3,3),(3,3),(-1.0471975511966,2.6839918439648E-16),
(-1.5707963267949,2.81495918783688E-18),.UNSPECIFIED.)
GEOMETRIC_REPRESENTATION_ITEM()
RATIONAL_B_SPLINE_SURFACE(((1.,0.707106781186548,1.),(0.866025403784432,
0.61237243569579,0.866025403784432),(1.,0.707106781186548,1.)))
REPRESENTATION_ITEM('')
SURFACE()
);
#109=(
BOUNDED_SURFACE()
B_SPLINE_SURFACE(2,2,((#7662,#7663,#7664),(#7665,#7666,#7667),(#7668,#7669,
#7670)),.UNSPECIFIED.,.F.,.F.,.F.)
B_SPLINE_SURFACE_WITH_KNOTS((3,3),(3,3),(-0.872664625997164,-4.83921179854181E-16),
(-1.5707963267949,6.50562042994718E-17),.UNSPECIFIED.)
GEOMETRIC_REPRESENTATION_ITEM()
RATIONAL_B_SPLINE_SURFACE(((1.,0.707106781186547,1.),(0.906307787036645,
0.640856382055785,0.906307787036645),(1.,0.707106781186547,1.)))
REPRESENTATION_ITEM('')
SURFACE()
);
#110=(
BOUNDED_SURFACE()
B_SPLINE_SURFACE(2,2,((#7678,#7679,#7680),(#7681,#7682,#7683),(#7684,#7685,
#7686)),.UNSPECIFIED.,.F.,.F.,.F.)
B_SPLINE_SURFACE_WITH_KNOTS((3,3),(3,3),(-1.0471975511966,2.6839918439648E-16),
(-1.5707963267949,6.68622583330414E-17),.UNSPECIFIED.)
GEOMETRIC_REPRESENTATION_ITEM()
RATIONAL_B_SPLINE_SURFACE(((1.,0.707106781186547,1.),(0.866025403784443,
0.612372435695797,0.866025403784443),(1.,0.707106781186547,1.)))
REPRESENTATION_ITEM('')
SURFACE()
);
#111=(
BOUNDED_SURFACE()
B_SPLINE_SURFACE(2,2,((#7722,#7723,#7724),(#7725,#7726,#7727),(#7728,#7729,
#7730)),.UNSPECIFIED.,.F.,.F.,.F.)
B_SPLINE_SURFACE_WITH_KNOTS((3,3),(3,3),(-0.872664625997165,-4.83921179854181E-16),
(-1.5707963267949,1.91193217105207E-18),.UNSPECIFIED.)
GEOMETRIC_REPRESENTATION_ITEM()
RATIONAL_B_SPLINE_SURFACE(((1.,0.707106781186548,1.),(0.906307787036644,
0.640856382055785,0.906307787036644),(1.,0.707106781186548,1.)))
REPRESENTATION_ITEM('')
SURFACE()
);
#112=(
BOUNDED_SURFACE()
B_SPLINE_SURFACE(2,2,((#7738,#7739,#7740),(#7741,#7742,#7743),(#7744,#7745,
#7746)),.UNSPECIFIED.,.F.,.F.,.F.)
B_SPLINE_SURFACE_WITH_KNOTS((3,3),(3,3),(-1.0471975511966,2.6839918439648E-16),
(-1.5707963267949,2.81495918783688E-18),.UNSPECIFIED.)
GEOMETRIC_REPRESENTATION_ITEM()
RATIONAL_B_SPLINE_SURFACE(((1.,0.707106781186548,1.),(0.866025403784432,
0.61237243569579,0.866025403784432),(1.,0.707106781186548,1.)))
REPRESENTATION_ITEM('')
SURFACE()
);
#113=ELLIPSE('',#5006,1.97989898732234,1.4);
#114=ELLIPSE('',#5117,1.97989898732234,1.4);
#115=ELLIPSE('',#5241,33.9411254969543,24.);
#116=ELLIPSE('',#5247,1.97989898732234,1.4);
#117=ELLIPSE('',#5323,33.9411254969543,24.);
#118=ELLIPSE('',#5330,1.97989898732234,1.4);
#119=ELLIPSE('',#5443,8.28220944328067,8.00000000000001);
#120=ELLIPSE('',#5466,26.6092089322475,23.8);
#121=ELLIPSE('',#5467,48.234218043055,37.362064639618);
#122=ELLIPSE('',#5539,8.28220944328067,8.00000000000001);
#123=ELLIPSE('',#5561,48.234218043055,37.362064639618);
#124=ELLIPSE('',#5562,26.6092089322475,23.8);
#125=TOROIDAL_SURFACE('',#5000,7.4,1.4);
#126=TOROIDAL_SURFACE('',#5007,38.6000000000002,1.4);
#127=TOROIDAL_SURFACE('',#5014,38.6000000000001,1.4);
#128=TOROIDAL_SURFACE('',#5023,21.4000000000001,1.4);
#129=TOROIDAL_SURFACE('',#5030,21.4,1.4);
#130=TOROIDAL_SURFACE('',#5034,5.,1.);
#131=TOROIDAL_SURFACE('',#5041,32.0000000000001,2.);
#132=TOROIDAL_SURFACE('',#5048,32.0000000000001,2.);
#133=TOROIDAL_SURFACE('',#5052,28.0000000000001,2.);
#134=TOROIDAL_SURFACE('',#5059,28.0000000000001,2.);
#135=TOROIDAL_SURFACE('',#5112,7.4,1.4);
#136=TOROIDAL_SURFACE('',#5120,38.6000000000002,1.4);
#137=TOROIDAL_SURFACE('',#5126,38.6000000000001,1.4);
#138=TOROIDAL_SURFACE('',#5139,21.4000000000001,1.4);
#139=TOROIDAL_SURFACE('',#5145,21.4,1.4);
#140=TOROIDAL_SURFACE('',#5155,5.,1.);
#141=TOROIDAL_SURFACE('',#5164,32.0000000000001,2.);
#142=TOROIDAL_SURFACE('',#5170,32.0000000000001,2.);
#143=TOROIDAL_SURFACE('',#5178,28.0000000000001,2.);
#144=TOROIDAL_SURFACE('',#5183,28.0000000000001,2.);
#145=TOROIDAL_SURFACE('',#5249,38.6000000000002,1.4);
#146=TOROIDAL_SURFACE('',#5256,38.6000000000001,1.4);
#147=TOROIDAL_SURFACE('',#5261,7.4,1.4);
#148=TOROIDAL_SURFACE('',#5271,5.,1.);
#149=TOROIDAL_SURFACE('',#5274,32.4000000000001,2.);
#150=TOROIDAL_SURFACE('',#5281,32.4000000000001,2.);
#151=TOROIDAL_SURFACE('',#5290,28.4000000000001,2.);
#152=TOROIDAL_SURFACE('',#5296,28.4000000000001,2.);
#153=TOROIDAL_SURFACE('',#5301,28.0000000000001,12.);
#154=TOROIDAL_SURFACE('',#5313,28.0000000000001,12.);
#155=TOROIDAL_SURFACE('',#5333,38.6000000000002,1.4);
#156=TOROIDAL_SURFACE('',#5339,38.6000000000001,1.4);
#157=TOROIDAL_SURFACE('',#5344,7.4,1.4);
#158=TOROIDAL_SURFACE('',#5359,5.,1.);
#159=TOROIDAL_SURFACE('',#5366,32.4000000000001,2.);
#160=TOROIDAL_SURFACE('',#5371,32.4000000000001,2.);
#161=TOROIDAL_SURFACE('',#5384,28.4000000000001,2.);
#162=TOROIDAL_SURFACE('',#5389,28.4000000000001,2.);
#163=TOROIDAL_SURFACE('',#5400,28.0000000000001,12.);
#164=TOROIDAL_SURFACE('',#5411,28.0000000000001,12.);
#165=TOROIDAL_SURFACE('',#5420,27.5,4.);
#166=TOROIDAL_SURFACE('',#5427,38.,8.);
#167=TOROIDAL_SURFACE('',#5431,38.,8.);
#168=TOROIDAL_SURFACE('',#5447,34.,8.);
#169=TOROIDAL_SURFACE('',#5451,8.41018772329562,8.);
#170=TOROIDAL_SURFACE('',#5457,34.,8.);
#171=TOROIDAL_SURFACE('',#5477,17.,2.);
#172=TOROIDAL_SURFACE('',#5481,17.,2.);
#173=TOROIDAL_SURFACE('',#5508,27.5,4.);
#174=TOROIDAL_SURFACE('',#5518,38.,8.);
#175=TOROIDAL_SURFACE('',#5525,38.,8.);
#176=TOROIDAL_SURFACE('',#5542,34.,8.);
#177=TOROIDAL_SURFACE('',#5545,8.41018772329562,8.);
#178=TOROIDAL_SURFACE('',#5552,34.,8.);
#179=TOROIDAL_SURFACE('',#5573,17.,2.);
#180=TOROIDAL_SURFACE('',#5577,17.,2.);
#181=FACE_BOUND('',#717,.T.);
#182=FACE_BOUND('',#764,.T.);
#183=FACE_BOUND('',#783,.T.);
#184=FACE_BOUND('',#794,.T.);
#185=FACE_BOUND('',#866,.T.);
#186=FACE_BOUND('',#892,.T.);
#187=FACE_BOUND('',#920,.T.);
#188=FACE_BOUND('',#937,.T.);
#189=FACE_BOUND('',#938,.T.);
#190=FACE_BOUND('',#988,.T.);
#191=FACE_BOUND('',#989,.T.);
#192=PLANE('',#4994);
#193=PLANE('',#4999);
#194=PLANE('',#5064);
#195=PLANE('',#5078);
#196=PLANE('',#5081);
#197=PLANE('',#5082);
#198=PLANE('',#5085);
#199=PLANE('',#5104);
#200=PLANE('',#5109);
#201=PLANE('',#5131);
#202=PLANE('',#5136);
#203=PLANE('',#5150);
#204=PLANE('',#5161);
#205=PLANE('',#5175);
#206=PLANE('',#5188);
#207=PLANE('',#5189);
#208=PLANE('',#5190);
#209=PLANE('',#5193);
#210=PLANE('',#5194);
#211=PLANE('',#5197);
#212=PLANE('',#5209);
#213=PLANE('',#5212);
#214=PLANE('',#5213);
#215=PLANE('',#5216);
#216=PLANE('',#5228);
#217=PLANE('',#5229);
#218=PLANE('',#5231);
#219=PLANE('',#5232);
#220=PLANE('',#5234);
#221=PLANE('',#5235);
#222=PLANE('',#5236);
#223=PLANE('',#5237);
#224=PLANE('',#5240);
#225=PLANE('',#5267);
#226=PLANE('',#5287);
#227=PLANE('',#5307);
#228=PLANE('',#5310);
#229=PLANE('',#5318);
#230=PLANE('',#5319);
#231=PLANE('',#5322);
#232=PLANE('',#5349);
#233=PLANE('',#5352);
#234=PLANE('',#5353);
#235=PLANE('',#5363);
#236=PLANE('',#5375);
#237=PLANE('',#5378);
#238=PLANE('',#5381);
#239=PLANE('',#5393);
#240=PLANE('',#5394);
#241=PLANE('',#5397);
#242=PLANE('',#5405);
#243=PLANE('',#5408);
#244=PLANE('',#5416);
#245=PLANE('',#5417);
#246=PLANE('',#5419);
#247=PLANE('',#5437);
#248=PLANE('',#5463);
#249=PLANE('',#5464);
#250=PLANE('',#5465);
#251=PLANE('',#5470);
#252=PLANE('',#5473);
#253=PLANE('',#5475);
#254=PLANE('',#5485);
#255=PLANE('',#5489);
#256=PLANE('',#5490);
#257=PLANE('',#5494);
#258=PLANE('',#5496);
#259=PLANE('',#5502);
#260=PLANE('',#5505);
#261=PLANE('',#5506);
#262=PLANE('',#5507);
#263=PLANE('',#5513);
#264=PLANE('',#5522);
#265=PLANE('',#5530);
#266=PLANE('',#5535);
#267=PLANE('',#5558);
#268=PLANE('',#5559);
#269=PLANE('',#5560);
#270=PLANE('',#5565);
#271=PLANE('',#5568);
#272=PLANE('',#5570);
#273=PLANE('',#5572);
#274=PLANE('',#5581);
#275=PLANE('',#5585);
#276=PLANE('',#5586);
#277=PLANE('',#5590);
#278=PLANE('',#5592);
#279=PLANE('',#5598);
#280=PLANE('',#5601);
#281=PLANE('',#5602);
#282=PLANE('',#5603);
#283=CYLINDRICAL_SURFACE('',#4990,16.3);
#284=CYLINDRICAL_SURFACE('',#4998,15.3);
#285=CYLINDRICAL_SURFACE('',#5005,1.4);
#286=CYLINDRICAL_SURFACE('',#5012,1.4);
#287=CYLINDRICAL_SURFACE('',#5018,1.4);
#288=CYLINDRICAL_SURFACE('',#5019,40.0000000000001);
#289=CYLINDRICAL_SURFACE('',#5021,40.0000000000001);
#290=CYLINDRICAL_SURFACE('',#5028,1.4);
#291=CYLINDRICAL_SURFACE('',#5039,1.);
#292=CYLINDRICAL_SURFACE('',#5046,2.);
#293=CYLINDRICAL_SURFACE('',#5057,2.);
#294=CYLINDRICAL_SURFACE('',#5063,6.);
#295=CYLINDRICAL_SURFACE('',#5070,30.0000000000001);
#296=CYLINDRICAL_SURFACE('',#5071,20.);
#297=CYLINDRICAL_SURFACE('',#5079,19.9999999999999);
#298=CYLINDRICAL_SURFACE('',#5083,10.);
#299=CYLINDRICAL_SURFACE('',#5090,30.0000000000001);
#300=CYLINDRICAL_SURFACE('',#5091,20.0000000000001);
#301=CYLINDRICAL_SURFACE('',#5100,16.3);
#302=CYLINDRICAL_SURFACE('',#5108,15.3);
#303=CYLINDRICAL_SURFACE('',#5110,1.4);
#304=CYLINDRICAL_SURFACE('',#5116,1.4);
#305=CYLINDRICAL_SURFACE('',#5118,1.4);
#306=CYLINDRICAL_SURFACE('',#5124,1.4);
#307=CYLINDRICAL_SURFACE('',#5130,1.4);
#308=CYLINDRICAL_SURFACE('',#5132,40.0000000000001);
#309=CYLINDRICAL_SURFACE('',#5134,40.0000000000001);
#310=CYLINDRICAL_SURFACE('',#5137,1.4);
#311=CYLINDRICAL_SURFACE('',#5143,1.4);
#312=CYLINDRICAL_SURFACE('',#5149,1.4);
#313=CYLINDRICAL_SURFACE('',#5153,1.);
#314=CYLINDRICAL_SURFACE('',#5159,1.);
#315=CYLINDRICAL_SURFACE('',#5162,2.);
#316=CYLINDRICAL_SURFACE('',#5168,2.);
#317=CYLINDRICAL_SURFACE('',#5174,2.);
#318=CYLINDRICAL_SURFACE('',#5176,2.);
#319=CYLINDRICAL_SURFACE('',#5181,2.);
#320=CYLINDRICAL_SURFACE('',#5186,2.);
#321=CYLINDRICAL_SURFACE('',#5187,6.);
#322=CYLINDRICAL_SURFACE('',#5191,19.9999999999999);
#323=CYLINDRICAL_SURFACE('',#5195,10.);
#324=CYLINDRICAL_SURFACE('',#5202,30.0000000000001);
#325=CYLINDRICAL_SURFACE('',#5203,20.);
#326=CYLINDRICAL_SURFACE('',#5210,19.9999999999999);
#327=CYLINDRICAL_SURFACE('',#5214,10.);
#328=CYLINDRICAL_SURFACE('',#5221,30.0000000000001);
#329=CYLINDRICAL_SURFACE('',#5222,20.0000000000001);
#330=CYLINDRICAL_SURFACE('',#5230,19.9999999999999);
#331=CYLINDRICAL_SURFACE('',#5233,10.);
#332=CYLINDRICAL_SURFACE('',#5244,24.);
#333=CYLINDRICAL_SURFACE('',#5246,1.4);
#334=CYLINDRICAL_SURFACE('',#5254,1.4);
#335=CYLINDRICAL_SURFACE('',#5260,1.4);
#336=CYLINDRICAL_SURFACE('',#5265,6.);
#337=CYLINDRICAL_SURFACE('',#5268,1.);
#338=CYLINDRICAL_SURFACE('',#5279,2.);
#339=CYLINDRICAL_SURFACE('',#5285,30.4000000000001);
#340=CYLINDRICAL_SURFACE('',#5288,30.4000000000001);
#341=CYLINDRICAL_SURFACE('',#5294,2.);
#342=CYLINDRICAL_SURFACE('',#5299,40.0000000000001);
#343=CYLINDRICAL_SURFACE('',#5308,12.);
#344=CYLINDRICAL_SURFACE('',#5311,40.0000000000001);
#345=CYLINDRICAL_SURFACE('',#5326,24.);
#346=CYLINDRICAL_SURFACE('',#5328,1.4);
#347=CYLINDRICAL_SURFACE('',#5331,1.4);
#348=CYLINDRICAL_SURFACE('',#5337,1.4);
#349=CYLINDRICAL_SURFACE('',#5343,1.4);
#350=CYLINDRICAL_SURFACE('',#5348,1.4);
#351=CYLINDRICAL_SURFACE('',#5350,6.);
#352=CYLINDRICAL_SURFACE('',#5357,1.);
#353=CYLINDRICAL_SURFACE('',#5362,1.);
#354=CYLINDRICAL_SURFACE('',#5364,2.);
#355=CYLINDRICAL_SURFACE('',#5369,2.);
#356=CYLINDRICAL_SURFACE('',#5374,2.);
#357=CYLINDRICAL_SURFACE('',#5376,30.4000000000001);
#358=CYLINDRICAL_SURFACE('',#5379,30.4000000000001);
#359=CYLINDRICAL_SURFACE('',#5382,2.);
#360=CYLINDRICAL_SURFACE('',#5387,2.);
#361=CYLINDRICAL_SURFACE('',#5392,2.);
#362=CYLINDRICAL_SURFACE('',#5395,12.);
#363=CYLINDRICAL_SURFACE('',#5398,40.0000000000001);
#364=CYLINDRICAL_SURFACE('',#5406,12.);
#365=CYLINDRICAL_SURFACE('',#5409,40.0000000000001);
#366=CYLINDRICAL_SURFACE('',#5418,12.);
#367=CYLINDRICAL_SURFACE('',#5423,31.5);
#368=CYLINDRICAL_SURFACE('',#5425,8.);
#369=CYLINDRICAL_SURFACE('',#5436,8.);
#370=CYLINDRICAL_SURFACE('',#5442,8.00000000000001);
#371=CYLINDRICAL_SURFACE('',#5445,8.);
#372=CYLINDRICAL_SURFACE('',#5455,8.);
#373=CYLINDRICAL_SURFACE('',#5461,15.);
#374=CYLINDRICAL_SURFACE('',#5468,23.8);
#375=CYLINDRICAL_SURFACE('',#5474,30.);
#376=CYLINDRICAL_SURFACE('',#5476,42.);
#377=CYLINDRICAL_SURFACE('',#5479,15.);
#378=CYLINDRICAL_SURFACE('',#5483,15.);
#379=CYLINDRICAL_SURFACE('',#5495,15.9);
#380=CYLINDRICAL_SURFACE('',#5500,15.9);
#381=CYLINDRICAL_SURFACE('',#5511,31.5);
#382=CYLINDRICAL_SURFACE('',#5516,8.);
#383=CYLINDRICAL_SURFACE('',#5521,8.);
#384=CYLINDRICAL_SURFACE('',#5523,8.);
#385=CYLINDRICAL_SURFACE('',#5529,8.);
#386=CYLINDRICAL_SURFACE('',#5537,8.00000000000001);
#387=CYLINDRICAL_SURFACE('',#5540,8.);
#388=CYLINDRICAL_SURFACE('',#5549,8.);
#389=CYLINDRICAL_SURFACE('',#5550,8.);
#390=CYLINDRICAL_SURFACE('',#5555,8.);
#391=CYLINDRICAL_SURFACE('',#5556,15.);
#392=CYLINDRICAL_SURFACE('',#5563,23.8);
#393=CYLINDRICAL_SURFACE('',#5569,30.);
#394=CYLINDRICAL_SURFACE('',#5571,42.);
#395=CYLINDRICAL_SURFACE('',#5575,15.);
#396=CYLINDRICAL_SURFACE('',#5579,15.);
#397=CYLINDRICAL_SURFACE('',#5591,15.9);
#398=CYLINDRICAL_SURFACE('',#5596,15.9);
#399=FACE_OUTER_BOUND('',#710,.T.);
#400=FACE_OUTER_BOUND('',#711,.T.);
#401=FACE_OUTER_BOUND('',#712,.T.);
#402=FACE_OUTER_BOUND('',#713,.T.);
#403=FACE_OUTER_BOUND('',#714,.T.);
#404=FACE_OUTER_BOUND('',#715,.T.);
#405=FACE_OUTER_BOUND('',#716,.T.);
#406=FACE_OUTER_BOUND('',#718,.T.);
#407=FACE_OUTER_BOUND('',#719,.T.);
#408=FACE_OUTER_BOUND('',#720,.T.);
#409=FACE_OUTER_BOUND('',#721,.T.);
#410=FACE_OUTER_BOUND('',#722,.T.);
#411=FACE_OUTER_BOUND('',#723,.T.);
#412=FACE_OUTER_BOUND('',#724,.T.);
#413=FACE_OUTER_BOUND('',#725,.T.);
#414=FACE_OUTER_BOUND('',#726,.T.);
#415=FACE_OUTER_BOUND('',#727,.T.);
#416=FACE_OUTER_BOUND('',#728,.T.);
#417=FACE_OUTER_BOUND('',#729,.T.);
#418=FACE_OUTER_BOUND('',#730,.T.);
#419=FACE_OUTER_BOUND('',#731,.T.);
#420=FACE_OUTER_BOUND('',#732,.T.);
#421=FACE_OUTER_BOUND('',#733,.T.);
#422=FACE_OUTER_BOUND('',#734,.T.);
#423=FACE_OUTER_BOUND('',#735,.T.);
#424=FACE_OUTER_BOUND('',#736,.T.);
#425=FACE_OUTER_BOUND('',#737,.T.);
#426=FACE_OUTER_BOUND('',#738,.T.);
#427=FACE_OUTER_BOUND('',#739,.T.);
#428=FACE_OUTER_BOUND('',#740,.T.);
#429=FACE_OUTER_BOUND('',#741,.T.);
#430=FACE_OUTER_BOUND('',#742,.T.);
#431=FACE_OUTER_BOUND('',#743,.T.);
#432=FACE_OUTER_BOUND('',#744,.T.);
#433=FACE_OUTER_BOUND('',#745,.T.);
#434=FACE_OUTER_BOUND('',#746,.T.);
#435=FACE_OUTER_BOUND('',#747,.T.);
#436=FACE_OUTER_BOUND('',#748,.T.);
#437=FACE_OUTER_BOUND('',#749,.T.);
#438=FACE_OUTER_BOUND('',#750,.T.);
#439=FACE_OUTER_BOUND('',#751,.T.);
#440=FACE_OUTER_BOUND('',#752,.T.);
#441=FACE_OUTER_BOUND('',#753,.T.);
#442=FACE_OUTER_BOUND('',#754,.T.);
#443=FACE_OUTER_BOUND('',#755,.T.);
#444=FACE_OUTER_BOUND('',#756,.T.);
#445=FACE_OUTER_BOUND('',#757,.T.);
#446=FACE_OUTER_BOUND('',#758,.T.);
#447=FACE_OUTER_BOUND('',#759,.T.);
#448=FACE_OUTER_BOUND('',#760,.T.);
#449=FACE_OUTER_BOUND('',#761,.T.);
#450=FACE_OUTER_BOUND('',#762,.T.);
#451=FACE_OUTER_BOUND('',#763,.T.);
#452=FACE_OUTER_BOUND('',#765,.T.);
#453=FACE_OUTER_BOUND('',#766,.T.);
#454=FACE_OUTER_BOUND('',#767,.T.);
#455=FACE_OUTER_BOUND('',#768,.T.);
#456=FACE_OUTER_BOUND('',#769,.T.);
#457=FACE_OUTER_BOUND('',#770,.T.);
#458=FACE_OUTER_BOUND('',#771,.T.);
#459=FACE_OUTER_BOUND('',#772,.T.);
#460=FACE_OUTER_BOUND('',#773,.T.);
#461=FACE_OUTER_BOUND('',#774,.T.);
#462=FACE_OUTER_BOUND('',#775,.T.);
#463=FACE_OUTER_BOUND('',#776,.T.);
#464=FACE_OUTER_BOUND('',#777,.T.);
#465=FACE_OUTER_BOUND('',#778,.T.);
#466=FACE_OUTER_BOUND('',#779,.T.);
#467=FACE_OUTER_BOUND('',#780,.T.);
#468=FACE_OUTER_BOUND('',#781,.T.);
#469=FACE_OUTER_BOUND('',#782,.T.);
#470=FACE_OUTER_BOUND('',#784,.T.);
#471=FACE_OUTER_BOUND('',#785,.T.);
#472=FACE_OUTER_BOUND('',#786,.T.);
#473=FACE_OUTER_BOUND('',#787,.T.);
#474=FACE_OUTER_BOUND('',#788,.T.);
#475=FACE_OUTER_BOUND('',#789,.T.);
#476=FACE_OUTER_BOUND('',#790,.T.);
#477=FACE_OUTER_BOUND('',#791,.T.);
#478=FACE_OUTER_BOUND('',#792,.T.);
#479=FACE_OUTER_BOUND('',#793,.T.);
#480=FACE_OUTER_BOUND('',#795,.T.);
#481=FACE_OUTER_BOUND('',#796,.T.);
#482=FACE_OUTER_BOUND('',#797,.T.);
#483=FACE_OUTER_BOUND('',#798,.T.);
#484=FACE_OUTER_BOUND('',#799,.T.);
#485=FACE_OUTER_BOUND('',#800,.T.);
#486=FACE_OUTER_BOUND('',#801,.T.);
#487=FACE_OUTER_BOUND('',#802,.T.);
#488=FACE_OUTER_BOUND('',#803,.T.);
#489=FACE_OUTER_BOUND('',#804,.T.);
#490=FACE_OUTER_BOUND('',#805,.T.);
#491=FACE_OUTER_BOUND('',#806,.T.);
#492=FACE_OUTER_BOUND('',#807,.T.);
#493=FACE_OUTER_BOUND('',#808,.T.);
#494=FACE_OUTER_BOUND('',#809,.T.);
#495=FACE_OUTER_BOUND('',#810,.T.);
#496=FACE_OUTER_BOUND('',#811,.T.);
#497=FACE_OUTER_BOUND('',#812,.T.);
#498=FACE_OUTER_BOUND('',#813,.T.);
#499=FACE_OUTER_BOUND('',#814,.T.);
#500=FACE_OUTER_BOUND('',#815,.T.);
#501=FACE_OUTER_BOUND('',#816,.T.);
#502=FACE_OUTER_BOUND('',#817,.T.);
#503=FACE_OUTER_BOUND('',#818,.T.);
#504=FACE_OUTER_BOUND('',#819,.T.);
#505=FACE_OUTER_BOUND('',#820,.T.);
#506=FACE_OUTER_BOUND('',#821,.T.);
#507=FACE_OUTER_BOUND('',#822,.T.);
#508=FACE_OUTER_BOUND('',#823,.T.);
#509=FACE_OUTER_BOUND('',#824,.T.);
#510=FACE_OUTER_BOUND('',#825,.T.);
#511=FACE_OUTER_BOUND('',#826,.T.);
#512=FACE_OUTER_BOUND('',#827,.T.);
#513=FACE_OUTER_BOUND('',#828,.T.);
#514=FACE_OUTER_BOUND('',#829,.T.);
#515=FACE_OUTER_BOUND('',#830,.T.);
#516=FACE_OUTER_BOUND('',#831,.T.);
#517=FACE_OUTER_BOUND('',#832,.T.);
#518=FACE_OUTER_BOUND('',#833,.T.);
#519=FACE_OUTER_BOUND('',#834,.T.);
#520=FACE_OUTER_BOUND('',#835,.T.);
#521=FACE_OUTER_BOUND('',#836,.T.);
#522=FACE_OUTER_BOUND('',#837,.T.);
#523=FACE_OUTER_BOUND('',#838,.T.);
#524=FACE_OUTER_BOUND('',#839,.T.);
#525=FACE_OUTER_BOUND('',#840,.T.);
#526=FACE_OUTER_BOUND('',#841,.T.);
#527=FACE_OUTER_BOUND('',#842,.T.);
#528=FACE_OUTER_BOUND('',#843,.T.);
#529=FACE_OUTER_BOUND('',#844,.T.);
#530=FACE_OUTER_BOUND('',#845,.T.);
#531=FACE_OUTER_BOUND('',#846,.T.);
#532=FACE_OUTER_BOUND('',#847,.T.);
#533=FACE_OUTER_BOUND('',#848,.T.);
#534=FACE_OUTER_BOUND('',#849,.T.);
#535=FACE_OUTER_BOUND('',#850,.T.);
#536=FACE_OUTER_BOUND('',#851,.T.);
#537=FACE_OUTER_BOUND('',#852,.T.);
#538=FACE_OUTER_BOUND('',#853,.T.);
#539=FACE_OUTER_BOUND('',#854,.T.);
#540=FACE_OUTER_BOUND('',#855,.T.);
#541=FACE_OUTER_BOUND('',#856,.T.);
#542=FACE_OUTER_BOUND('',#857,.T.);
#543=FACE_OUTER_BOUND('',#858,.T.);
#544=FACE_OUTER_BOUND('',#859,.T.);
#545=FACE_OUTER_BOUND('',#860,.T.);
#546=FACE_OUTER_BOUND('',#861,.T.);
#547=FACE_OUTER_BOUND('',#862,.T.);
#548=FACE_OUTER_BOUND('',#863,.T.);
#549=FACE_OUTER_BOUND('',#864,.T.);
#550=FACE_OUTER_BOUND('',#865,.T.);
#551=FACE_OUTER_BOUND('',#867,.T.);
#552=FACE_OUTER_BOUND('',#868,.T.);
#553=FACE_OUTER_BOUND('',#869,.T.);
#554=FACE_OUTER_BOUND('',#870,.T.);
#555=FACE_OUTER_BOUND('',#871,.T.);
#556=FACE_OUTER_BOUND('',#872,.T.);
#557=FACE_OUTER_BOUND('',#873,.T.);
#558=FACE_OUTER_BOUND('',#874,.T.);
#559=FACE_OUTER_BOUND('',#875,.T.);
#560=FACE_OUTER_BOUND('',#876,.T.);
#561=FACE_OUTER_BOUND('',#877,.T.);
#562=FACE_OUTER_BOUND('',#878,.T.);
#563=FACE_OUTER_BOUND('',#879,.T.);
#564=FACE_OUTER_BOUND('',#880,.T.);
#565=FACE_OUTER_BOUND('',#881,.T.);
#566=FACE_OUTER_BOUND('',#882,.T.);
#567=FACE_OUTER_BOUND('',#883,.T.);
#568=FACE_OUTER_BOUND('',#884,.T.);
#569=FACE_OUTER_BOUND('',#885,.T.);
#570=FACE_OUTER_BOUND('',#886,.T.);
#571=FACE_OUTER_BOUND('',#887,.T.);
#572=FACE_OUTER_BOUND('',#888,.T.);
#573=FACE_OUTER_BOUND('',#889,.T.);
#574=FACE_OUTER_BOUND('',#890,.T.);
#575=FACE_OUTER_BOUND('',#891,.T.);
#576=FACE_OUTER_BOUND('',#893,.T.);
#577=FACE_OUTER_BOUND('',#894,.T.);
#578=FACE_OUTER_BOUND('',#895,.T.);
#579=FACE_OUTER_BOUND('',#896,.T.);
#580=FACE_OUTER_BOUND('',#897,.T.);
#581=FACE_OUTER_BOUND('',#898,.T.);
#582=FACE_OUTER_BOUND('',#899,.T.);
#583=FACE_OUTER_BOUND('',#900,.T.);
#584=FACE_OUTER_BOUND('',#901,.T.);
#585=FACE_OUTER_BOUND('',#902,.T.);
#586=FACE_OUTER_BOUND('',#903,.T.);
#587=FACE_OUTER_BOUND('',#904,.T.);
#588=FACE_OUTER_BOUND('',#905,.T.);
#589=FACE_OUTER_BOUND('',#906,.T.);
#590=FACE_OUTER_BOUND('',#907,.T.);
#591=FACE_OUTER_BOUND('',#908,.T.);
#592=FACE_OUTER_BOUND('',#909,.T.);
#593=FACE_OUTER_BOUND('',#910,.T.);
#594=FACE_OUTER_BOUND('',#911,.T.);
#595=FACE_OUTER_BOUND('',#912,.T.);
#596=FACE_OUTER_BOUND('',#913,.T.);
#597=FACE_OUTER_BOUND('',#914,.T.);
#598=FACE_OUTER_BOUND('',#915,.T.);
#599=FACE_OUTER_BOUND('',#916,.T.);
#600=FACE_OUTER_BOUND('',#917,.T.);
#601=FACE_OUTER_BOUND('',#918,.T.);
#602=FACE_OUTER_BOUND('',#919,.T.);
#603=FACE_OUTER_BOUND('',#921,.T.);
#604=FACE_OUTER_BOUND('',#922,.T.);
#605=FACE_OUTER_BOUND('',#923,.T.);
#606=FACE_OUTER_BOUND('',#924,.T.);
#607=FACE_OUTER_BOUND('',#925,.T.);
#608=FACE_OUTER_BOUND('',#926,.T.);
#609=FACE_OUTER_BOUND('',#927,.T.);
#610=FACE_OUTER_BOUND('',#928,.T.);
#611=FACE_OUTER_BOUND('',#929,.T.);
#612=FACE_OUTER_BOUND('',#930,.T.);
#613=FACE_OUTER_BOUND('',#931,.T.);
#614=FACE_OUTER_BOUND('',#932,.T.);
#615=FACE_OUTER_BOUND('',#933,.T.);
#616=FACE_OUTER_BOUND('',#934,.T.);
#617=FACE_OUTER_BOUND('',#935,.T.);
#618=FACE_OUTER_BOUND('',#936,.T.);
#619=FACE_OUTER_BOUND('',#939,.T.);
#620=FACE_OUTER_BOUND('',#940,.T.);
#621=FACE_OUTER_BOUND('',#941,.T.);
#622=FACE_OUTER_BOUND('',#942,.T.);
#623=FACE_OUTER_BOUND('',#943,.T.);
#624=FACE_OUTER_BOUND('',#944,.T.);
#625=FACE_OUTER_BOUND('',#945,.T.);
#626=FACE_OUTER_BOUND('',#946,.T.);
#627=FACE_OUTER_BOUND('',#947,.T.);
#628=FACE_OUTER_BOUND('',#948,.T.);
#629=FACE_OUTER_BOUND('',#949,.T.);
#630=FACE_OUTER_BOUND('',#950,.T.);
#631=FACE_OUTER_BOUND('',#951,.T.);
#632=FACE_OUTER_BOUND('',#952,.T.);
#633=FACE_OUTER_BOUND('',#953,.T.);
#634=FACE_OUTER_BOUND('',#954,.T.);
#635=FACE_OUTER_BOUND('',#955,.T.);
#636=FACE_OUTER_BOUND('',#956,.T.);
#637=FACE_OUTER_BOUND('',#957,.T.);
#638=FACE_OUTER_BOUND('',#958,.T.);
#639=FACE_OUTER_BOUND('',#959,.T.);
#640=FACE_OUTER_BOUND('',#960,.T.);
#641=FACE_OUTER_BOUND('',#961,.T.);
#642=FACE_OUTER_BOUND('',#962,.T.);
#643=FACE_OUTER_BOUND('',#963,.T.);
#644=FACE_OUTER_BOUND('',#964,.T.);
#645=FACE_OUTER_BOUND('',#965,.T.);
#646=FACE_OUTER_BOUND('',#966,.T.);
#647=FACE_OUTER_BOUND('',#967,.T.);
#648=FACE_OUTER_BOUND('',#968,.T.);
#649=FACE_OUTER_BOUND('',#969,.T.);
#650=FACE_OUTER_BOUND('',#970,.T.);
#651=FACE_OUTER_BOUND('',#971,.T.);
#652=FACE_OUTER_BOUND('',#972,.T.);
#653=FACE_OUTER_BOUND('',#973,.T.);
#654=FACE_OUTER_BOUND('',#974,.T.);
#655=FACE_OUTER_BOUND('',#975,.T.);
#656=FACE_OUTER_BOUND('',#976,.T.);
#657=FACE_OUTER_BOUND('',#977,.T.);
#658=FACE_OUTER_BOUND('',#978,.T.);
#659=FACE_OUTER_BOUND('',#979,.T.);
#660=FACE_OUTER_BOUND('',#980,.T.);
#661=FACE_OUTER_BOUND('',#981,.T.);
#662=FACE_OUTER_BOUND('',#982,.T.);
#663=FACE_OUTER_BOUND('',#983,.T.);
#664=FACE_OUTER_BOUND('',#984,.T.);
#665=FACE_OUTER_BOUND('',#985,.T.);
#666=FACE_OUTER_BOUND('',#986,.T.);
#667=FACE_OUTER_BOUND('',#987,.T.);
#668=FACE_OUTER_BOUND('',#990,.T.);
#669=FACE_OUTER_BOUND('',#991,.T.);
#670=FACE_OUTER_BOUND('',#992,.T.);
#671=FACE_OUTER_BOUND('',#993,.T.);
#672=FACE_OUTER_BOUND('',#994,.T.);
#673=FACE_OUTER_BOUND('',#995,.T.);
#674=FACE_OUTER_BOUND('',#996,.T.);
#675=FACE_OUTER_BOUND('',#997,.T.);
#676=FACE_OUTER_BOUND('',#998,.T.);
#677=FACE_OUTER_BOUND('',#999,.T.);
#678=FACE_OUTER_BOUND('',#1000,.T.);
#679=FACE_OUTER_BOUND('',#1001,.T.);
#680=FACE_OUTER_BOUND('',#1002,.T.);
#681=FACE_OUTER_BOUND('',#1003,.T.);
#682=FACE_OUTER_BOUND('',#1004,.T.);
#683=FACE_OUTER_BOUND('',#1005,.T.);
#684=FACE_OUTER_BOUND('',#1006,.T.);
#685=FACE_OUTER_BOUND('',#1007,.T.);
#686=FACE_OUTER_BOUND('',#1008,.T.);
#687=FACE_OUTER_BOUND('',#1009,.T.);
#688=FACE_OUTER_BOUND('',#1010,.T.);
#689=FACE_OUTER_BOUND('',#1011,.T.);
#690=FACE_OUTER_BOUND('',#1012,.T.);
#691=FACE_OUTER_BOUND('',#1013,.T.);
#692=FACE_OUTER_BOUND('',#1014,.T.);
#693=FACE_OUTER_BOUND('',#1015,.T.);
#694=FACE_OUTER_BOUND('',#1016,.T.);
#695=FACE_OUTER_BOUND('',#1017,.T.);
#696=FACE_OUTER_BOUND('',#1018,.T.);
#697=FACE_OUTER_BOUND('',#1019,.T.);
#698=FACE_OUTER_BOUND('',#1020,.T.);
#699=FACE_OUTER_BOUND('',#1021,.T.);
#700=FACE_OUTER_BOUND('',#1022,.T.);
#701=FACE_OUTER_BOUND('',#1023,.T.);
#702=FACE_OUTER_BOUND('',#1024,.T.);
#703=FACE_OUTER_BOUND('',#1025,.T.);
#704=FACE_OUTER_BOUND('',#1026,.T.);
#705=FACE_OUTER_BOUND('',#1027,.T.);
#706=FACE_OUTER_BOUND('',#1028,.T.);
#707=FACE_OUTER_BOUND('',#1029,.T.);
#708=FACE_OUTER_BOUND('',#1030,.T.);
#709=FACE_OUTER_BOUND('',#1031,.T.);
#710=EDGE_LOOP('',(#3170,#3171,#3172,#3173));
#711=EDGE_LOOP('',(#3174,#3175,#3176,#3177));
#712=EDGE_LOOP('',(#3178,#3179,#3180,#3181));
#713=EDGE_LOOP('',(#3182));
#714=EDGE_LOOP('',(#3183,#3184,#3185,#3186));
#715=EDGE_LOOP('',(#3187,#3188,#3189,#3190));
#716=EDGE_LOOP('',(#3191,#3192,#3193,#3194));
#717=EDGE_LOOP('',(#3195));
#718=EDGE_LOOP('',(#3196,#3197,#3198,#3199));
#719=EDGE_LOOP('',(#3200,#3201,#3202,#3203));
#720=EDGE_LOOP('',(#3204,#3205,#3206,#3207));
#721=EDGE_LOOP('',(#3208,#3209,#3210,#3211));
#722=EDGE_LOOP('',(#3212,#3213,#3214,#3215));
#723=EDGE_LOOP('',(#3216,#3217,#3218,#3219));
#724=EDGE_LOOP('',(#3220,#3221,#3222,#3223));
#725=EDGE_LOOP('',(#3224,#3225,#3226,#3227));
#726=EDGE_LOOP('',(#3228,#3229,#3230,#3231));
#727=EDGE_LOOP('',(#3232,#3233,#3234,#3235));
#728=EDGE_LOOP('',(#3236,#3237,#3238,#3239));
#729=EDGE_LOOP('',(#3240,#3241,#3242,#3243));
#730=EDGE_LOOP('',(#3244,#3245,#3246,#3247));
#731=EDGE_LOOP('',(#3248,#3249,#3250,#3251));
#732=EDGE_LOOP('',(#3252,#3253,#3254,#3255));
#733=EDGE_LOOP('',(#3256,#3257,#3258,#3259));
#734=EDGE_LOOP('',(#3260,#3261,#3262,#3263));
#735=EDGE_LOOP('',(#3264,#3265,#3266,#3267));
#736=EDGE_LOOP('',(#3268,#3269,#3270,#3271));
#737=EDGE_LOOP('',(#3272,#3273,#3274,#3275));
#738=EDGE_LOOP('',(#3276,#3277,#3278,#3279));
#739=EDGE_LOOP('',(#3280,#3281,#3282,#3283));
#740=EDGE_LOOP('',(#3284,#3285,#3286,#3287));
#741=EDGE_LOOP('',(#3288,#3289,#3290,#3291));
#742=EDGE_LOOP('',(#3292,#3293,#3294,#3295));
#743=EDGE_LOOP('',(#3296,#3297,#3298,#3299));
#744=EDGE_LOOP('',(#3300,#3301,#3302,#3303));
#745=EDGE_LOOP('',(#3304,#3305,#3306,#3307));
#746=EDGE_LOOP('',(#3308,#3309,#3310,#3311));
#747=EDGE_LOOP('',(#3312,#3313,#3314,#3315));
#748=EDGE_LOOP('',(#3316,#3317,#3318,#3319));
#749=EDGE_LOOP('',(#3320,#3321,#3322,#3323));
#750=EDGE_LOOP('',(#3324,#3325,#3326,#3327));
#751=EDGE_LOOP('',(#3328,#3329,#3330,#3331));
#752=EDGE_LOOP('',(#3332,#3333,#3334,#3335));
#753=EDGE_LOOP('',(#3336,#3337,#3338,#3339));
#754=EDGE_LOOP('',(#3340,#3341,#3342,#3343));
#755=EDGE_LOOP('',(#3344,#3345,#3346,#3347));
#756=EDGE_LOOP('',(#3348,#3349,#3350,#3351));
#757=EDGE_LOOP('',(#3352,#3353,#3354,#3355));
#758=EDGE_LOOP('',(#3356,#3357,#3358,#3359));
#759=EDGE_LOOP('',(#3360,#3361,#3362,#3363));
#760=EDGE_LOOP('',(#3364));
#761=EDGE_LOOP('',(#3365,#3366,#3367,#3368));
#762=EDGE_LOOP('',(#3369,#3370,#3371,#3372));
#763=EDGE_LOOP('',(#3373,#3374,#3375,#3376));
#764=EDGE_LOOP('',(#3377));
#765=EDGE_LOOP('',(#3378,#3379,#3380,#3381));
#766=EDGE_LOOP('',(#3382,#3383,#3384,#3385));
#767=EDGE_LOOP('',(#3386,#3387,#3388,#3389));
#768=EDGE_LOOP('',(#3390,#3391,#3392,#3393));
#769=EDGE_LOOP('',(#3394,#3395,#3396,#3397));
#770=EDGE_LOOP('',(#3398,#3399,#3400,#3401));
#771=EDGE_LOOP('',(#3402,#3403,#3404,#3405));
#772=EDGE_LOOP('',(#3406,#3407,#3408,#3409));
#773=EDGE_LOOP('',(#3410,#3411,#3412,#3413,#3414,#3415,#3416,#3417,#3418,
#3419));
#774=EDGE_LOOP('',(#3420,#3421,#3422,#3423));
#775=EDGE_LOOP('',(#3424,#3425,#3426,#3427));
#776=EDGE_LOOP('',(#3428,#3429,#3430,#3431));
#777=EDGE_LOOP('',(#3432,#3433,#3434,#3435));
#778=EDGE_LOOP('',(#3436,#3437,#3438,#3439));
#779=EDGE_LOOP('',(#3440,#3441,#3442,#3443));
#780=EDGE_LOOP('',(#3444,#3445,#3446,#3447));
#781=EDGE_LOOP('',(#3448,#3449,#3450,#3451));
#782=EDGE_LOOP('',(#3452,#3453,#3454,#3455,#3456,#3457,#3458,#3459));
#783=EDGE_LOOP('',(#3460,#3461,#3462,#3463,#3464,#3465,#3466,#3467));
#784=EDGE_LOOP('',(#3468,#3469,#3470,#3471));
#785=EDGE_LOOP('',(#3472,#3473,#3474,#3475));
#786=EDGE_LOOP('',(#3476,#3477,#3478,#3479));
#787=EDGE_LOOP('',(#3480,#3481,#3482,#3483,#3484,#3485));
#788=EDGE_LOOP('',(#3486,#3487,#3488,#3489));
#789=EDGE_LOOP('',(#3490,#3491,#3492,#3493));
#790=EDGE_LOOP('',(#3494,#3495,#3496,#3497));
#791=EDGE_LOOP('',(#3498,#3499,#3500,#3501));
#792=EDGE_LOOP('',(#3502,#3503,#3504,#3505));
#793=EDGE_LOOP('',(#3506,#3507,#3508,#3509,#3510,#3511,#3512,#3513,#3514,
#3515,#3516,#3517,#3518,#3519));
#794=EDGE_LOOP('',(#3520,#3521,#3522,#3523,#3524,#3525,#3526,#3527));
#795=EDGE_LOOP('',(#3528,#3529,#3530,#3531));
#796=EDGE_LOOP('',(#3532,#3533,#3534,#3535));
#797=EDGE_LOOP('',(#3536,#3537,#3538,#3539));
#798=EDGE_LOOP('',(#3540,#3541,#3542,#3543));
#799=EDGE_LOOP('',(#3544,#3545,#3546,#3547));
#800=EDGE_LOOP('',(#3548,#3549,#3550,#3551));
#801=EDGE_LOOP('',(#3552,#3553,#3554,#3555));
#802=EDGE_LOOP('',(#3556,#3557,#3558,#3559));
#803=EDGE_LOOP('',(#3560,#3561,#3562,#3563));
#804=EDGE_LOOP('',(#3564,#3565,#3566,#3567));
#805=EDGE_LOOP('',(#3568,#3569,#3570,#3571));
#806=EDGE_LOOP('',(#3572,#3573,#3574,#3575));
#807=EDGE_LOOP('',(#3576,#3577,#3578,#3579));
#808=EDGE_LOOP('',(#3580,#3581,#3582,#3583));
#809=EDGE_LOOP('',(#3584,#3585,#3586,#3587));
#810=EDGE_LOOP('',(#3588,#3589,#3590,#3591));
#811=EDGE_LOOP('',(#3592,#3593,#3594,#3595));
#812=EDGE_LOOP('',(#3596,#3597,#3598,#3599));
#813=EDGE_LOOP('',(#3600,#3601,#3602,#3603));
#814=EDGE_LOOP('',(#3604,#3605,#3606,#3607));
#815=EDGE_LOOP('',(#3608,#3609,#3610,#3611));
#816=EDGE_LOOP('',(#3612,#3613,#3614,#3615));
#817=EDGE_LOOP('',(#3616,#3617,#3618,#3619));
#818=EDGE_LOOP('',(#3620,#3621,#3622,#3623));
#819=EDGE_LOOP('',(#3624,#3625,#3626,#3627));
#820=EDGE_LOOP('',(#3628,#3629,#3630,#3631));
#821=EDGE_LOOP('',(#3632,#3633,#3634,#3635));
#822=EDGE_LOOP('',(#3636,#3637,#3638,#3639));
#823=EDGE_LOOP('',(#3640,#3641,#3642,#3643));
#824=EDGE_LOOP('',(#3644,#3645,#3646,#3647));
#825=EDGE_LOOP('',(#3648,#3649,#3650,#3651));
#826=EDGE_LOOP('',(#3652,#3653,#3654,#3655));
#827=EDGE_LOOP('',(#3656,#3657,#3658,#3659,#3660,#3661,#3662,#3663));
#828=EDGE_LOOP('',(#3664,#3665,#3666,#3667));
#829=EDGE_LOOP('',(#3668,#3669,#3670,#3671));
#830=EDGE_LOOP('',(#3672,#3673,#3674,#3675));
#831=EDGE_LOOP('',(#3676,#3677,#3678,#3679));
#832=EDGE_LOOP('',(#3680,#3681,#3682,#3683));
#833=EDGE_LOOP('',(#3684,#3685,#3686,#3687));
#834=EDGE_LOOP('',(#3688,#3689,#3690,#3691,#3692,#3693,#3694,#3695));
#835=EDGE_LOOP('',(#3696,#3697,#3698,#3699,#3700));
#836=EDGE_LOOP('',(#3701,#3702,#3703,#3704));
#837=EDGE_LOOP('',(#3705,#3706,#3707,#3708));
#838=EDGE_LOOP('',(#3709,#3710,#3711,#3712,#3713));
#839=EDGE_LOOP('',(#3714,#3715,#3716,#3717,#3718));
#840=EDGE_LOOP('',(#3719,#3720,#3721,#3722));
#841=EDGE_LOOP('',(#3723,#3724,#3725,#3726,#3727));
#842=EDGE_LOOP('',(#3728,#3729,#3730,#3731));
#843=EDGE_LOOP('',(#3732,#3733,#3734,#3735));
#844=EDGE_LOOP('',(#3736,#3737,#3738,#3739));
#845=EDGE_LOOP('',(#3740,#3741,#3742,#3743));
#846=EDGE_LOOP('',(#3744,#3745,#3746,#3747));
#847=EDGE_LOOP('',(#3748,#3749,#3750,#3751));
#848=EDGE_LOOP('',(#3752,#3753,#3754,#3755));
#849=EDGE_LOOP('',(#3756,#3757,#3758,#3759));
#850=EDGE_LOOP('',(#3760,#3761,#3762,#3763));
#851=EDGE_LOOP('',(#3764,#3765,#3766,#3767));
#852=EDGE_LOOP('',(#3768,#3769,#3770,#3771));
#853=EDGE_LOOP('',(#3772,#3773,#3774,#3775));
#854=EDGE_LOOP('',(#3776,#3777,#3778,#3779));
#855=EDGE_LOOP('',(#3780,#3781,#3782,#3783));
#856=EDGE_LOOP('',(#3784,#3785,#3786,#3787));
#857=EDGE_LOOP('',(#3788,#3789,#3790,#3791));
#858=EDGE_LOOP('',(#3792,#3793,#3794,#3795));
#859=EDGE_LOOP('',(#3796,#3797,#3798,#3799));
#860=EDGE_LOOP('',(#3800,#3801,#3802,#3803));
#861=EDGE_LOOP('',(#3804,#3805,#3806,#3807));
#862=EDGE_LOOP('',(#3808,#3809,#3810,#3811));
#863=EDGE_LOOP('',(#3812,#3813,#3814,#3815));
#864=EDGE_LOOP('',(#3816,#3817,#3818,#3819));
#865=EDGE_LOOP('',(#3820,#3821,#3822,#3823));
#866=EDGE_LOOP('',(#3824,#3825,#3826,#3827,#3828,#3829));
#867=EDGE_LOOP('',(#3830,#3831,#3832,#3833));
#868=EDGE_LOOP('',(#3834,#3835,#3836,#3837));
#869=EDGE_LOOP('',(#3838,#3839,#3840,#3841));
#870=EDGE_LOOP('',(#3842,#3843,#3844,#3845));
#871=EDGE_LOOP('',(#3846,#3847,#3848,#3849));
#872=EDGE_LOOP('',(#3850,#3851,#3852,#3853,#3854));
#873=EDGE_LOOP('',(#3855,#3856,#3857,#3858));
#874=EDGE_LOOP('',(#3859,#3860,#3861,#3862));
#875=EDGE_LOOP('',(#3863,#3864,#3865,#3866,#3867));
#876=EDGE_LOOP('',(#3868,#3869,#3870,#3871,#3872));
#877=EDGE_LOOP('',(#3873,#3874,#3875,#3876));
#878=EDGE_LOOP('',(#3877,#3878,#3879,#3880,#3881));
#879=EDGE_LOOP('',(#3882,#3883,#3884,#3885));
#880=EDGE_LOOP('',(#3886,#3887,#3888,#3889));
#881=EDGE_LOOP('',(#3890,#3891,#3892,#3893));
#882=EDGE_LOOP('',(#3894,#3895,#3896,#3897));
#883=EDGE_LOOP('',(#3898,#3899,#3900,#3901));
#884=EDGE_LOOP('',(#3902,#3903,#3904,#3905));
#885=EDGE_LOOP('',(#3906,#3907,#3908,#3909));
#886=EDGE_LOOP('',(#3910,#3911,#3912,#3913));
#887=EDGE_LOOP('',(#3914,#3915,#3916,#3917));
#888=EDGE_LOOP('',(#3918,#3919,#3920,#3921));
#889=EDGE_LOOP('',(#3922,#3923,#3924,#3925));
#890=EDGE_LOOP('',(#3926,#3927,#3928,#3929));
#891=EDGE_LOOP('',(#3930,#3931,#3932,#3933,#3934,#3935,#3936,#3937,#3938,
#3939,#3940,#3941,#3942,#3943));
#892=EDGE_LOOP('',(#3944,#3945,#3946,#3947,#3948,#3949,#3950,#3951));
#893=EDGE_LOOP('',(#3952,#3953,#3954,#3955));
#894=EDGE_LOOP('',(#3956,#3957,#3958,#3959));
#895=EDGE_LOOP('',(#3960,#3961,#3962,#3963));
#896=EDGE_LOOP('',(#3964,#3965,#3966,#3967,#3968,#3969));
#897=EDGE_LOOP('',(#3970,#3971,#3972,#3973));
#898=EDGE_LOOP('',(#3974,#3975,#3976,#3977));
#899=EDGE_LOOP('',(#3978,#3979,#3980,#3981));
#900=EDGE_LOOP('',(#3982,#3983,#3984,#3985));
#901=EDGE_LOOP('',(#3986,#3987,#3988,#3989));
#902=EDGE_LOOP('',(#3990,#3991,#3992,#3993));
#903=EDGE_LOOP('',(#3994,#3995,#3996,#3997));
#904=EDGE_LOOP('',(#3998,#3999,#4000,#4001));
#905=EDGE_LOOP('',(#4002,#4003,#4004,#4005));
#906=EDGE_LOOP('',(#4006,#4007,#4008,#4009));
#907=EDGE_LOOP('',(#4010,#4011,#4012,#4013));
#908=EDGE_LOOP('',(#4014,#4015,#4016,#4017));
#909=EDGE_LOOP('',(#4018,#4019,#4020,#4021));
#910=EDGE_LOOP('',(#4022,#4023,#4024,#4025));
#911=EDGE_LOOP('',(#4026,#4027,#4028,#4029));
#912=EDGE_LOOP('',(#4030,#4031,#4032,#4033,#4034,#4035,#4036,#4037));
#913=EDGE_LOOP('',(#4038,#4039,#4040,#4041,#4042,#4043,#4044,#4045,#4046,
#4047));
#914=EDGE_LOOP('',(#4048,#4049,#4050,#4051));
#915=EDGE_LOOP('',(#4052,#4053,#4054,#4055));
#916=EDGE_LOOP('',(#4056,#4057,#4058,#4059));
#917=EDGE_LOOP('',(#4060,#4061,#4062,#4063));
#918=EDGE_LOOP('',(#4064,#4065,#4066,#4067));
#919=EDGE_LOOP('',(#4068,#4069,#4070,#4071));
#920=EDGE_LOOP('',(#4072,#4073,#4074,#4075,#4076,#4077));
#921=EDGE_LOOP('',(#4078,#4079,#4080,#4081));
#922=EDGE_LOOP('',(#4082,#4083,#4084,#4085));
#923=EDGE_LOOP('',(#4086,#4087,#4088,#4089));
#924=EDGE_LOOP('',(#4090,#4091,#4092,#4093));
#925=EDGE_LOOP('',(#4094,#4095,#4096,#4097));
#926=EDGE_LOOP('',(#4098,#4099,#4100,#4101,#4102,#4103,#4104,#4105));
#927=EDGE_LOOP('',(#4106,#4107,#4108,#4109));
#928=EDGE_LOOP('',(#4110,#4111,#4112,#4113));
#929=EDGE_LOOP('',(#4114,#4115,#4116,#4117));
#930=EDGE_LOOP('',(#4118,#4119,#4120,#4121,#4122));
#931=EDGE_LOOP('',(#4123,#4124,#4125,#4126));
#932=EDGE_LOOP('',(#4127,#4128,#4129,#4130,#4131));
#933=EDGE_LOOP('',(#4132,#4133,#4134,#4135));
#934=EDGE_LOOP('',(#4136,#4137,#4138,#4139));
#935=EDGE_LOOP('',(#4140,#4141,#4142,#4143,#4144));
#936=EDGE_LOOP('',(#4145,#4146,#4147,#4148,#4149,#4150,#4151,#4152,#4153));
#937=EDGE_LOOP('',(#4154,#4155,#4156));
#938=EDGE_LOOP('',(#4157,#4158,#4159));
#939=EDGE_LOOP('',(#4160,#4161,#4162,#4163,#4164,#4165));
#940=EDGE_LOOP('',(#4166,#4167,#4168,#4169));
#941=EDGE_LOOP('',(#4170,#4171,#4172,#4173));
#942=EDGE_LOOP('',(#4174,#4175,#4176,#4177));
#943=EDGE_LOOP('',(#4178,#4179,#4180,#4181));
#944=EDGE_LOOP('',(#4182,#4183,#4184,#4185));
#945=EDGE_LOOP('',(#4186,#4187,#4188,#4189));
#946=EDGE_LOOP('',(#4190,#4191,#4192,#4193));
#947=EDGE_LOOP('',(#4194,#4195,#4196,#4197));
#948=EDGE_LOOP('',(#4198,#4199,#4200,#4201));
#949=EDGE_LOOP('',(#4202,#4203,#4204,#4205,#4206,#4207,#4208));
#950=EDGE_LOOP('',(#4209,#4210,#4211));
#951=EDGE_LOOP('',(#4212,#4213,#4214,#4215,#4216));
#952=EDGE_LOOP('',(#4217,#4218,#4219,#4220));
#953=EDGE_LOOP('',(#4221,#4222,#4223,#4224,#4225,#4226,#4227));
#954=EDGE_LOOP('',(#4228,#4229,#4230,#4231));
#955=EDGE_LOOP('',(#4232,#4233,#4234,#4235));
#956=EDGE_LOOP('',(#4236,#4237,#4238,#4239,#4240));
#957=EDGE_LOOP('',(#4241,#4242,#4243,#4244));
#958=EDGE_LOOP('',(#4245,#4246,#4247,#4248));
#959=EDGE_LOOP('',(#4249,#4250,#4251,#4252));
#960=EDGE_LOOP('',(#4253,#4254,#4255,#4256));
#961=EDGE_LOOP('',(#4257,#4258,#4259,#4260));
#962=EDGE_LOOP('',(#4261,#4262,#4263,#4264,#4265));
#963=EDGE_LOOP('',(#4266,#4267,#4268,#4269));
#964=EDGE_LOOP('',(#4270,#4271,#4272));
#965=EDGE_LOOP('',(#4273,#4274,#4275,#4276,#4277,#4278,#4279,#4280,#4281));
#966=EDGE_LOOP('',(#4282,#4283,#4284,#4285));
#967=EDGE_LOOP('',(#4286,#4287,#4288,#4289));
#968=EDGE_LOOP('',(#4290,#4291,#4292,#4293));
#969=EDGE_LOOP('',(#4294,#4295,#4296,#4297,#4298,#4299,#4300,#4301,#4302));
#970=EDGE_LOOP('',(#4303,#4304,#4305,#4306));
#971=EDGE_LOOP('',(#4307,#4308,#4309,#4310));
#972=EDGE_LOOP('',(#4311,#4312,#4313,#4314,#4315,#4316,#4317,#4318,#4319));
#973=EDGE_LOOP('',(#4320,#4321,#4322,#4323));
#974=EDGE_LOOP('',(#4324,#4325,#4326,#4327));
#975=EDGE_LOOP('',(#4328,#4329,#4330,#4331,#4332,#4333,#4334,#4335,#4336));
#976=EDGE_LOOP('',(#4337,#4338,#4339));
#977=EDGE_LOOP('',(#4340,#4341,#4342,#4343,#4344));
#978=EDGE_LOOP('',(#4345,#4346,#4347,#4348));
#979=EDGE_LOOP('',(#4349,#4350,#4351,#4352,#4353,#4354,#4355,#4356,#4357,
#4358,#4359,#4360,#4361,#4362,#4363,#4364,#4365,#4366,#4367,#4368,#4369,
#4370,#4371,#4372,#4373,#4374,#4375,#4376));
#980=EDGE_LOOP('',(#4377,#4378,#4379,#4380,#4381));
#981=EDGE_LOOP('',(#4382,#4383,#4384,#4385));
#982=EDGE_LOOP('',(#4386,#4387,#4388,#4389));
#983=EDGE_LOOP('',(#4390,#4391,#4392,#4393));
#984=EDGE_LOOP('',(#4394,#4395,#4396,#4397));
#985=EDGE_LOOP('',(#4398,#4399,#4400,#4401));
#986=EDGE_LOOP('',(#4402,#4403,#4404,#4405,#4406));
#987=EDGE_LOOP('',(#4407,#4408,#4409,#4410,#4411,#4412,#4413,#4414,#4415));
#988=EDGE_LOOP('',(#4416,#4417,#4418));
#989=EDGE_LOOP('',(#4419,#4420,#4421));
#990=EDGE_LOOP('',(#4422,#4423,#4424,#4425,#4426,#4427,#4428,#4429,#4430,
#4431,#4432,#4433,#4434,#4435,#4436,#4437));
#991=EDGE_LOOP('',(#4438,#4439,#4440,#4441,#4442,#4443));
#992=EDGE_LOOP('',(#4444,#4445,#4446,#4447));
#993=EDGE_LOOP('',(#4448,#4449,#4450,#4451));
#994=EDGE_LOOP('',(#4452,#4453,#4454,#4455));
#995=EDGE_LOOP('',(#4456,#4457,#4458,#4459));
#996=EDGE_LOOP('',(#4460,#4461,#4462,#4463));
#997=EDGE_LOOP('',(#4464,#4465,#4466,#4467));
#998=EDGE_LOOP('',(#4468,#4469,#4470,#4471));
#999=EDGE_LOOP('',(#4472,#4473,#4474,#4475));
#1000=EDGE_LOOP('',(#4476,#4477,#4478,#4479));
#1001=EDGE_LOOP('',(#4480,#4481,#4482,#4483));
#1002=EDGE_LOOP('',(#4484,#4485,#4486,#4487));
#1003=EDGE_LOOP('',(#4488,#4489,#4490,#4491,#4492,#4493,#4494));
#1004=EDGE_LOOP('',(#4495,#4496,#4497));
#1005=EDGE_LOOP('',(#4498,#4499,#4500,#4501,#4502));
#1006=EDGE_LOOP('',(#4503,#4504,#4505,#4506));
#1007=EDGE_LOOP('',(#4507,#4508,#4509,#4510,#4511,#4512,#4513));
#1008=EDGE_LOOP('',(#4514,#4515,#4516,#4517));
#1009=EDGE_LOOP('',(#4518,#4519,#4520,#4521));
#1010=EDGE_LOOP('',(#4522,#4523,#4524,#4525,#4526));
#1011=EDGE_LOOP('',(#4527,#4528,#4529,#4530));
#1012=EDGE_LOOP('',(#4531,#4532,#4533,#4534));
#1013=EDGE_LOOP('',(#4535,#4536,#4537,#4538));
#1014=EDGE_LOOP('',(#4539,#4540,#4541,#4542));
#1015=EDGE_LOOP('',(#4543,#4544,#4545,#4546));
#1016=EDGE_LOOP('',(#4547,#4548,#4549,#4550));
#1017=EDGE_LOOP('',(#4551,#4552,#4553,#4554,#4555));
#1018=EDGE_LOOP('',(#4556,#4557,#4558,#4559));
#1019=EDGE_LOOP('',(#4560,#4561,#4562));
#1020=EDGE_LOOP('',(#4563,#4564,#4565,#4566,#4567,#4568,#4569,#4570,#4571));
#1021=EDGE_LOOP('',(#4572,#4573,#4574,#4575));
#1022=EDGE_LOOP('',(#4576,#4577,#4578,#4579));
#1023=EDGE_LOOP('',(#4580,#4581,#4582,#4583));
#1024=EDGE_LOOP('',(#4584,#4585,#4586,#4587,#4588,#4589,#4590,#4591,#4592));
#1025=EDGE_LOOP('',(#4593,#4594,#4595,#4596));
#1026=EDGE_LOOP('',(#4597,#4598,#4599,#4600));
#1027=EDGE_LOOP('',(#4601,#4602,#4603,#4604,#4605,#4606,#4607,#4608,#4609));
#1028=EDGE_LOOP('',(#4610,#4611,#4612,#4613));
#1029=EDGE_LOOP('',(#4614,#4615,#4616,#4617));
#1030=EDGE_LOOP('',(#4618,#4619,#4620,#4621,#4622,#4623,#4624,#4625,#4626));
#1031=EDGE_LOOP('',(#4627,#4628,#4629));
#1032=LINE('',#7175,#1362);
#1033=LINE('',#7180,#1363);
#1034=LINE('',#7183,#1364);
#1035=LINE('',#7190,#1365);
#1036=LINE('',#7193,#1366);
#1037=LINE('',#7197,#1367);
#1038=LINE('',#7199,#1368);
#1039=LINE('',#7201,#1369);
#1040=LINE('',#7202,#1370);
#1041=LINE('',#7214,#1371);
#1042=LINE('',#7217,#1372);
#1043=LINE('',#7229,#1373);
#1044=LINE('',#7237,#1374);
#1045=LINE('',#7238,#1375);
#1046=LINE('',#7241,#1376);
#1047=LINE('',#7246,#1377);
#1048=LINE('',#7260,#1378);
#1049=LINE('',#7261,#1379);
#1050=LINE('',#7281,#1380);
#1051=LINE('',#7282,#1381);
#1052=LINE('',#7296,#1382);
#1053=LINE('',#7297,#1383);
#1054=LINE('',#7317,#1384);
#1055=LINE('',#7318,#1385);
#1056=LINE('',#7326,#1386);
#1057=LINE('',#7327,#1387);
#1058=LINE('',#7329,#1388);
#1059=LINE('',#7333,#1389);
#1060=LINE('',#7337,#1390);
#1061=LINE('',#7351,#1391);
#1062=LINE('',#7352,#1392);
#1063=LINE('',#7355,#1393);
#1064=LINE('',#7358,#1394);
#1065=LINE('',#7375,#1395);
#1066=LINE('',#7378,#1396);
#1067=LINE('',#7382,#1397);
#1068=LINE('',#7383,#1398);
#1069=LINE('',#7384,#1399);
#1070=LINE('',#7388,#1400);
#1071=LINE('',#7391,#1401);
#1072=LINE('',#7392,#1402);
#1073=LINE('',#7396,#1403);
#1074=LINE('',#7399,#1404);
#1075=LINE('',#7400,#1405);
#1076=LINE('',#7404,#1406);
#1077=LINE('',#7418,#1407);
#1078=LINE('',#7421,#1408);
#1079=LINE('',#7437,#1409);
#1080=LINE('',#7443,#1410);
#1081=LINE('',#7448,#1411);
#1082=LINE('',#7451,#1412);
#1083=LINE('',#7458,#1413);
#1084=LINE('',#7461,#1414);
#1085=LINE('',#7465,#1415);
#1086=LINE('',#7467,#1416);
#1087=LINE('',#7469,#1417);
#1088=LINE('',#7470,#1418);
#1089=LINE('',#7473,#1419);
#1090=LINE('',#7476,#1420);
#1091=LINE('',#7485,#1421);
#1092=LINE('',#7487,#1422);
#1093=LINE('',#7491,#1423);
#1094=LINE('',#7494,#1424);
#1095=LINE('',#7503,#1425);
#1096=LINE('',#7511,#1426);
#1097=LINE('',#7512,#1427);
#1098=LINE('',#7515,#1428);
#1099=LINE('',#7516,#1429);
#1100=LINE('',#7521,#1430);
#1101=LINE('',#7524,#1431);
#1102=LINE('',#7527,#1432);
#1103=LINE('',#7530,#1433);
#1104=LINE('',#7541,#1434);
#1105=LINE('',#7542,#1435);
#1106=LINE('',#7550,#1436);
#1107=LINE('',#7551,#1437);
#1108=LINE('',#7554,#1438);
#1109=LINE('',#7556,#1439);
#1110=LINE('',#7560,#1440);
#1111=LINE('',#7566,#1441);
#1112=LINE('',#7567,#1442);
#1113=LINE('',#7578,#1443);
#1114=LINE('',#7579,#1444);
#1115=LINE('',#7581,#1445);
#1116=LINE('',#7586,#1446);
#1117=LINE('',#7587,#1447);
#1118=LINE('',#7598,#1448);
#1119=LINE('',#7599,#1449);
#1120=LINE('',#7607,#1450);
#1121=LINE('',#7608,#1451);
#1122=LINE('',#7610,#1452);
#1123=LINE('',#7613,#1453);
#1124=LINE('',#7622,#1454);
#1125=LINE('',#7628,#1455);
#1126=LINE('',#7630,#1456);
#1127=LINE('',#7631,#1457);
#1128=LINE('',#7637,#1458);
#1129=LINE('',#7638,#1459);
#1130=LINE('',#7639,#1460);
#1131=LINE('',#7643,#1461);
#1132=LINE('',#7646,#1462);
#1133=LINE('',#7647,#1463);
#1134=LINE('',#7651,#1464);
#1135=LINE('',#7654,#1465);
#1136=LINE('',#7655,#1466);
#1137=LINE('',#7659,#1467);
#1138=LINE('',#7673,#1468);
#1139=LINE('',#7677,#1469);
#1140=LINE('',#7692,#1470);
#1141=LINE('',#7697,#1471);
#1142=LINE('',#7698,#1472);
#1143=LINE('',#7699,#1473);
#1144=LINE('',#7703,#1474);
#1145=LINE('',#7706,#1475);
#1146=LINE('',#7707,#1476);
#1147=LINE('',#7711,#1477);
#1148=LINE('',#7714,#1478);
#1149=LINE('',#7715,#1479);
#1150=LINE('',#7719,#1480);
#1151=LINE('',#7733,#1481);
#1152=LINE('',#7737,#1482);
#1153=LINE('',#7752,#1483);
#1154=LINE('',#7755,#1484);
#1155=LINE('',#7757,#1485);
#1156=LINE('',#7758,#1486);
#1157=LINE('',#7762,#1487);
#1158=LINE('',#7764,#1488);
#1159=LINE('',#7845,#1489);
#1160=LINE('',#7890,#1490);
#1161=LINE('',#7899,#1491);
#1162=LINE('',#7907,#1492);
#1163=LINE('',#7911,#1493);
#1164=LINE('',#7926,#1494);
#1165=LINE('',#7927,#1495);
#1166=LINE('',#7935,#1496);
#1167=LINE('',#7936,#1497);
#1168=LINE('',#7945,#1498);
#1169=LINE('',#7948,#1499);
#1170=LINE('',#7951,#1500);
#1171=LINE('',#7952,#1501);
#1172=LINE('',#7957,#1502);
#1173=LINE('',#7976,#1503);
#1174=LINE('',#7977,#1504);
#1175=LINE('',#7986,#1505);
#1176=LINE('',#7989,#1506);
#1177=LINE('',#7992,#1507);
#1178=LINE('',#7993,#1508);
#1179=LINE('',#7997,#1509);
#1180=LINE('',#8007,#1510);
#1181=LINE('',#8014,#1511);
#1182=LINE('',#8017,#1512);
#1183=LINE('',#8026,#1513);
#1184=LINE('',#8029,#1514);
#1185=LINE('',#8032,#1515);
#1186=LINE('',#8033,#1516);
#1187=LINE('',#8037,#1517);
#1188=LINE('',#8040,#1518);
#1189=LINE('',#8041,#1519);
#1190=LINE('',#8044,#1520);
#1191=LINE('',#8052,#1521);
#1192=LINE('',#8136,#1522);
#1193=LINE('',#8177,#1523);
#1194=LINE('',#8185,#1524);
#1195=LINE('',#8194,#1525);
#1196=LINE('',#8198,#1526);
#1197=LINE('',#8202,#1527);
#1198=LINE('',#8205,#1528);
#1199=LINE('',#8216,#1529);
#1200=LINE('',#8217,#1530);
#1201=LINE('',#8225,#1531);
#1202=LINE('',#8226,#1532);
#1203=LINE('',#8234,#1533);
#1204=LINE('',#8235,#1534);
#1205=LINE('',#8238,#1535);
#1206=LINE('',#8239,#1536);
#1207=LINE('',#8242,#1537);
#1208=LINE('',#8246,#1538);
#1209=LINE('',#8247,#1539);
#1210=LINE('',#8250,#1540);
#1211=LINE('',#8253,#1541);
#1212=LINE('',#8257,#1542);
#1213=LINE('',#8260,#1543);
#1214=LINE('',#8264,#1544);
#1215=LINE('',#8270,#1545);
#1216=LINE('',#8274,#1546);
#1217=LINE('',#8283,#1547);
#1218=LINE('',#8289,#1548);
#1219=LINE('',#8292,#1549);
#1220=LINE('',#8293,#1550);
#1221=LINE('',#8296,#1551);
#1222=LINE('',#8300,#1552);
#1223=LINE('',#8301,#1553);
#1224=LINE('',#8304,#1554);
#1225=LINE('',#8307,#1555);
#1226=LINE('',#8311,#1556);
#1227=LINE('',#8319,#1557);
#1228=LINE('',#8325,#1558);
#1229=LINE('',#8329,#1559);
#1230=LINE('',#8330,#1560);
#1231=LINE('',#8334,#1561);
#1232=LINE('',#8337,#1562);
#1233=LINE('',#8338,#1563);
#1234=LINE('',#8342,#1564);
#1235=LINE('',#8349,#1565);
#1236=LINE('',#8353,#1566);
#1237=LINE('',#8354,#1567);
#1238=LINE('',#8358,#1568);
#1239=LINE('',#8361,#1569);
#1240=LINE('',#8362,#1570);
#1241=LINE('',#8366,#1571);
#1242=LINE('',#8373,#1572);
#1243=LINE('',#8376,#1573);
#1244=LINE('',#8378,#1574);
#1245=LINE('',#8380,#1575);
#1246=LINE('',#8438,#1576);
#1247=LINE('',#8471,#1577);
#1248=LINE('',#8474,#1578);
#1249=LINE('',#8491,#1579);
#1250=LINE('',#8492,#1580);
#1251=LINE('',#8497,#1581);
#1252=LINE('',#8501,#1582);
#1253=LINE('',#8502,#1583);
#1254=LINE('',#8503,#1584);
#1255=LINE('',#8508,#1585);
#1256=LINE('',#8509,#1586);
#1257=LINE('',#8514,#1587);
#1258=LINE('',#8515,#1588);
#1259=LINE('',#8562,#1589);
#1260=LINE('',#8566,#1590);
#1261=LINE('',#8570,#1591);
#1262=LINE('',#8572,#1592);
#1263=LINE('',#8588,#1593);
#1264=LINE('',#8591,#1594);
#1265=LINE('',#8600,#1595);
#1266=LINE('',#8603,#1596);
#1267=LINE('',#8606,#1597);
#1268=LINE('',#8607,#1598);
#1269=LINE('',#8610,#1599);
#1270=LINE('',#8612,#1600);
#1271=LINE('',#8613,#1601);
#1272=LINE('',#8616,#1602);
#1273=LINE('',#8620,#1603);
#1274=LINE('',#8648,#1604);
#1275=LINE('',#8652,#1605);
#1276=LINE('',#8655,#1606);
#1277=LINE('',#8658,#1607);
#1278=LINE('',#8660,#1608);
#1279=LINE('',#8662,#1609);
#1280=LINE('',#8691,#1610);
#1281=LINE('',#8694,#1611);
#1282=LINE('',#8723,#1612);
#1283=LINE('',#8726,#1613);
#1284=LINE('',#8728,#1614);
#1285=LINE('',#8729,#1615);
#1286=LINE('',#8745,#1616);
#1287=LINE('',#8746,#1617);
#1288=LINE('',#8748,#1618);
#1289=LINE('',#8750,#1619);
#1290=LINE('',#8755,#1620);
#1291=LINE('',#8765,#1621);
#1292=LINE('',#8767,#1622);
#1293=LINE('',#8784,#1623);
#1294=LINE('',#8787,#1624);
#1295=LINE('',#8794,#1625);
#1296=LINE('',#8795,#1626);
#1297=LINE('',#8796,#1627);
#1298=LINE('',#8804,#1628);
#1299=LINE('',#8806,#1629);
#1300=LINE('',#8856,#1630);
#1301=LINE('',#8867,#1631);
#1302=LINE('',#8869,#1632);
#1303=LINE('',#8871,#1633);
#1304=LINE('',#8874,#1634);
#1305=LINE('',#8876,#1635);
#1306=LINE('',#8880,#1636);
#1307=LINE('',#8892,#1637);
#1308=LINE('',#8894,#1638);
#1309=LINE('',#8895,#1639);
#1310=LINE('',#8920,#1640);
#1311=LINE('',#8934,#1641);
#1312=LINE('',#8937,#1642);
#1313=LINE('',#8938,#1643);
#1314=LINE('',#8941,#1644);
#1315=LINE('',#8950,#1645);
#1316=LINE('',#8951,#1646);
#1317=LINE('',#8953,#1647);
#1318=LINE('',#8955,#1648);
#1319=LINE('',#8959,#1649);
#1320=LINE('',#8965,#1650);
#1321=LINE('',#8966,#1651);
#1322=LINE('',#8971,#1652);
#1323=LINE('',#8972,#1653);
#1324=LINE('',#8975,#1654);
#1325=LINE('',#8979,#1655);
#1326=LINE('',#8981,#1656);
#1327=LINE('',#8982,#1657);
#1328=LINE('',#9023,#1658);
#1329=LINE('',#9027,#1659);
#1330=LINE('',#9031,#1660);
#1331=LINE('',#9043,#1661);
#1332=LINE('',#9047,#1662);
#1333=LINE('',#9053,#1663);
#1334=LINE('',#9056,#1664);
#1335=LINE('',#9059,#1665);
#1336=LINE('',#9062,#1666);
#1337=LINE('',#9063,#1667);
#1338=LINE('',#9072,#1668);
#1339=LINE('',#9093,#1669);
#1340=LINE('',#9097,#1670);
#1341=LINE('',#9099,#1671);
#1342=LINE('',#9103,#1672);
#1343=LINE('',#9105,#1673);
#1344=LINE('',#9135,#1674);
#1345=LINE('',#9138,#1675);
#1346=LINE('',#9167,#1676);
#1347=LINE('',#9170,#1677);
#1348=LINE('',#9187,#1678);
#1349=LINE('',#9188,#1679);
#1350=LINE('',#9191,#1680);
#1351=LINE('',#9196,#1681);
#1352=LINE('',#9197,#1682);
#1353=LINE('',#9207,#1683);
#1354=LINE('',#9209,#1684);
#1355=LINE('',#9226,#1685);
#1356=LINE('',#9229,#1686);
#1357=LINE('',#9231,#1687);
#1358=LINE('',#9233,#1688);
#1359=LINE('',#9235,#1689);
#1360=LINE('',#9246,#1690);
#1361=LINE('',#9248,#1691);
#1362=VECTOR('',#5610,15.8);
#1363=VECTOR('',#5617,15.9);
#1364=VECTOR('',#5620,16.05);
#1365=VECTOR('',#5629,15.6);
#1366=VECTOR('',#5634,15.);
#1367=VECTOR('',#5637,10.);
#1368=VECTOR('',#5638,10.);
#1369=VECTOR('',#5639,10.);
#1370=VECTOR('',#5640,10.);
#1371=VECTOR('',#5653,10.);
#1372=VECTOR('',#5656,10.);
#1373=VECTOR('',#5671,10.);
#1374=VECTOR('',#5682,10.);
#1375=VECTOR('',#5683,10.);
#1376=VECTOR('',#5686,10.);
#1377=VECTOR('',#5693,10.);
#1378=VECTOR('',#5708,10.);
#1379=VECTOR('',#5709,10.);
#1380=VECTOR('',#5732,10.);
#1381=VECTOR('',#5733,10.);
#1382=VECTOR('',#5748,10.);
#1383=VECTOR('',#5749,10.);
#1384=VECTOR('',#5772,10.);
#1385=VECTOR('',#5773,10.);
#1386=VECTOR('',#5784,10.);
#1387=VECTOR('',#5785,10.);
#1388=VECTOR('',#5788,10.);
#1389=VECTOR('',#5791,10.);
#1390=VECTOR('',#5794,10.);
#1391=VECTOR('',#5803,10.);
#1392=VECTOR('',#5804,10.);
#1393=VECTOR('',#5807,10.);
#1394=VECTOR('',#5810,10.);
#1395=VECTOR('',#5819,10.);
#1396=VECTOR('',#5822,10.);
#1397=VECTOR('',#5825,10.);
#1398=VECTOR('',#5826,10.);
#1399=VECTOR('',#5827,10.);
#1400=VECTOR('',#5834,10.);
#1401=VECTOR('',#5837,10.);
#1402=VECTOR('',#5838,10.);
#1403=VECTOR('',#5843,10.);
#1404=VECTOR('',#5846,10.);
#1405=VECTOR('',#5847,10.);
#1406=VECTOR('',#5850,10.);
#1407=VECTOR('',#5859,10.);
#1408=VECTOR('',#5862,10.);
#1409=VECTOR('',#5871,10.);
#1410=VECTOR('',#5878,15.8);
#1411=VECTOR('',#5885,15.9);
#1412=VECTOR('',#5888,16.05);
#1413=VECTOR('',#5897,15.6);
#1414=VECTOR('',#5902,15.);
#1415=VECTOR('',#5905,10.);
#1416=VECTOR('',#5906,10.);
#1417=VECTOR('',#5907,10.);
#1418=VECTOR('',#5908,10.);
#1419=VECTOR('',#5911,10.);
#1420=VECTOR('',#5914,10.);
#1421=VECTOR('',#5925,10.);
#1422=VECTOR('',#5926,10.);
#1423=VECTOR('',#5931,10.);
#1424=VECTOR('',#5934,10.);
#1425=VECTOR('',#5947,10.);
#1426=VECTOR('',#5958,10.);
#1427=VECTOR('',#5959,10.);
#1428=VECTOR('',#5962,10.);
#1429=VECTOR('',#5963,10.);
#1430=VECTOR('',#5970,10.);
#1431=VECTOR('',#5975,10.);
#1432=VECTOR('',#5978,10.);
#1433=VECTOR('',#5981,10.);
#1434=VECTOR('',#5994,10.);
#1435=VECTOR('',#5995,10.);
#1436=VECTOR('',#6006,10.);
#1437=VECTOR('',#6007,10.);
#1438=VECTOR('',#6010,10.);
#1439=VECTOR('',#6011,10.);
#1440=VECTOR('',#6014,10.);
#1441=VECTOR('',#6021,10.);
#1442=VECTOR('',#6022,10.);
#1443=VECTOR('',#6035,10.);
#1444=VECTOR('',#6036,10.);
#1445=VECTOR('',#6039,10.);
#1446=VECTOR('',#6044,10.);
#1447=VECTOR('',#6045,10.);
#1448=VECTOR('',#6058,10.);
#1449=VECTOR('',#6059,10.);
#1450=VECTOR('',#6070,10.);
#1451=VECTOR('',#6071,10.);
#1452=VECTOR('',#6074,10.);
#1453=VECTOR('',#6077,10.);
#1454=VECTOR('',#6090,10.);
#1455=VECTOR('',#6099,10.);
#1456=VECTOR('',#6102,10.);
#1457=VECTOR('',#6103,10.);
#1458=VECTOR('',#6110,10.);
#1459=VECTOR('',#6111,10.);
#1460=VECTOR('',#6112,10.);
#1461=VECTOR('',#6119,10.);
#1462=VECTOR('',#6122,10.);
#1463=VECTOR('',#6123,10.);
#1464=VECTOR('',#6128,10.);
#1465=VECTOR('',#6131,10.);
#1466=VECTOR('',#6132,10.);
#1467=VECTOR('',#6135,10.);
#1468=VECTOR('',#6144,10.);
#1469=VECTOR('',#6149,10.);
#1470=VECTOR('',#6156,10.);
#1471=VECTOR('',#6161,10.);
#1472=VECTOR('',#6162,10.);
#1473=VECTOR('',#6163,10.);
#1474=VECTOR('',#6170,10.);
#1475=VECTOR('',#6173,10.);
#1476=VECTOR('',#6174,10.);
#1477=VECTOR('',#6179,10.);
#1478=VECTOR('',#6182,10.);
#1479=VECTOR('',#6183,10.);
#1480=VECTOR('',#6186,10.);
#1481=VECTOR('',#6195,10.);
#1482=VECTOR('',#6200,10.);
#1483=VECTOR('',#6207,10.);
#1484=VECTOR('',#6212,10.);
#1485=VECTOR('',#6215,10.);
#1486=VECTOR('',#6216,10.);
#1487=VECTOR('',#6223,10.);
#1488=VECTOR('',#6226,10.);
#1489=VECTOR('',#6233,10.);
#1490=VECTOR('',#6238,10.);
#1491=VECTOR('',#6245,10.);
#1492=VECTOR('',#6256,10.);
#1493=VECTOR('',#6259,10.);
#1494=VECTOR('',#6276,10.);
#1495=VECTOR('',#6277,10.);
#1496=VECTOR('',#6288,10.);
#1497=VECTOR('',#6289,10.);
#1498=VECTOR('',#6300,10.);
#1499=VECTOR('',#6303,10.);
#1500=VECTOR('',#6306,10.);
#1501=VECTOR('',#6307,10.);
#1502=VECTOR('',#6312,10.);
#1503=VECTOR('',#6335,10.);
#1504=VECTOR('',#6336,10.);
#1505=VECTOR('',#6347,10.);
#1506=VECTOR('',#6350,10.);
#1507=VECTOR('',#6353,10.);
#1508=VECTOR('',#6354,10.);
#1509=VECTOR('',#6359,10.);
#1510=VECTOR('',#6372,10.);
#1511=VECTOR('',#6381,10.);
#1512=VECTOR('',#6384,10.);
#1513=VECTOR('',#6395,10.);
#1514=VECTOR('',#6398,10.);
#1515=VECTOR('',#6401,10.);
#1516=VECTOR('',#6402,10.);
#1517=VECTOR('',#6407,10.);
#1518=VECTOR('',#6410,10.);
#1519=VECTOR('',#6411,10.);
#1520=VECTOR('',#6414,10.);
#1521=VECTOR('',#6425,10.);
#1522=VECTOR('',#6430,10.);
#1523=VECTOR('',#6435,10.);
#1524=VECTOR('',#6440,10.);
#1525=VECTOR('',#6453,10.);
#1526=VECTOR('',#6456,10.);
#1527=VECTOR('',#6461,10.);
#1528=VECTOR('',#6464,10.);
#1529=VECTOR('',#6477,10.);
#1530=VECTOR('',#6478,10.);
#1531=VECTOR('',#6489,10.);
#1532=VECTOR('',#6490,10.);
#1533=VECTOR('',#6501,10.);
#1534=VECTOR('',#6502,10.);
#1535=VECTOR('',#6505,10.);
#1536=VECTOR('',#6506,10.);
#1537=VECTOR('',#6509,10.);
#1538=VECTOR('',#6514,10.);
#1539=VECTOR('',#6515,10.);
#1540=VECTOR('',#6518,10.);
#1541=VECTOR('',#6521,10.);
#1542=VECTOR('',#6524,10.);
#1543=VECTOR('',#6527,10.);
#1544=VECTOR('',#6532,10.);
#1545=VECTOR('',#6541,10.);
#1546=VECTOR('',#6546,10.);
#1547=VECTOR('',#6559,10.);
#1548=VECTOR('',#6568,10.);
#1549=VECTOR('',#6571,10.);
#1550=VECTOR('',#6572,10.);
#1551=VECTOR('',#6575,10.);
#1552=VECTOR('',#6580,10.);
#1553=VECTOR('',#6581,10.);
#1554=VECTOR('',#6584,10.);
#1555=VECTOR('',#6589,10.);
#1556=VECTOR('',#6594,10.);
#1557=VECTOR('',#6605,10.);
#1558=VECTOR('',#6614,10.);
#1559=VECTOR('',#6619,10.);
#1560=VECTOR('',#6620,10.);
#1561=VECTOR('',#6625,10.);
#1562=VECTOR('',#6628,10.);
#1563=VECTOR('',#6629,10.);
#1564=VECTOR('',#6634,10.);
#1565=VECTOR('',#6643,10.);
#1566=VECTOR('',#6648,10.);
#1567=VECTOR('',#6649,10.);
#1568=VECTOR('',#6654,10.);
#1569=VECTOR('',#6657,10.);
#1570=VECTOR('',#6658,10.);
#1571=VECTOR('',#6663,10.);
#1572=VECTOR('',#6672,10.);
#1573=VECTOR('',#6677,10.);
#1574=VECTOR('',#6680,10.);
#1575=VECTOR('',#6683,10.);
#1576=VECTOR('',#6696,10.);
#1577=VECTOR('',#6699,8.);
#1578=VECTOR('',#6702,10.);
#1579=VECTOR('',#6723,10.);
#1580=VECTOR('',#6724,8.);
#1581=VECTOR('',#6729,10.);
#1582=VECTOR('',#6732,10.);
#1583=VECTOR('',#6733,10.);
#1584=VECTOR('',#6734,10.);
#1585=VECTOR('',#6737,10.);
#1586=VECTOR('',#6738,10.);
#1587=VECTOR('',#6741,10.);
#1588=VECTOR('',#6742,10.);
#1589=VECTOR('',#6745,10.);
#1590=VECTOR('',#6748,8.);
#1591=VECTOR('',#6753,8.);
#1592=VECTOR('',#6754,10.);
#1593=VECTOR('',#6775,8.);
#1594=VECTOR('',#6778,10.);
#1595=VECTOR('',#6789,15.);
#1596=VECTOR('',#6792,15.);
#1597=VECTOR('',#6795,10.);
#1598=VECTOR('',#6796,10.);
#1599=VECTOR('',#6799,10.);
#1600=VECTOR('',#6800,10.);
#1601=VECTOR('',#6801,10.);
#1602=VECTOR('',#6804,10.);
#1603=VECTOR('',#6807,10.);
#1604=VECTOR('',#6812,10.);
#1605=VECTOR('',#6817,10.);
#1606=VECTOR('',#6822,10.);
#1607=VECTOR('',#6827,10.);
#1608=VECTOR('',#6830,10.);
#1609=VECTOR('',#6833,10.);
#1610=VECTOR('',#6840,10.);
#1611=VECTOR('',#6843,10.);
#1612=VECTOR('',#6850,10.);
#1613=VECTOR('',#6853,10.);
#1614=VECTOR('',#6856,10.);
#1615=VECTOR('',#6857,10.);
#1616=VECTOR('',#6866,10.);
#1617=VECTOR('',#6867,10.);
#1618=VECTOR('',#6870,10.);
#1619=VECTOR('',#6871,10.);
#1620=VECTOR('',#6872,10.);
#1621=VECTOR('',#6881,10.);
#1622=VECTOR('',#6884,10.);
#1623=VECTOR('',#6895,10.);
#1624=VECTOR('',#6898,10.);
#1625=VECTOR('',#6901,10.);
#1626=VECTOR('',#6902,10.);
#1627=VECTOR('',#6903,10.);
#1628=VECTOR('',#6910,10.);
#1629=VECTOR('',#6913,10.);
#1630=VECTOR('',#6924,10.);
#1631=VECTOR('',#6929,10.);
#1632=VECTOR('',#6930,10.);
#1633=VECTOR('',#6931,10.);
#1634=VECTOR('',#6934,10.);
#1635=VECTOR('',#6935,10.);
#1636=VECTOR('',#6938,10.);
#1637=VECTOR('',#6939,10.);
#1638=VECTOR('',#6940,10.);
#1639=VECTOR('',#6941,10.);
#1640=VECTOR('',#6946,8.);
#1641=VECTOR('',#6955,8.);
#1642=VECTOR('',#6958,8.);
#1643=VECTOR('',#6959,10.);
#1644=VECTOR('',#6962,10.);
#1645=VECTOR('',#6975,8.);
#1646=VECTOR('',#6976,10.);
#1647=VECTOR('',#6979,10.);
#1648=VECTOR('',#6980,10.);
#1649=VECTOR('',#6983,10.);
#1650=VECTOR('',#6988,10.);
#1651=VECTOR('',#6989,10.);
#1652=VECTOR('',#6992,10.);
#1653=VECTOR('',#6993,10.);
#1654=VECTOR('',#6996,10.);
#1655=VECTOR('',#6999,10.);
#1656=VECTOR('',#7000,15.);
#1657=VECTOR('',#7001,10.);
#1658=VECTOR('',#7004,10.);
#1659=VECTOR('',#7007,8.);
#1660=VECTOR('',#7012,8.);
#1661=VECTOR('',#7031,8.);
#1662=VECTOR('',#7036,8.);
#1663=VECTOR('',#7045,8.);
#1664=VECTOR('',#7048,15.);
#1665=VECTOR('',#7053,10.);
#1666=VECTOR('',#7056,10.);
#1667=VECTOR('',#7057,10.);
#1668=VECTOR('',#7062,10.);
#1669=VECTOR('',#7069,10.);
#1670=VECTOR('',#7074,10.);
#1671=VECTOR('',#7077,10.);
#1672=VECTOR('',#7084,10.);
#1673=VECTOR('',#7087,10.);
#1674=VECTOR('',#7096,10.);
#1675=VECTOR('',#7099,10.);
#1676=VECTOR('',#7106,10.);
#1677=VECTOR('',#7109,10.);
#1678=VECTOR('',#7120,10.);
#1679=VECTOR('',#7121,10.);
#1680=VECTOR('',#7124,10.);
#1681=VECTOR('',#7125,10.);
#1682=VECTOR('',#7126,10.);
#1683=VECTOR('',#7135,10.);
#1684=VECTOR('',#7138,10.);
#1685=VECTOR('',#7149,10.);
#1686=VECTOR('',#7152,10.);
#1687=VECTOR('',#7155,10.);
#1688=VECTOR('',#7156,10.);
#1689=VECTOR('',#7157,10.);
#1690=VECTOR('',#7164,10.);
#1691=VECTOR('',#7167,10.);
#1692=CIRCLE('',#4988,16.3);
#1693=CIRCLE('',#4989,15.3);
#1694=CIRCLE('',#4991,16.3);
#1695=CIRCLE('',#4993,15.8);
#1696=CIRCLE('',#4996,15.9);
#1697=CIRCLE('',#4997,15.3);
#1698=CIRCLE('',#5001,1.40000000000001);
#1699=CIRCLE('',#5002,6.);
#1700=CIRCLE('',#5003,1.40000000000001);
#1701=CIRCLE('',#5004,7.4);
#1702=CIRCLE('',#5008,1.39999999999999);
#1703=CIRCLE('',#5009,40.0000000000001);
#1704=CIRCLE('',#5010,1.40000000000001);
#1705=CIRCLE('',#5011,38.6000000000002);
#1706=CIRCLE('',#5013,1.39999999999999);
#1707=CIRCLE('',#5015,1.39999999999999);
#1708=CIRCLE('',#5016,40.0000000000001);
#1709=CIRCLE('',#5017,38.6000000000001);
#1710=CIRCLE('',#5020,40.0000000000001);
#1711=CIRCLE('',#5022,40.0000000000001);
#1712=CIRCLE('',#5024,1.40000000000001);
#1713=CIRCLE('',#5025,21.4000000000001);
#1714=CIRCLE('',#5026,1.40000000000001);
#1715=CIRCLE('',#5027,20.0000000000001);
#1716=CIRCLE('',#5029,1.40000000000001);
#1717=CIRCLE('',#5031,1.40000000000001);
#1718=CIRCLE('',#5032,21.4);
#1719=CIRCLE('',#5033,20.);
#1720=CIRCLE('',#5035,0.999999999999996);
#1721=CIRCLE('',#5036,5.);
#1722=CIRCLE('',#5037,0.999999999999996);
#1723=CIRCLE('',#5038,6.);
#1724=CIRCLE('',#5040,1.);
#1725=CIRCLE('',#5042,2.00000000000138);
#1726=CIRCLE('',#5043,32.0000000000001);
#1727=CIRCLE('',#5044,1.99999999999999);
#1728=CIRCLE('',#5045,30.0000000000001);
#1729=CIRCLE('',#5047,1.99999999999999);
#1730=CIRCLE('',#5049,2.00000000000577);
#1731=CIRCLE('',#5050,32.0000000000001);
#1732=CIRCLE('',#5051,30.0000000000001);
#1733=CIRCLE('',#5053,1.99999999999998);
#1734=CIRCLE('',#5054,30.0000000000001);
#1735=CIRCLE('',#5055,2.);
#1736=CIRCLE('',#5056,28.0000000000001);
#1737=CIRCLE('',#5058,1.99999999999999);
#1738=CIRCLE('',#5060,2.);
#1739=CIRCLE('',#5061,30.0000000000001);
#1740=CIRCLE('',#5062,28.0000000000001);
#1741=CIRCLE('',#5066,32.8557521937309);
#1742=CIRCLE('',#5067,27.2794046853242);
#1743=CIRCLE('',#5068,19.9999999999999);
#1744=CIRCLE('',#5069,19.9999999999999);
#1745=CIRCLE('',#5072,19.9999999999999);
#1746=CIRCLE('',#5073,10.);
#1747=CIRCLE('',#5074,14.9999999999999);
#1748=CIRCLE('',#5075,10.);
#1749=CIRCLE('',#5077,12.6794919243116);
#1750=CIRCLE('',#5080,19.9999999999999);
#1751=CIRCLE('',#5084,10.);
#1752=CIRCLE('',#5087,32.855752193731);
#1753=CIRCLE('',#5088,27.2794046853242);
#1754=CIRCLE('',#5089,19.9999999999999);
#1755=CIRCLE('',#5092,20.);
#1756=CIRCLE('',#5093,10.);
#1757=CIRCLE('',#5094,15.);
#1758=CIRCLE('',#5096,12.6794919243116);
#1759=CIRCLE('',#5098,16.3);
#1760=CIRCLE('',#5099,15.3);
#1761=CIRCLE('',#5101,16.3);
#1762=CIRCLE('',#5103,15.8);
#1763=CIRCLE('',#5106,15.9);
#1764=CIRCLE('',#5107,15.3);
#1765=CIRCLE('',#5111,1.40000000000001);
#1766=CIRCLE('',#5113,1.40000000000001);
#1767=CIRCLE('',#5114,7.4);
#1768=CIRCLE('',#5115,6.);
#1769=CIRCLE('',#5119,1.40000000000001);
#1770=CIRCLE('',#5121,1.39999999999999);
#1771=CIRCLE('',#5122,38.6000000000002);
#1772=CIRCLE('',#5123,40.0000000000001);
#1773=CIRCLE('',#5125,1.39999999999999);
#1774=CIRCLE('',#5127,1.39999999999999);
#1775=CIRCLE('',#5128,38.6000000000001);
#1776=CIRCLE('',#5129,40.0000000000001);
#1777=CIRCLE('',#5133,40.0000000000001);
#1778=CIRCLE('',#5135,40.0000000000001);
#1779=CIRCLE('',#5138,1.40000000000001);
#1780=CIRCLE('',#5140,1.40000000000001);
#1781=CIRCLE('',#5141,20.0000000000001);
#1782=CIRCLE('',#5142,21.4000000000001);
#1783=CIRCLE('',#5144,1.40000000000001);
#1784=CIRCLE('',#5146,1.40000000000001);
#1785=CIRCLE('',#5147,20.);
#1786=CIRCLE('',#5148,21.4);
#1787=CIRCLE('',#5151,28.0000000000001);
#1788=CIRCLE('',#5152,28.0000000000001);
#1789=CIRCLE('',#5154,0.999999999999996);
#1790=CIRCLE('',#5156,0.999999999999996);
#1791=CIRCLE('',#5157,6.);
#1792=CIRCLE('',#5158,5.);
#1793=CIRCLE('',#5160,1.);
#1794=CIRCLE('',#5163,1.99999999999999);
#1795=CIRCLE('',#5165,2.00000000000138);
#1796=CIRCLE('',#5166,30.0000000000001);
#1797=CIRCLE('',#5167,32.0000000000001);
#1798=CIRCLE('',#5169,1.99999999999999);
#1799=CIRCLE('',#5171,2.00000000000577);
#1800=CIRCLE('',#5172,30.0000000000001);
#1801=CIRCLE('',#5173,32.0000000000001);
#1802=CIRCLE('',#5177,2.);
#1803=CIRCLE('',#5179,1.99999999999998);
#1804=CIRCLE('',#5180,30.0000000000001);
#1805=CIRCLE('',#5182,1.99999999999999);
#1806=CIRCLE('',#5184,2.);
#1807=CIRCLE('',#5185,30.0000000000001);
#1808=CIRCLE('',#5192,19.9999999999999);
#1809=CIRCLE('',#5196,10.);
#1810=CIRCLE('',#5199,27.2794046853242);
#1811=CIRCLE('',#5200,32.8557521937309);
#1812=CIRCLE('',#5201,19.9999999999999);
#1813=CIRCLE('',#5204,19.9999999999999);
#1814=CIRCLE('',#5205,10.);
#1815=CIRCLE('',#5206,14.9999999999999);
#1816=CIRCLE('',#5208,12.6794919243116);
#1817=CIRCLE('',#5211,19.9999999999999);
#1818=CIRCLE('',#5215,10.);
#1819=CIRCLE('',#5218,27.2794046853242);
#1820=CIRCLE('',#5219,32.855752193731);
#1821=CIRCLE('',#5220,19.9999999999999);
#1822=CIRCLE('',#5223,20.);
#1823=CIRCLE('',#5224,10.);
#1824=CIRCLE('',#5225,15.);
#1825=CIRCLE('',#5227,12.6794919243116);
#1826=CIRCLE('',#5238,24.);
#1827=CIRCLE('',#5239,26.);
#1828=CIRCLE('',#5243,30.);
#1829=CIRCLE('',#5245,24.);
#1830=CIRCLE('',#5248,1.4);
#1831=CIRCLE('',#5250,1.40000000000185);
#1832=CIRCLE('',#5251,38.6000000000002);
#1833=CIRCLE('',#5252,1.40000000000001);
#1834=CIRCLE('',#5253,40.0000000000002);
#1835=CIRCLE('',#5255,1.40000000000001);
#1836=CIRCLE('',#5257,1.40000000000624);
#1837=CIRCLE('',#5258,38.6000000000001);
#1838=CIRCLE('',#5259,40.0000000000001);
#1839=CIRCLE('',#5262,1.40000000000002);
#1840=CIRCLE('',#5263,6.);
#1841=CIRCLE('',#5264,7.4);
#1842=CIRCLE('',#5266,6.);
#1843=CIRCLE('',#5269,0.999999999999996);
#1844=CIRCLE('',#5270,1.);
#1845=CIRCLE('',#5272,0.999999999999996);
#1846=CIRCLE('',#5273,5.);
#1847=CIRCLE('',#5275,2.00000000000001);
#1848=CIRCLE('',#5276,30.4000000000001);
#1849=CIRCLE('',#5277,2.);
#1850=CIRCLE('',#5278,32.4000000000001);
#1851=CIRCLE('',#5280,1.99999999999998);
#1852=CIRCLE('',#5282,2.00000000000001);
#1853=CIRCLE('',#5283,30.4000000000001);
#1854=CIRCLE('',#5284,32.4000000000001);
#1855=CIRCLE('',#5286,30.4000000000001);
#1856=CIRCLE('',#5289,30.4000000000001);
#1857=CIRCLE('',#5291,1.99999999999999);
#1858=CIRCLE('',#5292,28.4000000000001);
#1859=CIRCLE('',#5293,1.99999999999999);
#1860=CIRCLE('',#5295,1.99999999999999);
#1861=CIRCLE('',#5297,1.99999999999999);
#1862=CIRCLE('',#5298,28.4000000000001);
#1863=CIRCLE('',#5300,40.0000000000001);
#1864=CIRCLE('',#5302,12.);
#1865=CIRCLE('',#5303,35.7134513162386);
#1866=CIRCLE('',#5304,12.);
#1867=CIRCLE('',#5306,32.3676428111947);
#1868=CIRCLE('',#5309,12.);
#1869=CIRCLE('',#5312,40.0000000000001);
#1870=CIRCLE('',#5314,12.);
#1871=CIRCLE('',#5315,35.7134513162386);
#1872=CIRCLE('',#5317,32.3676428111947);
#1873=CIRCLE('',#5320,26.);
#1874=CIRCLE('',#5321,24.);
#1875=CIRCLE('',#5325,30.);
#1876=CIRCLE('',#5327,24.);
#1877=CIRCLE('',#5329,1.4);
#1878=CIRCLE('',#5332,1.40000000000001);
#1879=CIRCLE('',#5334,1.40000000000185);
#1880=CIRCLE('',#5335,40.0000000000002);
#1881=CIRCLE('',#5336,38.6000000000002);
#1882=CIRCLE('',#5338,1.40000000000001);
#1883=CIRCLE('',#5340,1.40000000000624);
#1884=CIRCLE('',#5341,40.0000000000001);
#1885=CIRCLE('',#5342,38.6000000000001);
#1886=CIRCLE('',#5345,1.40000000000002);
#1887=CIRCLE('',#5346,7.4);
#1888=CIRCLE('',#5347,6.);
#1889=CIRCLE('',#5351,6.);
#1890=CIRCLE('',#5354,1.);
#1891=CIRCLE('',#5355,32.4000000000001);
#1892=CIRCLE('',#5356,32.4000000000001);
#1893=CIRCLE('',#5358,0.999999999999996);
#1894=CIRCLE('',#5360,0.999999999999996);
#1895=CIRCLE('',#5361,5.);
#1896=CIRCLE('',#5365,2.);
#1897=CIRCLE('',#5367,2.00000000000001);
#1898=CIRCLE('',#5368,30.4000000000001);
#1899=CIRCLE('',#5370,1.99999999999998);
#1900=CIRCLE('',#5372,2.00000000000001);
#1901=CIRCLE('',#5373,30.4000000000001);
#1902=CIRCLE('',#5377,30.4000000000001);
#1903=CIRCLE('',#5380,30.4000000000001);
#1904=CIRCLE('',#5383,1.99999999999999);
#1905=CIRCLE('',#5385,1.99999999999999);
#1906=CIRCLE('',#5386,28.4000000000001);
#1907=CIRCLE('',#5388,1.99999999999999);
#1908=CIRCLE('',#5390,1.99999999999999);
#1909=CIRCLE('',#5391,28.4000000000001);
#1910=CIRCLE('',#5396,12.);
#1911=CIRCLE('',#5399,40.0000000000001);
#1912=CIRCLE('',#5401,12.);
#1913=CIRCLE('',#5402,35.7134513162386);
#1914=CIRCLE('',#5404,32.3676428111947);
#1915=CIRCLE('',#5407,12.);
#1916=CIRCLE('',#5410,40.0000000000001);
#1917=CIRCLE('',#5412,12.);
#1918=CIRCLE('',#5413,35.7134513162386);
#1919=CIRCLE('',#5415,32.3676428111947);
#1920=CIRCLE('',#5421,31.5);
#1921=CIRCLE('',#5422,27.5);
#1922=CIRCLE('',#5424,31.5);
#1923=CIRCLE('',#5426,8.00000000000005);
#1924=CIRCLE('',#5428,8.00000000000005);
#1925=CIRCLE('',#5429,33.4641016151378);
#1926=CIRCLE('',#5430,30.);
#1927=CIRCLE('',#5432,8.);
#1928=CIRCLE('',#5433,33.4641016151378);
#1929=CIRCLE('',#5434,8.);
#1930=CIRCLE('',#5435,30.);
#1931=CIRCLE('',#5438,29.0564971157455);
#1932=CIRCLE('',#5439,23.8);
#1933=CIRCLE('',#5440,17.);
#1934=CIRCLE('',#5441,17.);
#1935=CIRCLE('',#5444,8.00000000000001);
#1936=CIRCLE('',#5446,8.00000000000001);
#1937=CIRCLE('',#5448,8.00000000000001);
#1938=CIRCLE('',#5449,42.);
#1939=CIRCLE('',#5450,38.5358983848622);
#1940=CIRCLE('',#5452,8.00000000000001);
#1941=CIRCLE('',#5453,15.);
#1942=CIRCLE('',#5454,8.41018772329562);
#1943=CIRCLE('',#5456,8.);
#1944=CIRCLE('',#5458,8.00000000000001);
#1945=CIRCLE('',#5459,38.5358983848622);
#1946=CIRCLE('',#5460,42.);
#1947=CIRCLE('',#5462,15.);
#1948=CIRCLE('',#5469,23.8);
#1949=CIRCLE('',#5471,25.8564971157455);
#1950=CIRCLE('',#5478,15.);
#1951=CIRCLE('',#5480,15.);
#1952=CIRCLE('',#5482,15.);
#1953=CIRCLE('',#5484,15.);
#1954=CIRCLE('',#5487,15.1);
#1955=CIRCLE('',#5488,15.9);
#1956=CIRCLE('',#5492,15.9);
#1957=CIRCLE('',#5493,15.1);
#1958=CIRCLE('',#5498,15.9);
#1959=CIRCLE('',#5499,15.5);
#1960=CIRCLE('',#5501,15.9);
#1961=CIRCLE('',#5504,15.1);
#1962=CIRCLE('',#5509,27.5);
#1963=CIRCLE('',#5510,31.5);
#1964=CIRCLE('',#5512,31.5);
#1965=CIRCLE('',#5514,38.5358983848622);
#1966=CIRCLE('',#5515,33.4641016151378);
#1967=CIRCLE('',#5517,8.00000000000005);
#1968=CIRCLE('',#5519,8.00000000000005);
#1969=CIRCLE('',#5520,30.);
#1970=CIRCLE('',#5524,8.);
#1971=CIRCLE('',#5526,8.);
#1972=CIRCLE('',#5527,30.);
#1973=CIRCLE('',#5528,33.4641016151378);
#1974=CIRCLE('',#5531,23.8);
#1975=CIRCLE('',#5532,29.0564971157455);
#1976=CIRCLE('',#5533,17.);
#1977=CIRCLE('',#5534,17.);
#1978=CIRCLE('',#5536,38.5358983848622);
#1979=CIRCLE('',#5538,8.00000000000001);
#1980=CIRCLE('',#5541,8.00000000000001);
#1981=CIRCLE('',#5543,8.00000000000001);
#1982=CIRCLE('',#5544,42.);
#1983=CIRCLE('',#5546,8.00000000000001);
#1984=CIRCLE('',#5547,8.41018772329562);
#1985=CIRCLE('',#5548,15.);
#1986=CIRCLE('',#5551,8.);
#1987=CIRCLE('',#5553,8.00000000000001);
#1988=CIRCLE('',#5554,42.);
#1989=CIRCLE('',#5557,15.);
#1990=CIRCLE('',#5564,23.8);
#1991=CIRCLE('',#5566,25.8564971157455);
#1992=CIRCLE('',#5574,15.);
#1993=CIRCLE('',#5576,15.);
#1994=CIRCLE('',#5578,15.);
#1995=CIRCLE('',#5580,15.);
#1996=CIRCLE('',#5583,15.9);
#1997=CIRCLE('',#5584,15.1);
#1998=CIRCLE('',#5588,15.1);
#1999=CIRCLE('',#5589,15.9);
#2000=CIRCLE('',#5594,15.5);
#2001=CIRCLE('',#5595,15.9);
#2002=CIRCLE('',#5597,15.9);
#2003=CIRCLE('',#5600,15.1);
#2004=VERTEX_POINT('',#7172);
#2005=VERTEX_POINT('',#7174);
#2006=VERTEX_POINT('',#7178);
#2007=VERTEX_POINT('',#7182);
#2008=VERTEX_POINT('',#7187);
#2009=VERTEX_POINT('',#7189);
#2010=VERTEX_POINT('',#7195);
#2011=VERTEX_POINT('',#7196);
#2012=VERTEX_POINT('',#7198);
#2013=VERTEX_POINT('',#7200);
#2014=VERTEX_POINT('',#7204);
#2015=VERTEX_POINT('',#7205);
#2016=VERTEX_POINT('',#7207);
#2017=VERTEX_POINT('',#7209);
#2018=VERTEX_POINT('',#7213);
#2019=VERTEX_POINT('',#7215);
#2020=VERTEX_POINT('',#7219);
#2021=VERTEX_POINT('',#7221);
#2022=VERTEX_POINT('',#7223);
#2023=VERTEX_POINT('',#7227);
#2024=VERTEX_POINT('',#7231);
#2025=VERTEX_POINT('',#7232);
#2026=VERTEX_POINT('',#7240);
#2027=VERTEX_POINT('',#7244);
#2028=VERTEX_POINT('',#7248);
#2029=VERTEX_POINT('',#7249);
#2030=VERTEX_POINT('',#7251);
#2031=VERTEX_POINT('',#7253);
#2032=VERTEX_POINT('',#7257);
#2033=VERTEX_POINT('',#7258);
#2034=VERTEX_POINT('',#7263);
#2035=VERTEX_POINT('',#7264);
#2036=VERTEX_POINT('',#7269);
#2037=VERTEX_POINT('',#7270);
#2038=VERTEX_POINT('',#7272);
#2039=VERTEX_POINT('',#7274);
#2040=VERTEX_POINT('',#7278);
#2041=VERTEX_POINT('',#7279);
#2042=VERTEX_POINT('',#7284);
#2043=VERTEX_POINT('',#7285);
#2044=VERTEX_POINT('',#7287);
#2045=VERTEX_POINT('',#7289);
#2046=VERTEX_POINT('',#7293);
#2047=VERTEX_POINT('',#7294);
#2048=VERTEX_POINT('',#7299);
#2049=VERTEX_POINT('',#7300);
#2050=VERTEX_POINT('',#7305);
#2051=VERTEX_POINT('',#7306);
#2052=VERTEX_POINT('',#7308);
#2053=VERTEX_POINT('',#7310);
#2054=VERTEX_POINT('',#7314);
#2055=VERTEX_POINT('',#7315);
#2056=VERTEX_POINT('',#7320);
#2057=VERTEX_POINT('',#7321);
#2058=VERTEX_POINT('',#7331);
#2059=VERTEX_POINT('',#7332);
#2060=VERTEX_POINT('',#7334);
#2061=VERTEX_POINT('',#7336);
#2062=VERTEX_POINT('',#7354);
#2063=VERTEX_POINT('',#7356);
#2064=VERTEX_POINT('',#7368);
#2065=VERTEX_POINT('',#7370);
#2066=VERTEX_POINT('',#7374);
#2067=VERTEX_POINT('',#7376);
#2068=VERTEX_POINT('',#7380);
#2069=VERTEX_POINT('',#7381);
#2070=VERTEX_POINT('',#7390);
#2071=VERTEX_POINT('',#7394);
#2072=VERTEX_POINT('',#7398);
#2073=VERTEX_POINT('',#7402);
#2074=VERTEX_POINT('',#7403);
#2075=VERTEX_POINT('',#7420);
#2076=VERTEX_POINT('',#7432);
#2077=VERTEX_POINT('',#7436);
#2078=VERTEX_POINT('',#7440);
#2079=VERTEX_POINT('',#7442);
#2080=VERTEX_POINT('',#7446);
#2081=VERTEX_POINT('',#7450);
#2082=VERTEX_POINT('',#7455);
#2083=VERTEX_POINT('',#7457);
#2084=VERTEX_POINT('',#7463);
#2085=VERTEX_POINT('',#7464);
#2086=VERTEX_POINT('',#7466);
#2087=VERTEX_POINT('',#7468);
#2088=VERTEX_POINT('',#7472);
#2089=VERTEX_POINT('',#7474);
#2090=VERTEX_POINT('',#7478);
#2091=VERTEX_POINT('',#7479);
#2092=VERTEX_POINT('',#7484);
#2093=VERTEX_POINT('',#7486);
#2094=VERTEX_POINT('',#7490);
#2095=VERTEX_POINT('',#7492);
#2096=VERTEX_POINT('',#7496);
#2097=VERTEX_POINT('',#7501);
#2098=VERTEX_POINT('',#7505);
#2099=VERTEX_POINT('',#7506);
#2100=VERTEX_POINT('',#7514);
#2101=VERTEX_POINT('',#7520);
#2102=VERTEX_POINT('',#7526);
#2103=VERTEX_POINT('',#7528);
#2104=VERTEX_POINT('',#7532);
#2105=VERTEX_POINT('',#7533);
#2106=VERTEX_POINT('',#7538);
#2107=VERTEX_POINT('',#7539);
#2108=VERTEX_POINT('',#7544);
#2109=VERTEX_POINT('',#7545);
#2110=VERTEX_POINT('',#7553);
#2111=VERTEX_POINT('',#7555);
#2112=VERTEX_POINT('',#7557);
#2113=VERTEX_POINT('',#7559);
#2114=VERTEX_POINT('',#7563);
#2115=VERTEX_POINT('',#7564);
#2116=VERTEX_POINT('',#7569);
#2117=VERTEX_POINT('',#7570);
#2118=VERTEX_POINT('',#7575);
#2119=VERTEX_POINT('',#7576);
#2120=VERTEX_POINT('',#7583);
#2121=VERTEX_POINT('',#7584);
#2122=VERTEX_POINT('',#7589);
#2123=VERTEX_POINT('',#7590);
#2124=VERTEX_POINT('',#7595);
#2125=VERTEX_POINT('',#7596);
#2126=VERTEX_POINT('',#7601);
#2127=VERTEX_POINT('',#7602);
#2128=VERTEX_POINT('',#7612);
#2129=VERTEX_POINT('',#7616);
#2130=VERTEX_POINT('',#7620);
#2131=VERTEX_POINT('',#7624);
#2132=VERTEX_POINT('',#7635);
#2133=VERTEX_POINT('',#7636);
#2134=VERTEX_POINT('',#7645);
#2135=VERTEX_POINT('',#7649);
#2136=VERTEX_POINT('',#7653);
#2137=VERTEX_POINT('',#7657);
#2138=VERTEX_POINT('',#7658);
#2139=VERTEX_POINT('',#7675);
#2140=VERTEX_POINT('',#7687);
#2141=VERTEX_POINT('',#7691);
#2142=VERTEX_POINT('',#7695);
#2143=VERTEX_POINT('',#7696);
#2144=VERTEX_POINT('',#7705);
#2145=VERTEX_POINT('',#7709);
#2146=VERTEX_POINT('',#7713);
#2147=VERTEX_POINT('',#7717);
#2148=VERTEX_POINT('',#7718);
#2149=VERTEX_POINT('',#7735);
#2150=VERTEX_POINT('',#7747);
#2151=VERTEX_POINT('',#7751);
#2152=VERTEX_POINT('',#7783);
#2153=VERTEX_POINT('',#7784);
#2154=VERTEX_POINT('',#7789);
#2155=VERTEX_POINT('',#7794);
#2156=VERTEX_POINT('',#7799);
#2157=VERTEX_POINT('',#7827);
#2158=VERTEX_POINT('',#7832);
#2159=VERTEX_POINT('',#7844);
#2160=VERTEX_POINT('',#7866);
#2161=VERTEX_POINT('',#7874);
#2162=VERTEX_POINT('',#7887);
#2163=VERTEX_POINT('',#7889);
#2164=VERTEX_POINT('',#7893);
#2165=VERTEX_POINT('',#7897);
#2166=VERTEX_POINT('',#7905);
#2167=VERTEX_POINT('',#7906);
#2168=VERTEX_POINT('',#7908);
#2169=VERTEX_POINT('',#7910);
#2170=VERTEX_POINT('',#7914);
#2171=VERTEX_POINT('',#7915);
#2172=VERTEX_POINT('',#7917);
#2173=VERTEX_POINT('',#7919);
#2174=VERTEX_POINT('',#7923);
#2175=VERTEX_POINT('',#7924);
#2176=VERTEX_POINT('',#7929);
#2177=VERTEX_POINT('',#7930);
#2178=VERTEX_POINT('',#7938);
#2179=VERTEX_POINT('',#7939);
#2180=VERTEX_POINT('',#7944);
#2181=VERTEX_POINT('',#7946);
#2182=VERTEX_POINT('',#7950);
#2183=VERTEX_POINT('',#7954);
#2184=VERTEX_POINT('',#7956);
#2185=VERTEX_POINT('',#7960);
#2186=VERTEX_POINT('',#7964);
#2187=VERTEX_POINT('',#7965);
#2188=VERTEX_POINT('',#7967);
#2189=VERTEX_POINT('',#7969);
#2190=VERTEX_POINT('',#7973);
#2191=VERTEX_POINT('',#7974);
#2192=VERTEX_POINT('',#7979);
#2193=VERTEX_POINT('',#7980);
#2194=VERTEX_POINT('',#7985);
#2195=VERTEX_POINT('',#7987);
#2196=VERTEX_POINT('',#7991);
#2197=VERTEX_POINT('',#7995);
#2198=VERTEX_POINT('',#7999);
#2199=VERTEX_POINT('',#8001);
#2200=VERTEX_POINT('',#8005);
#2201=VERTEX_POINT('',#8009);
#2202=VERTEX_POINT('',#8013);
#2203=VERTEX_POINT('',#8015);
#2204=VERTEX_POINT('',#8019);
#2205=VERTEX_POINT('',#8021);
#2206=VERTEX_POINT('',#8025);
#2207=VERTEX_POINT('',#8027);
#2208=VERTEX_POINT('',#8031);
#2209=VERTEX_POINT('',#8035);
#2210=VERTEX_POINT('',#8039);
#2211=VERTEX_POINT('',#8043);
#2212=VERTEX_POINT('',#8047);
#2213=VERTEX_POINT('',#8051);
#2214=VERTEX_POINT('',#8070);
#2215=VERTEX_POINT('',#8071);
#2216=VERTEX_POINT('',#8076);
#2217=VERTEX_POINT('',#8081);
#2218=VERTEX_POINT('',#8089);
#2219=VERTEX_POINT('',#8114);
#2220=VERTEX_POINT('',#8119);
#2221=VERTEX_POINT('',#8131);
#2222=VERTEX_POINT('',#8153);
#2223=VERTEX_POINT('',#8161);
#2224=VERTEX_POINT('',#8174);
#2225=VERTEX_POINT('',#8176);
#2226=VERTEX_POINT('',#8180);
#2227=VERTEX_POINT('',#8184);
#2228=VERTEX_POINT('',#8192);
#2229=VERTEX_POINT('',#8193);
#2230=VERTEX_POINT('',#8195);
#2231=VERTEX_POINT('',#8197);
#2232=VERTEX_POINT('',#8201);
#2233=VERTEX_POINT('',#8203);
#2234=VERTEX_POINT('',#8207);
#2235=VERTEX_POINT('',#8208);
#2236=VERTEX_POINT('',#8213);
#2237=VERTEX_POINT('',#8214);
#2238=VERTEX_POINT('',#8219);
#2239=VERTEX_POINT('',#8220);
#2240=VERTEX_POINT('',#8228);
#2241=VERTEX_POINT('',#8229);
#2242=VERTEX_POINT('',#8237);
#2243=VERTEX_POINT('',#8241);
#2244=VERTEX_POINT('',#8245);
#2245=VERTEX_POINT('',#8249);
#2246=VERTEX_POINT('',#8252);
#2247=VERTEX_POINT('',#8254);
#2248=VERTEX_POINT('',#8256);
#2249=VERTEX_POINT('',#8258);
#2250=VERTEX_POINT('',#8262);
#2251=VERTEX_POINT('',#8266);
#2252=VERTEX_POINT('',#8273);
#2253=VERTEX_POINT('',#8277);
#2254=VERTEX_POINT('',#8281);
#2255=VERTEX_POINT('',#8285);
#2256=VERTEX_POINT('',#8291);
#2257=VERTEX_POINT('',#8295);
#2258=VERTEX_POINT('',#8299);
#2259=VERTEX_POINT('',#8303);
#2260=VERTEX_POINT('',#8309);
#2261=VERTEX_POINT('',#8313);
#2262=VERTEX_POINT('',#8317);
#2263=VERTEX_POINT('',#8321);
#2264=VERTEX_POINT('',#8328);
#2265=VERTEX_POINT('',#8332);
#2266=VERTEX_POINT('',#8336);
#2267=VERTEX_POINT('',#8340);
#2268=VERTEX_POINT('',#8344);
#2269=VERTEX_POINT('',#8348);
#2270=VERTEX_POINT('',#8352);
#2271=VERTEX_POINT('',#8356);
#2272=VERTEX_POINT('',#8360);
#2273=VERTEX_POINT('',#8364);
#2274=VERTEX_POINT('',#8368);
#2275=VERTEX_POINT('',#8372);
#2276=VERTEX_POINT('',#8383);
#2277=VERTEX_POINT('',#8384);
#2278=VERTEX_POINT('',#8399);
#2279=VERTEX_POINT('',#8406);
#2280=VERTEX_POINT('',#8408);
#2281=VERTEX_POINT('',#8429);
#2282=VERTEX_POINT('',#8436);
#2283=VERTEX_POINT('',#8440);
#2284=VERTEX_POINT('',#8441);
#2285=VERTEX_POINT('',#8461);
#2286=VERTEX_POINT('',#8470);
#2287=VERTEX_POINT('',#8472);
#2288=VERTEX_POINT('',#8476);
#2289=VERTEX_POINT('',#8477);
#2290=VERTEX_POINT('',#8482);
#2291=VERTEX_POINT('',#8483);
#2292=VERTEX_POINT('',#8485);
#2293=VERTEX_POINT('',#8487);
#2294=VERTEX_POINT('',#8494);
#2295=VERTEX_POINT('',#8496);
#2296=VERTEX_POINT('',#8498);
#2297=VERTEX_POINT('',#8500);
#2298=VERTEX_POINT('',#8504);
#2299=VERTEX_POINT('',#8505);
#2300=VERTEX_POINT('',#8507);
#2301=VERTEX_POINT('',#8510);
#2302=VERTEX_POINT('',#8511);
#2303=VERTEX_POINT('',#8513);
#2304=VERTEX_POINT('',#8532);
#2305=VERTEX_POINT('',#8537);
#2306=VERTEX_POINT('',#8542);
#2307=VERTEX_POINT('',#8550);
#2308=VERTEX_POINT('',#8560);
#2309=VERTEX_POINT('',#8561);
#2310=VERTEX_POINT('',#8563);
#2311=VERTEX_POINT('',#8565);
#2312=VERTEX_POINT('',#8569);
#2313=VERTEX_POINT('',#8571);
#2314=VERTEX_POINT('',#8575);
#2315=VERTEX_POINT('',#8576);
#2316=VERTEX_POINT('',#8581);
#2317=VERTEX_POINT('',#8582);
#2318=VERTEX_POINT('',#8587);
#2319=VERTEX_POINT('',#8589);
#2320=VERTEX_POINT('',#8593);
#2321=VERTEX_POINT('',#8594);
#2322=VERTEX_POINT('',#8599);
#2323=VERTEX_POINT('',#8601);
#2324=VERTEX_POINT('',#8605);
#2325=VERTEX_POINT('',#8609);
#2326=VERTEX_POINT('',#8611);
#2327=VERTEX_POINT('',#8615);
#2328=VERTEX_POINT('',#8617);
#2329=VERTEX_POINT('',#8619);
#2330=VERTEX_POINT('',#8647);
#2331=VERTEX_POINT('',#8651);
#2332=VERTEX_POINT('',#8664);
#2333=VERTEX_POINT('',#8677);
#2334=VERTEX_POINT('',#8690);
#2335=VERTEX_POINT('',#8692);
#2336=VERTEX_POINT('',#8696);
#2337=VERTEX_POINT('',#8707);
#2338=VERTEX_POINT('',#8722);
#2339=VERTEX_POINT('',#8724);
#2340=VERTEX_POINT('',#8731);
#2341=VERTEX_POINT('',#8732);
#2342=VERTEX_POINT('',#8736);
#2343=VERTEX_POINT('',#8738);
#2344=VERTEX_POINT('',#8744);
#2345=VERTEX_POINT('',#8749);
#2346=VERTEX_POINT('',#8751);
#2347=VERTEX_POINT('',#8757);
#2348=VERTEX_POINT('',#8758);
#2349=VERTEX_POINT('',#8770);
#2350=VERTEX_POINT('',#8771);
#2351=VERTEX_POINT('',#8775);
#2352=VERTEX_POINT('',#8777);
#2353=VERTEX_POINT('',#8783);
#2354=VERTEX_POINT('',#8785);
#2355=VERTEX_POINT('',#8789);
#2356=VERTEX_POINT('',#8793);
#2357=VERTEX_POINT('',#8798);
#2358=VERTEX_POINT('',#8809);
#2359=VERTEX_POINT('',#8810);
#2360=VERTEX_POINT('',#8825);
#2361=VERTEX_POINT('',#8827);
#2362=VERTEX_POINT('',#8846);
#2363=VERTEX_POINT('',#8855);
#2364=VERTEX_POINT('',#8857);
#2365=VERTEX_POINT('',#8866);
#2366=VERTEX_POINT('',#8868);
#2367=VERTEX_POINT('',#8870);
#2368=VERTEX_POINT('',#8872);
#2369=VERTEX_POINT('',#8875);
#2370=VERTEX_POINT('',#8877);
#2371=VERTEX_POINT('',#8879);
#2372=VERTEX_POINT('',#8881);
#2373=VERTEX_POINT('',#8886);
#2374=VERTEX_POINT('',#8891);
#2375=VERTEX_POINT('',#8893);
#2376=VERTEX_POINT('',#8897);
#2377=VERTEX_POINT('',#8917);
#2378=VERTEX_POINT('',#8919);
#2379=VERTEX_POINT('',#8930);
#2380=VERTEX_POINT('',#8936);
#2381=VERTEX_POINT('',#8940);
#2382=VERTEX_POINT('',#8944);
#2383=VERTEX_POINT('',#8945);
#2384=VERTEX_POINT('',#8954);
#2385=VERTEX_POINT('',#8956);
#2386=VERTEX_POINT('',#8958);
#2387=VERTEX_POINT('',#8961);
#2388=VERTEX_POINT('',#8962);
#2389=VERTEX_POINT('',#8964);
#2390=VERTEX_POINT('',#8967);
#2391=VERTEX_POINT('',#8968);
#2392=VERTEX_POINT('',#8970);
#2393=VERTEX_POINT('',#8974);
#2394=VERTEX_POINT('',#8976);
#2395=VERTEX_POINT('',#8978);
#2396=VERTEX_POINT('',#8980);
#2397=VERTEX_POINT('',#8999);
#2398=VERTEX_POINT('',#9004);
#2399=VERTEX_POINT('',#9009);
#2400=VERTEX_POINT('',#9022);
#2401=VERTEX_POINT('',#9024);
#2402=VERTEX_POINT('',#9026);
#2403=VERTEX_POINT('',#9030);
#2404=VERTEX_POINT('',#9034);
#2405=VERTEX_POINT('',#9038);
#2406=VERTEX_POINT('',#9045);
#2407=VERTEX_POINT('',#9049);
#2408=VERTEX_POINT('',#9055);
#2409=VERTEX_POINT('',#9061);
#2410=VERTEX_POINT('',#9069);
#2411=VERTEX_POINT('',#9071);
#2412=VERTEX_POINT('',#9091);
#2413=VERTEX_POINT('',#9095);
#2414=VERTEX_POINT('',#9108);
#2415=VERTEX_POINT('',#9121);
#2416=VERTEX_POINT('',#9134);
#2417=VERTEX_POINT('',#9136);
#2418=VERTEX_POINT('',#9140);
#2419=VERTEX_POINT('',#9151);
#2420=VERTEX_POINT('',#9166);
#2421=VERTEX_POINT('',#9168);
#2422=VERTEX_POINT('',#9173);
#2423=VERTEX_POINT('',#9174);
#2424=VERTEX_POINT('',#9178);
#2425=VERTEX_POINT('',#9180);
#2426=VERTEX_POINT('',#9186);
#2427=VERTEX_POINT('',#9190);
#2428=VERTEX_POINT('',#9192);
#2429=VERTEX_POINT('',#9199);
#2430=VERTEX_POINT('',#9200);
#2431=VERTEX_POINT('',#9212);
#2432=VERTEX_POINT('',#9213);
#2433=VERTEX_POINT('',#9217);
#2434=VERTEX_POINT('',#9219);
#2435=VERTEX_POINT('',#9225);
#2436=VERTEX_POINT('',#9227);
#2437=VERTEX_POINT('',#9232);
#2438=VERTEX_POINT('',#9234);
#2439=VERTEX_POINT('',#9240);
#2440=EDGE_CURVE('',#2004,#2004,#1692,.T.);
#2441=EDGE_CURVE('',#2004,#2005,#1032,.T.);
#2442=EDGE_CURVE('',#2005,#2005,#1693,.F.);
#2443=EDGE_CURVE('',#2006,#2006,#1694,.T.);
#2444=EDGE_CURVE('',#2006,#2004,#1033,.T.);
#2445=EDGE_CURVE('',#2006,#2007,#1034,.T.);
#2446=EDGE_CURVE('',#2007,#2007,#1695,.T.);
#2447=EDGE_CURVE('',#2008,#2008,#1696,.T.);
#2448=EDGE_CURVE('',#2008,#2009,#1035,.T.);
#2449=EDGE_CURVE('',#2009,#2009,#1697,.T.);
#2450=EDGE_CURVE('',#2009,#2005,#1036,.T.);
#2451=EDGE_CURVE('',#2010,#2011,#1037,.T.);
#2452=EDGE_CURVE('',#2011,#2012,#1038,.T.);
#2453=EDGE_CURVE('',#2013,#2012,#1039,.T.);
#2454=EDGE_CURVE('',#2010,#2013,#1040,.T.);
#2455=EDGE_CURVE('',#2014,#2015,#1698,.T.);
#2456=EDGE_CURVE('',#2016,#2014,#1699,.T.);
#2457=EDGE_CURVE('',#2016,#2017,#1700,.T.);
#2458=EDGE_CURVE('',#2015,#2017,#1701,.T.);
#2459=EDGE_CURVE('',#2018,#2015,#1041,.T.);
#2460=EDGE_CURVE('',#2019,#2018,#113,.T.);
#2461=EDGE_CURVE('',#2014,#2019,#1042,.T.);
#2462=EDGE_CURVE('',#2010,#2020,#1702,.T.);
#2463=EDGE_CURVE('',#2021,#2010,#1703,.T.);
#2464=EDGE_CURVE('',#2021,#2022,#1704,.T.);
#2465=EDGE_CURVE('',#2020,#2022,#1705,.T.);
#2466=EDGE_CURVE('',#2011,#2023,#1706,.T.);
#2467=EDGE_CURVE('',#2023,#2020,#1043,.T.);
#2468=EDGE_CURVE('',#2024,#2025,#1707,.T.);
#2469=EDGE_CURVE('',#2011,#2024,#1708,.T.);
#2470=EDGE_CURVE('',#2025,#2023,#1709,.T.);
#2471=EDGE_CURVE('',#2019,#2025,#1044,.T.);
#2472=EDGE_CURVE('',#2024,#2018,#1045,.T.);
#2473=EDGE_CURVE('',#2024,#2026,#1046,.T.);
#2474=EDGE_CURVE('',#2012,#2026,#1710,.T.);
#2475=EDGE_CURVE('',#2027,#2013,#1711,.T.);
#2476=EDGE_CURVE('',#2021,#2027,#1047,.T.);
#2477=EDGE_CURVE('',#2028,#2029,#1712,.T.);
#2478=EDGE_CURVE('',#2030,#2028,#1713,.T.);
#2479=EDGE_CURVE('',#2030,#2031,#1714,.T.);
#2480=EDGE_CURVE('',#2029,#2031,#1715,.T.);
#2481=EDGE_CURVE('',#2032,#2033,#1716,.T.);
#2482=EDGE_CURVE('',#2028,#2032,#1048,.T.);
#2483=EDGE_CURVE('',#2033,#2029,#1049,.T.);
#2484=EDGE_CURVE('',#2034,#2035,#1717,.T.);
#2485=EDGE_CURVE('',#2032,#2034,#1718,.T.);
#2486=EDGE_CURVE('',#2035,#2033,#1719,.T.);
#2487=EDGE_CURVE('',#2036,#2037,#1720,.T.);
#2488=EDGE_CURVE('',#2038,#2036,#1721,.T.);
#2489=EDGE_CURVE('',#2038,#2039,#1722,.T.);
#2490=EDGE_CURVE('',#2037,#2039,#1723,.T.);
#2491=EDGE_CURVE('',#2040,#2041,#1724,.T.);
#2492=EDGE_CURVE('',#2036,#2040,#1050,.T.);
#2493=EDGE_CURVE('',#2041,#2037,#1051,.T.);
#2494=EDGE_CURVE('',#2042,#2043,#1725,.T.);
#2495=EDGE_CURVE('',#2044,#2042,#1726,.T.);
#2496=EDGE_CURVE('',#2044,#2045,#1727,.T.);
#2497=EDGE_CURVE('',#2043,#2045,#1728,.T.);
#2498=EDGE_CURVE('',#2046,#2047,#1729,.T.);
#2499=EDGE_CURVE('',#2042,#2046,#1052,.T.);
#2500=EDGE_CURVE('',#2047,#2043,#1053,.T.);
#2501=EDGE_CURVE('',#2048,#2049,#1730,.T.);
#2502=EDGE_CURVE('',#2046,#2048,#1731,.T.);
#2503=EDGE_CURVE('',#2049,#2047,#1732,.T.);
#2504=EDGE_CURVE('',#2050,#2051,#1733,.T.);
#2505=EDGE_CURVE('',#2052,#2050,#1734,.T.);
#2506=EDGE_CURVE('',#2052,#2053,#1735,.T.);
#2507=EDGE_CURVE('',#2051,#2053,#1736,.T.);
#2508=EDGE_CURVE('',#2054,#2055,#1737,.T.);
#2509=EDGE_CURVE('',#2050,#2054,#1054,.T.);
#2510=EDGE_CURVE('',#2055,#2051,#1055,.T.);
#2511=EDGE_CURVE('',#2056,#2057,#1738,.T.);
#2512=EDGE_CURVE('',#2054,#2056,#1739,.T.);
#2513=EDGE_CURVE('',#2057,#2055,#1740,.T.);
#2514=EDGE_CURVE('',#2037,#2014,#1056,.T.);
#2515=EDGE_CURVE('',#2016,#2039,#1057,.T.);
#2516=EDGE_CURVE('',#2019,#2041,#1058,.T.);
#2517=EDGE_CURVE('',#2058,#2059,#1059,.T.);
#2518=EDGE_CURVE('',#2058,#2060,#1741,.T.);
#2519=EDGE_CURVE('',#2060,#2061,#1060,.T.);
#2520=EDGE_CURVE('',#2059,#2061,#1742,.T.);
#2521=EDGE_CURVE('',#2012,#2058,#1743,.T.);
#2522=EDGE_CURVE('',#2026,#2060,#1744,.T.);
#2523=EDGE_CURVE('',#2054,#2047,#1061,.T.);
#2524=EDGE_CURVE('',#2056,#2049,#1062,.T.);
#2525=EDGE_CURVE('',#2062,#2033,#1063,.T.);
#2526=EDGE_CURVE('',#2062,#2063,#1745,.T.);
#2527=EDGE_CURVE('',#2063,#2035,#1064,.T.);
#2528=EDGE_CURVE('',#2064,#2062,#1746,.T.);
#2529=EDGE_CURVE('',#2064,#2065,#1747,.T.);
#2530=EDGE_CURVE('',#2065,#2063,#1748,.T.);
#2531=EDGE_CURVE('',#2066,#2064,#1065,.T.);
#2532=EDGE_CURVE('',#2066,#2067,#1749,.T.);
#2533=EDGE_CURVE('',#2067,#2065,#1066,.T.);
#2534=EDGE_CURVE('',#2068,#2069,#1067,.T.);
#2535=EDGE_CURVE('',#2068,#2058,#1068,.T.);
#2536=EDGE_CURVE('',#2069,#2059,#1069,.T.);
#2537=EDGE_CURVE('',#2013,#2068,#1750,.T.);
#2538=EDGE_CURVE('',#2050,#2043,#1070,.T.);
#2539=EDGE_CURVE('',#2070,#2029,#1071,.T.);
#2540=EDGE_CURVE('',#2070,#2062,#1072,.T.);
#2541=EDGE_CURVE('',#2071,#2070,#1751,.T.);
#2542=EDGE_CURVE('',#2071,#2064,#1073,.T.);
#2543=EDGE_CURVE('',#2072,#2071,#1074,.T.);
#2544=EDGE_CURVE('',#2072,#2066,#1075,.T.);
#2545=EDGE_CURVE('',#2073,#2074,#1076,.T.);
#2546=EDGE_CURVE('',#2073,#2068,#1752,.T.);
#2547=EDGE_CURVE('',#2074,#2069,#1753,.T.);
#2548=EDGE_CURVE('',#2027,#2073,#1754,.T.);
#2549=EDGE_CURVE('',#2052,#2045,#1077,.T.);
#2550=EDGE_CURVE('',#2075,#2031,#1078,.T.);
#2551=EDGE_CURVE('',#2075,#2070,#1755,.T.);
#2552=EDGE_CURVE('',#2076,#2075,#1756,.T.);
#2553=EDGE_CURVE('',#2076,#2071,#1757,.T.);
#2554=EDGE_CURVE('',#2077,#2076,#1079,.T.);
#2555=EDGE_CURVE('',#2077,#2072,#1758,.T.);
#2556=EDGE_CURVE('',#2078,#2078,#1759,.T.);
#2557=EDGE_CURVE('',#2078,#2079,#1080,.T.);
#2558=EDGE_CURVE('',#2079,#2079,#1760,.F.);
#2559=EDGE_CURVE('',#2080,#2080,#1761,.T.);
#2560=EDGE_CURVE('',#2080,#2078,#1081,.T.);
#2561=EDGE_CURVE('',#2080,#2081,#1082,.T.);
#2562=EDGE_CURVE('',#2081,#2081,#1762,.T.);
#2563=EDGE_CURVE('',#2082,#2082,#1763,.T.);
#2564=EDGE_CURVE('',#2082,#2083,#1083,.T.);
#2565=EDGE_CURVE('',#2083,#2083,#1764,.T.);
#2566=EDGE_CURVE('',#2083,#2079,#1084,.T.);
#2567=EDGE_CURVE('',#2084,#2085,#1085,.T.);
#2568=EDGE_CURVE('',#2084,#2086,#1086,.T.);
#2569=EDGE_CURVE('',#2086,#2087,#1087,.T.);
#2570=EDGE_CURVE('',#2085,#2087,#1088,.T.);
#2571=EDGE_CURVE('',#2016,#2088,#1089,.T.);
#2572=EDGE_CURVE('',#2088,#2089,#1765,.T.);
#2573=EDGE_CURVE('',#2089,#2017,#1090,.T.);
#2574=EDGE_CURVE('',#2090,#2091,#1766,.T.);
#2575=EDGE_CURVE('',#2091,#2089,#1767,.T.);
#2576=EDGE_CURVE('',#2088,#2090,#1768,.T.);
#2577=EDGE_CURVE('',#2092,#2091,#1091,.T.);
#2578=EDGE_CURVE('',#2090,#2093,#1092,.T.);
#2579=EDGE_CURVE('',#2093,#2092,#114,.T.);
#2580=EDGE_CURVE('',#2094,#2021,#1093,.T.);
#2581=EDGE_CURVE('',#2094,#2095,#1769,.T.);
#2582=EDGE_CURVE('',#2022,#2095,#1094,.T.);
#2583=EDGE_CURVE('',#2084,#2096,#1770,.T.);
#2584=EDGE_CURVE('',#2096,#2095,#1771,.T.);
#2585=EDGE_CURVE('',#2094,#2084,#1772,.T.);
#2586=EDGE_CURVE('',#2085,#2097,#1773,.T.);
#2587=EDGE_CURVE('',#2097,#2096,#1095,.T.);
#2588=EDGE_CURVE('',#2098,#2099,#1774,.T.);
#2589=EDGE_CURVE('',#2099,#2097,#1775,.T.);
#2590=EDGE_CURVE('',#2085,#2098,#1776,.T.);
#2591=EDGE_CURVE('',#2093,#2099,#1096,.T.);
#2592=EDGE_CURVE('',#2098,#2092,#1097,.T.);
#2593=EDGE_CURVE('',#2098,#2100,#1098,.T.);
#2594=EDGE_CURVE('',#2100,#2026,#1099,.T.);
#2595=EDGE_CURVE('',#2087,#2100,#1777,.T.);
#2596=EDGE_CURVE('',#2094,#2101,#1100,.T.);
#2597=EDGE_CURVE('',#2101,#2086,#1778,.T.);
#2598=EDGE_CURVE('',#2027,#2101,#1101,.T.);
#2599=EDGE_CURVE('',#2102,#2030,#1102,.T.);
#2600=EDGE_CURVE('',#2102,#2103,#1779,.T.);
#2601=EDGE_CURVE('',#2031,#2103,#1103,.T.);
#2602=EDGE_CURVE('',#2104,#2105,#1780,.T.);
#2603=EDGE_CURVE('',#2105,#2103,#1781,.T.);
#2604=EDGE_CURVE('',#2102,#2104,#1782,.T.);
#2605=EDGE_CURVE('',#2106,#2107,#1783,.T.);
#2606=EDGE_CURVE('',#2107,#2105,#1104,.T.);
#2607=EDGE_CURVE('',#2104,#2106,#1105,.T.);
#2608=EDGE_CURVE('',#2108,#2109,#1784,.T.);
#2609=EDGE_CURVE('',#2109,#2107,#1785,.T.);
#2610=EDGE_CURVE('',#2106,#2108,#1786,.T.);
#2611=EDGE_CURVE('',#2035,#2109,#1106,.T.);
#2612=EDGE_CURVE('',#2108,#2034,#1107,.T.);
#2613=EDGE_CURVE('',#2057,#2110,#1108,.T.);
#2614=EDGE_CURVE('',#2111,#2053,#1109,.T.);
#2615=EDGE_CURVE('',#2112,#2111,#1787,.T.);
#2616=EDGE_CURVE('',#2113,#2112,#1110,.T.);
#2617=EDGE_CURVE('',#2110,#2113,#1788,.T.);
#2618=EDGE_CURVE('',#2114,#2115,#1789,.T.);
#2619=EDGE_CURVE('',#2115,#2039,#1111,.T.);
#2620=EDGE_CURVE('',#2038,#2114,#1112,.T.);
#2621=EDGE_CURVE('',#2116,#2117,#1790,.T.);
#2622=EDGE_CURVE('',#2117,#2115,#1791,.T.);
#2623=EDGE_CURVE('',#2114,#2116,#1792,.T.);
#2624=EDGE_CURVE('',#2118,#2119,#1793,.T.);
#2625=EDGE_CURVE('',#2119,#2117,#1113,.T.);
#2626=EDGE_CURVE('',#2116,#2118,#1114,.T.);
#2627=EDGE_CURVE('',#2118,#2040,#1115,.T.);
#2628=EDGE_CURVE('',#2120,#2121,#1794,.T.);
#2629=EDGE_CURVE('',#2121,#2045,#1116,.T.);
#2630=EDGE_CURVE('',#2120,#2044,#1117,.T.);
#2631=EDGE_CURVE('',#2122,#2123,#1795,.T.);
#2632=EDGE_CURVE('',#2123,#2121,#1796,.T.);
#2633=EDGE_CURVE('',#2120,#2122,#1797,.T.);
#2634=EDGE_CURVE('',#2124,#2125,#1798,.T.);
#2635=EDGE_CURVE('',#2125,#2123,#1118,.T.);
#2636=EDGE_CURVE('',#2122,#2124,#1119,.T.);
#2637=EDGE_CURVE('',#2126,#2127,#1799,.T.);
#2638=EDGE_CURVE('',#2127,#2125,#1800,.T.);
#2639=EDGE_CURVE('',#2124,#2126,#1801,.T.);
#2640=EDGE_CURVE('',#2049,#2127,#1120,.T.);
#2641=EDGE_CURVE('',#2126,#2048,#1121,.T.);
#2642=EDGE_CURVE('',#2093,#2119,#1122,.T.);
#2643=EDGE_CURVE('',#2128,#2052,#1123,.T.);
#2644=EDGE_CURVE('',#2128,#2111,#1802,.T.);
#2645=EDGE_CURVE('',#2129,#2112,#1803,.T.);
#2646=EDGE_CURVE('',#2128,#2129,#1804,.T.);
#2647=EDGE_CURVE('',#2130,#2113,#1805,.T.);
#2648=EDGE_CURVE('',#2129,#2130,#1124,.T.);
#2649=EDGE_CURVE('',#2131,#2110,#1806,.T.);
#2650=EDGE_CURVE('',#2130,#2131,#1807,.T.);
#2651=EDGE_CURVE('',#2131,#2056,#1125,.T.);
#2652=EDGE_CURVE('',#2088,#2115,#1126,.T.);
#2653=EDGE_CURVE('',#2117,#2090,#1127,.T.);
#2654=EDGE_CURVE('',#2132,#2133,#1128,.T.);
#2655=EDGE_CURVE('',#2133,#2061,#1129,.T.);
#2656=EDGE_CURVE('',#2132,#2060,#1130,.T.);
#2657=EDGE_CURVE('',#2100,#2132,#1808,.T.);
#2658=EDGE_CURVE('',#2131,#2127,#1131,.T.);
#2659=EDGE_CURVE('',#2134,#2063,#1132,.T.);
#2660=EDGE_CURVE('',#2134,#2109,#1133,.T.);
#2661=EDGE_CURVE('',#2135,#2134,#1809,.T.);
#2662=EDGE_CURVE('',#2135,#2065,#1134,.T.);
#2663=EDGE_CURVE('',#2136,#2135,#1135,.T.);
#2664=EDGE_CURVE('',#2136,#2067,#1136,.T.);
#2665=EDGE_CURVE('',#2137,#2138,#1137,.T.);
#2666=EDGE_CURVE('',#2138,#2133,#1810,.T.);
#2667=EDGE_CURVE('',#2137,#2132,#1811,.T.);
#2668=EDGE_CURVE('',#2087,#2137,#1812,.T.);
#2669=EDGE_CURVE('',#2130,#2125,#1138,.T.);
#2670=EDGE_CURVE('',#2139,#2134,#1813,.T.);
#2671=EDGE_CURVE('',#2139,#2107,#1139,.T.);
#2672=EDGE_CURVE('',#2140,#2139,#1814,.T.);
#2673=EDGE_CURVE('',#2140,#2135,#1815,.T.);
#2674=EDGE_CURVE('',#2141,#2140,#1140,.T.);
#2675=EDGE_CURVE('',#2141,#2136,#1816,.T.);
#2676=EDGE_CURVE('',#2142,#2143,#1141,.T.);
#2677=EDGE_CURVE('',#2143,#2138,#1142,.T.);
#2678=EDGE_CURVE('',#2142,#2137,#1143,.T.);
#2679=EDGE_CURVE('',#2086,#2142,#1817,.T.);
#2680=EDGE_CURVE('',#2129,#2123,#1144,.T.);
#2681=EDGE_CURVE('',#2144,#2139,#1145,.T.);
#2682=EDGE_CURVE('',#2144,#2105,#1146,.T.);
#2683=EDGE_CURVE('',#2145,#2144,#1818,.T.);
#2684=EDGE_CURVE('',#2145,#2140,#1147,.T.);
#2685=EDGE_CURVE('',#2146,#2145,#1148,.T.);
#2686=EDGE_CURVE('',#2146,#2141,#1149,.T.);
#2687=EDGE_CURVE('',#2147,#2148,#1150,.T.);
#2688=EDGE_CURVE('',#2148,#2143,#1819,.T.);
#2689=EDGE_CURVE('',#2147,#2142,#1820,.T.);
#2690=EDGE_CURVE('',#2101,#2147,#1821,.T.);
#2691=EDGE_CURVE('',#2128,#2121,#1151,.T.);
#2692=EDGE_CURVE('',#2149,#2144,#1822,.T.);
#2693=EDGE_CURVE('',#2149,#2103,#1152,.T.);
#2694=EDGE_CURVE('',#2150,#2149,#1823,.T.);
#2695=EDGE_CURVE('',#2150,#2145,#1824,.T.);
#2696=EDGE_CURVE('',#2151,#2150,#1153,.T.);
#2697=EDGE_CURVE('',#2151,#2146,#1825,.T.);
#2698=EDGE_CURVE('',#2077,#2151,#1154,.T.);
#2699=EDGE_CURVE('',#2074,#2148,#1155,.T.);
#2700=EDGE_CURVE('',#2073,#2147,#1156,.T.);
#2701=EDGE_CURVE('',#2075,#2149,#1157,.T.);
#2702=EDGE_CURVE('',#2076,#2150,#1158,.T.);
#2703=EDGE_CURVE('',#2152,#2153,#31,.T.);
#2704=EDGE_CURVE('',#2154,#2153,#32,.T.);
#2705=EDGE_CURVE('',#2155,#2154,#33,.T.);
#2706=EDGE_CURVE('',#2156,#2155,#34,.T.);
#2707=EDGE_CURVE('',#2152,#2156,#35,.T.);
#2708=EDGE_CURVE('',#2157,#2152,#36,.T.);
#2709=EDGE_CURVE('',#2158,#2157,#37,.F.);
#2710=EDGE_CURVE('',#2153,#2158,#38,.T.);
#2711=EDGE_CURVE('',#2159,#2158,#1159,.T.);
#2712=EDGE_CURVE('',#2159,#2154,#39,.T.);
#2713=EDGE_CURVE('',#2160,#2159,#40,.F.);
#2714=EDGE_CURVE('',#2161,#2160,#41,.T.);
#2715=EDGE_CURVE('',#2155,#2161,#42,.T.);
#2716=EDGE_CURVE('',#2161,#2162,#1826,.T.);
#2717=EDGE_CURVE('',#2162,#2163,#1160,.T.);
#2718=EDGE_CURVE('',#2163,#2156,#1827,.T.);
#2719=EDGE_CURVE('',#2163,#2164,#13,.T.);
#2720=EDGE_CURVE('',#2165,#2162,#115,.T.);
#2721=EDGE_CURVE('',#2165,#2164,#1161,.T.);
#2722=EDGE_CURVE('',#2164,#2157,#1828,.T.);
#2723=EDGE_CURVE('',#2160,#2165,#1829,.T.);
#2724=EDGE_CURVE('',#2166,#2167,#1162,.T.);
#2725=EDGE_CURVE('',#2168,#2166,#116,.T.);
#2726=EDGE_CURVE('',#2169,#2168,#1163,.T.);
#2727=EDGE_CURVE('',#2167,#2169,#1830,.T.);
#2728=EDGE_CURVE('',#2170,#2171,#1831,.T.);
#2729=EDGE_CURVE('',#2172,#2170,#1832,.T.);
#2730=EDGE_CURVE('',#2172,#2173,#1833,.T.);
#2731=EDGE_CURVE('',#2171,#2173,#1834,.T.);
#2732=EDGE_CURVE('',#2174,#2175,#1835,.T.);
#2733=EDGE_CURVE('',#2170,#2174,#1164,.T.);
#2734=EDGE_CURVE('',#2175,#2171,#1165,.T.);
#2735=EDGE_CURVE('',#2176,#2177,#1836,.T.);
#2736=EDGE_CURVE('',#2174,#2176,#1837,.T.);
#2737=EDGE_CURVE('',#2177,#2175,#1838,.T.);
#2738=EDGE_CURVE('',#2168,#2177,#1166,.T.);
#2739=EDGE_CURVE('',#2176,#2166,#1167,.T.);
#2740=EDGE_CURVE('',#2178,#2179,#1839,.T.);
#2741=EDGE_CURVE('',#2167,#2178,#1840,.T.);
#2742=EDGE_CURVE('',#2179,#2169,#1841,.T.);
#2743=EDGE_CURVE('',#2180,#2178,#1168,.T.);
#2744=EDGE_CURVE('',#2180,#2181,#1842,.T.);
#2745=EDGE_CURVE('',#2167,#2181,#1169,.T.);
#2746=EDGE_CURVE('',#2181,#2182,#1170,.T.);
#2747=EDGE_CURVE('',#2182,#2166,#1171,.T.);
#2748=EDGE_CURVE('',#2183,#2181,#1843,.T.);
#2749=EDGE_CURVE('',#2184,#2183,#1172,.T.);
#2750=EDGE_CURVE('',#2182,#2184,#1844,.T.);
#2751=EDGE_CURVE('',#2185,#2180,#1845,.T.);
#2752=EDGE_CURVE('',#2183,#2185,#1846,.T.);
#2753=EDGE_CURVE('',#2186,#2187,#1847,.T.);
#2754=EDGE_CURVE('',#2188,#2186,#1848,.T.);
#2755=EDGE_CURVE('',#2188,#2189,#1849,.T.);
#2756=EDGE_CURVE('',#2187,#2189,#1850,.T.);
#2757=EDGE_CURVE('',#2190,#2191,#1851,.T.);
#2758=EDGE_CURVE('',#2186,#2190,#1173,.T.);
#2759=EDGE_CURVE('',#2191,#2187,#1174,.T.);
#2760=EDGE_CURVE('',#2192,#2193,#1852,.T.);
#2761=EDGE_CURVE('',#2190,#2192,#1853,.T.);
#2762=EDGE_CURVE('',#2193,#2191,#1854,.T.);
#2763=EDGE_CURVE('',#2192,#2194,#1175,.T.);
#2764=EDGE_CURVE('',#2194,#2195,#1855,.T.);
#2765=EDGE_CURVE('',#2190,#2195,#1176,.T.);
#2766=EDGE_CURVE('',#2195,#2196,#1177,.T.);
#2767=EDGE_CURVE('',#2186,#2196,#1178,.T.);
#2768=EDGE_CURVE('',#2196,#2197,#1856,.T.);
#2769=EDGE_CURVE('',#2188,#2197,#1179,.T.);
#2770=EDGE_CURVE('',#2198,#2196,#1857,.T.);
#2771=EDGE_CURVE('',#2199,#2198,#1858,.T.);
#2772=EDGE_CURVE('',#2199,#2197,#1859,.T.);
#2773=EDGE_CURVE('',#2200,#2195,#1860,.T.);
#2774=EDGE_CURVE('',#2198,#2200,#1180,.T.);
#2775=EDGE_CURVE('',#2201,#2194,#1861,.T.);
#2776=EDGE_CURVE('',#2200,#2201,#1862,.T.);
#2777=EDGE_CURVE('',#2202,#2175,#1181,.T.);
#2778=EDGE_CURVE('',#2202,#2203,#1863,.T.);
#2779=EDGE_CURVE('',#2203,#2177,#1182,.T.);
#2780=EDGE_CURVE('',#2204,#2202,#1864,.T.);
#2781=EDGE_CURVE('',#2204,#2205,#1865,.T.);
#2782=EDGE_CURVE('',#2205,#2203,#1866,.T.);
#2783=EDGE_CURVE('',#2206,#2204,#1183,.T.);
#2784=EDGE_CURVE('',#2206,#2207,#1867,.T.);
#2785=EDGE_CURVE('',#2207,#2205,#1184,.T.);
#2786=EDGE_CURVE('',#2208,#2171,#1185,.T.);
#2787=EDGE_CURVE('',#2208,#2202,#1186,.T.);
#2788=EDGE_CURVE('',#2209,#2208,#1868,.T.);
#2789=EDGE_CURVE('',#2209,#2204,#1187,.T.);
#2790=EDGE_CURVE('',#2210,#2209,#1188,.T.);
#2791=EDGE_CURVE('',#2210,#2206,#1189,.T.);
#2792=EDGE_CURVE('',#2211,#2173,#1190,.T.);
#2793=EDGE_CURVE('',#2211,#2208,#1869,.T.);
#2794=EDGE_CURVE('',#2212,#2211,#1870,.T.);
#2795=EDGE_CURVE('',#2212,#2209,#1871,.T.);
#2796=EDGE_CURVE('',#2213,#2212,#1191,.T.);
#2797=EDGE_CURVE('',#2213,#2210,#1872,.T.);
#2798=EDGE_CURVE('',#2214,#2215,#43,.T.);
#2799=EDGE_CURVE('',#2214,#2216,#44,.T.);
#2800=EDGE_CURVE('',#2216,#2217,#45,.T.);
#2801=EDGE_CURVE('',#2217,#2218,#46,.T.);
#2802=EDGE_CURVE('',#2218,#2215,#47,.T.);
#2803=EDGE_CURVE('',#2215,#2219,#48,.T.);
#2804=EDGE_CURVE('',#2219,#2220,#49,.F.);
#2805=EDGE_CURVE('',#2220,#2214,#50,.T.);
#2806=EDGE_CURVE('',#2221,#2218,#51,.T.);
#2807=EDGE_CURVE('',#2221,#2219,#1192,.T.);
#2808=EDGE_CURVE('',#2217,#2222,#52,.T.);
#2809=EDGE_CURVE('',#2222,#2223,#53,.T.);
#2810=EDGE_CURVE('',#2223,#2221,#54,.F.);
#2811=EDGE_CURVE('',#2224,#2216,#1873,.T.);
#2812=EDGE_CURVE('',#2225,#2224,#1193,.T.);
#2813=EDGE_CURVE('',#2222,#2225,#1874,.T.);
#2814=EDGE_CURVE('',#2224,#2226,#14,.T.);
#2815=EDGE_CURVE('',#2227,#2226,#1194,.T.);
#2816=EDGE_CURVE('',#2227,#2225,#117,.T.);
#2817=EDGE_CURVE('',#2226,#2220,#1875,.T.);
#2818=EDGE_CURVE('',#2223,#2227,#1876,.T.);
#2819=EDGE_CURVE('',#2228,#2229,#1195,.T.);
#2820=EDGE_CURVE('',#2229,#2230,#1877,.T.);
#2821=EDGE_CURVE('',#2230,#2231,#1196,.T.);
#2822=EDGE_CURVE('',#2231,#2228,#118,.T.);
#2823=EDGE_CURVE('',#2172,#2232,#1197,.T.);
#2824=EDGE_CURVE('',#2232,#2233,#1878,.T.);
#2825=EDGE_CURVE('',#2233,#2173,#1198,.T.);
#2826=EDGE_CURVE('',#2234,#2235,#1879,.T.);
#2827=EDGE_CURVE('',#2235,#2233,#1880,.T.);
#2828=EDGE_CURVE('',#2232,#2234,#1881,.T.);
#2829=EDGE_CURVE('',#2236,#2237,#1882,.T.);
#2830=EDGE_CURVE('',#2237,#2235,#1199,.T.);
#2831=EDGE_CURVE('',#2234,#2236,#1200,.T.);
#2832=EDGE_CURVE('',#2238,#2239,#1883,.T.);
#2833=EDGE_CURVE('',#2239,#2237,#1884,.T.);
#2834=EDGE_CURVE('',#2236,#2238,#1885,.T.);
#2835=EDGE_CURVE('',#2231,#2239,#1201,.T.);
#2836=EDGE_CURVE('',#2238,#2228,#1202,.T.);
#2837=EDGE_CURVE('',#2240,#2241,#1886,.T.);
#2838=EDGE_CURVE('',#2241,#2230,#1887,.T.);
#2839=EDGE_CURVE('',#2229,#2240,#1888,.T.);
#2840=EDGE_CURVE('',#2179,#2241,#1203,.T.);
#2841=EDGE_CURVE('',#2240,#2178,#1204,.T.);
#2842=EDGE_CURVE('',#2242,#2240,#1205,.T.);
#2843=EDGE_CURVE('',#2180,#2242,#1206,.T.);
#2844=EDGE_CURVE('',#2229,#2243,#1207,.T.);
#2845=EDGE_CURVE('',#2242,#2243,#1889,.T.);
#2846=EDGE_CURVE('',#2244,#2228,#1208,.T.);
#2847=EDGE_CURVE('',#2243,#2244,#1209,.T.);
#2848=EDGE_CURVE('',#2184,#2245,#1210,.T.);
#2849=EDGE_CURVE('',#2244,#2245,#1890,.T.);
#2850=EDGE_CURVE('',#2246,#2189,#1211,.T.);
#2851=EDGE_CURVE('',#2247,#2246,#1891,.T.);
#2852=EDGE_CURVE('',#2248,#2247,#1212,.T.);
#2853=EDGE_CURVE('',#2249,#2248,#1892,.T.);
#2854=EDGE_CURVE('',#2193,#2249,#1213,.T.);
#2855=EDGE_CURVE('',#2250,#2243,#1893,.T.);
#2856=EDGE_CURVE('',#2245,#2250,#1214,.T.);
#2857=EDGE_CURVE('',#2251,#2242,#1894,.T.);
#2858=EDGE_CURVE('',#2250,#2251,#1895,.T.);
#2859=EDGE_CURVE('',#2251,#2185,#1215,.T.);
#2860=EDGE_CURVE('',#2188,#2252,#1216,.T.);
#2861=EDGE_CURVE('',#2252,#2246,#1896,.T.);
#2862=EDGE_CURVE('',#2253,#2247,#1897,.T.);
#2863=EDGE_CURVE('',#2252,#2253,#1898,.T.);
#2864=EDGE_CURVE('',#2254,#2248,#1899,.T.);
#2865=EDGE_CURVE('',#2253,#2254,#1217,.T.);
#2866=EDGE_CURVE('',#2255,#2249,#1900,.T.);
#2867=EDGE_CURVE('',#2254,#2255,#1901,.T.);
#2868=EDGE_CURVE('',#2255,#2192,#1218,.T.);
#2869=EDGE_CURVE('',#2255,#2256,#1219,.T.);
#2870=EDGE_CURVE('',#2194,#2256,#1220,.T.);
#2871=EDGE_CURVE('',#2254,#2257,#1221,.T.);
#2872=EDGE_CURVE('',#2256,#2257,#1902,.T.);
#2873=EDGE_CURVE('',#2253,#2258,#1222,.T.);
#2874=EDGE_CURVE('',#2257,#2258,#1223,.T.);
#2875=EDGE_CURVE('',#2252,#2259,#1224,.T.);
#2876=EDGE_CURVE('',#2258,#2259,#1903,.T.);
#2877=EDGE_CURVE('',#2259,#2197,#1225,.T.);
#2878=EDGE_CURVE('',#2260,#2259,#1904,.T.);
#2879=EDGE_CURVE('',#2199,#2260,#1226,.T.);
#2880=EDGE_CURVE('',#2261,#2258,#1905,.T.);
#2881=EDGE_CURVE('',#2260,#2261,#1906,.T.);
#2882=EDGE_CURVE('',#2262,#2257,#1907,.T.);
#2883=EDGE_CURVE('',#2261,#2262,#1227,.T.);
#2884=EDGE_CURVE('',#2263,#2256,#1908,.T.);
#2885=EDGE_CURVE('',#2262,#2263,#1909,.T.);
#2886=EDGE_CURVE('',#2263,#2201,#1228,.T.);
#2887=EDGE_CURVE('',#2264,#2203,#1229,.T.);
#2888=EDGE_CURVE('',#2264,#2239,#1230,.T.);
#2889=EDGE_CURVE('',#2265,#2264,#1910,.T.);
#2890=EDGE_CURVE('',#2265,#2205,#1231,.T.);
#2891=EDGE_CURVE('',#2266,#2265,#1232,.T.);
#2892=EDGE_CURVE('',#2266,#2207,#1233,.T.);
#2893=EDGE_CURVE('',#2267,#2264,#1911,.T.);
#2894=EDGE_CURVE('',#2267,#2237,#1234,.T.);
#2895=EDGE_CURVE('',#2268,#2267,#1912,.T.);
#2896=EDGE_CURVE('',#2268,#2265,#1913,.T.);
#2897=EDGE_CURVE('',#2269,#2268,#1235,.T.);
#2898=EDGE_CURVE('',#2269,#2266,#1914,.T.);
#2899=EDGE_CURVE('',#2270,#2267,#1236,.T.);
#2900=EDGE_CURVE('',#2270,#2235,#1237,.T.);
#2901=EDGE_CURVE('',#2271,#2270,#1915,.T.);
#2902=EDGE_CURVE('',#2271,#2268,#1238,.T.);
#2903=EDGE_CURVE('',#2272,#2271,#1239,.T.);
#2904=EDGE_CURVE('',#2272,#2269,#1240,.T.);
#2905=EDGE_CURVE('',#2273,#2270,#1916,.T.);
#2906=EDGE_CURVE('',#2273,#2233,#1241,.T.);
#2907=EDGE_CURVE('',#2274,#2273,#1917,.T.);
#2908=EDGE_CURVE('',#2274,#2271,#1918,.T.);
#2909=EDGE_CURVE('',#2275,#2274,#1242,.T.);
#2910=EDGE_CURVE('',#2275,#2272,#1919,.T.);
#2911=EDGE_CURVE('',#2213,#2275,#1243,.T.);
#2912=EDGE_CURVE('',#2211,#2273,#1244,.T.);
#2913=EDGE_CURVE('',#2212,#2274,#1245,.T.);
#2914=EDGE_CURVE('',#2276,#2277,#55,.F.);
#2915=EDGE_CURVE('',#2278,#2276,#56,.F.);
#2916=EDGE_CURVE('',#2279,#2278,#1920,.T.);
#2917=EDGE_CURVE('',#2280,#2279,#57,.T.);
#2918=EDGE_CURVE('',#2277,#2280,#1921,.T.);
#2919=EDGE_CURVE('',#2281,#2278,#58,.T.);
#2920=EDGE_CURVE('',#2282,#2281,#1922,.T.);
#2921=EDGE_CURVE('',#2282,#2279,#1246,.T.);
#2922=EDGE_CURVE('',#2283,#2284,#59,.T.);
#2923=EDGE_CURVE('',#2285,#2283,#60,.T.);
#2924=EDGE_CURVE('',#2286,#2285,#1247,.T.);
#2925=EDGE_CURVE('',#2287,#2286,#1923,.T.);
#2926=EDGE_CURVE('',#2284,#2287,#1248,.T.);
#2927=EDGE_CURVE('',#2288,#2289,#1924,.T.);
#2928=EDGE_CURVE('',#2287,#2288,#1925,.T.);
#2929=EDGE_CURVE('',#2289,#2286,#1926,.T.);
#2930=EDGE_CURVE('',#2290,#2291,#1927,.T.);
#2931=EDGE_CURVE('',#2292,#2290,#1928,.T.);
#2932=EDGE_CURVE('',#2292,#2293,#1929,.T.);
#2933=EDGE_CURVE('',#2291,#2293,#1930,.T.);
#2934=EDGE_CURVE('',#2290,#2276,#1249,.T.);
#2935=EDGE_CURVE('',#2281,#2291,#1250,.T.);
#2936=EDGE_CURVE('',#2294,#2285,#1931,.T.);
#2937=EDGE_CURVE('',#2295,#2294,#1251,.T.);
#2938=EDGE_CURVE('',#2296,#2295,#1932,.T.);
#2939=EDGE_CURVE('',#2296,#2297,#1252,.T.);
#2940=EDGE_CURVE('',#2297,#2282,#1253,.T.);
#2941=EDGE_CURVE('',#2286,#2291,#1254,.T.);
#2942=EDGE_CURVE('',#2298,#2299,#1933,.T.);
#2943=EDGE_CURVE('',#2300,#2299,#1255,.T.);
#2944=EDGE_CURVE('',#2298,#2300,#1256,.T.);
#2945=EDGE_CURVE('',#2301,#2302,#1934,.T.);
#2946=EDGE_CURVE('',#2303,#2302,#1257,.T.);
#2947=EDGE_CURVE('',#2303,#2301,#1258,.T.);
#2948=EDGE_CURVE('',#2304,#2284,#61,.T.);
#2949=EDGE_CURVE('',#2304,#2305,#62,.T.);
#2950=EDGE_CURVE('',#2305,#2306,#63,.T.);
#2951=EDGE_CURVE('',#2306,#2307,#64,.T.);
#2952=EDGE_CURVE('',#2283,#2307,#65,.T.);
#2953=EDGE_CURVE('',#2308,#2309,#1259,.T.);
#2954=EDGE_CURVE('',#2310,#2308,#119,.T.);
#2955=EDGE_CURVE('',#2311,#2310,#1260,.T.);
#2956=EDGE_CURVE('',#2309,#2311,#1935,.T.);
#2957=EDGE_CURVE('',#2310,#2312,#1261,.T.);
#2958=EDGE_CURVE('',#2313,#2308,#1262,.T.);
#2959=EDGE_CURVE('',#2312,#2313,#1936,.T.);
#2960=EDGE_CURVE('',#2314,#2315,#1937,.T.);
#2961=EDGE_CURVE('',#2312,#2314,#1938,.T.);
#2962=EDGE_CURVE('',#2315,#2313,#1939,.T.);
#2963=EDGE_CURVE('',#2316,#2317,#1940,.T.);
#2964=EDGE_CURVE('',#2309,#2316,#1941,.T.);
#2965=EDGE_CURVE('',#2317,#2311,#1942,.T.);
#2966=EDGE_CURVE('',#2318,#2317,#1263,.T.);
#2967=EDGE_CURVE('',#2319,#2318,#1943,.T.);
#2968=EDGE_CURVE('',#2316,#2319,#1264,.T.);
#2969=EDGE_CURVE('',#2320,#2321,#1944,.T.);
#2970=EDGE_CURVE('',#2319,#2320,#1945,.T.);
#2971=EDGE_CURVE('',#2321,#2318,#1946,.T.);
#2972=EDGE_CURVE('',#2322,#2316,#1265,.T.);
#2973=EDGE_CURVE('',#2323,#2322,#1947,.F.);
#2974=EDGE_CURVE('',#2309,#2323,#1266,.T.);
#2975=EDGE_CURVE('',#2324,#2323,#1267,.F.);
#2976=EDGE_CURVE('',#2308,#2324,#1268,.T.);
#2977=EDGE_CURVE('',#2325,#2296,#1269,.T.);
#2978=EDGE_CURVE('',#2326,#2325,#1270,.T.);
#2979=EDGE_CURVE('',#2297,#2326,#1271,.T.);
#2980=EDGE_CURVE('',#2326,#2327,#1272,.T.);
#2981=EDGE_CURVE('',#2328,#2325,#120,.T.);
#2982=EDGE_CURVE('',#2329,#2328,#1273,.T.);
#2983=EDGE_CURVE('',#2306,#2329,#121,.T.);
#2984=EDGE_CURVE('',#2327,#2305,#66,.T.);
#2985=EDGE_CURVE('',#2327,#2304,#67,.T.);
#2986=EDGE_CURVE('',#2295,#2330,#1274,.T.);
#2987=EDGE_CURVE('',#2330,#2328,#1948,.T.);
#2988=EDGE_CURVE('',#2331,#2330,#1275,.T.);
#2989=EDGE_CURVE('',#2331,#2329,#1949,.F.);
#2990=EDGE_CURVE('',#2331,#2294,#1276,.T.);
#2991=EDGE_CURVE('',#2289,#2293,#1277,.T.);
#2992=EDGE_CURVE('',#2312,#2318,#1278,.T.);
#2993=EDGE_CURVE('',#2314,#2321,#1279,.T.);
#2994=EDGE_CURVE('',#2302,#2332,#68,.T.);
#2995=EDGE_CURVE('',#2333,#2301,#69,.T.);
#2996=EDGE_CURVE('',#2332,#2333,#1950,.T.);
#2997=EDGE_CURVE('',#2333,#2334,#1280,.T.);
#2998=EDGE_CURVE('',#2335,#2334,#1951,.T.);
#2999=EDGE_CURVE('',#2332,#2335,#1281,.T.);
#3000=EDGE_CURVE('',#2299,#2336,#70,.T.);
#3001=EDGE_CURVE('',#2337,#2298,#71,.T.);
#3002=EDGE_CURVE('',#2336,#2337,#1952,.T.);
#3003=EDGE_CURVE('',#2337,#2338,#1282,.T.);
#3004=EDGE_CURVE('',#2339,#2338,#1953,.T.);
#3005=EDGE_CURVE('',#2336,#2339,#1283,.T.);
#3006=EDGE_CURVE('',#2324,#2280,#1284,.T.);
#3007=EDGE_CURVE('',#2277,#2322,#1285,.T.);
#3008=EDGE_CURVE('',#2340,#2341,#15,.T.);
#3009=EDGE_CURVE('',#2342,#2340,#1954,.T.);
#3010=EDGE_CURVE('',#2343,#2342,#16,.T.);
#3011=EDGE_CURVE('',#2341,#2343,#1955,.T.);
#3012=EDGE_CURVE('',#2344,#2340,#1286,.T.);
#3013=EDGE_CURVE('',#2344,#2342,#1287,.T.);
#3014=EDGE_CURVE('',#2303,#2344,#1288,.T.);
#3015=EDGE_CURVE('',#2335,#2345,#1289,.T.);
#3016=EDGE_CURVE('',#2345,#2346,#17,.T.);
#3017=EDGE_CURVE('',#2343,#2346,#1290,.T.);
#3018=EDGE_CURVE('',#2347,#2348,#18,.T.);
#3019=EDGE_CURVE('',#2346,#2347,#1956,.T.);
#3020=EDGE_CURVE('',#2348,#2345,#1957,.T.);
#3021=EDGE_CURVE('',#2348,#2334,#1291,.T.);
#3022=EDGE_CURVE('',#2341,#2347,#1292,.T.);
#3023=EDGE_CURVE('',#2349,#2350,#19,.T.);
#3024=EDGE_CURVE('',#2351,#2349,#1958,.T.);
#3025=EDGE_CURVE('',#2352,#2351,#20,.T.);
#3026=EDGE_CURVE('',#2350,#2352,#1959,.T.);
#3027=EDGE_CURVE('',#2353,#2349,#1293,.T.);
#3028=EDGE_CURVE('',#2353,#2354,#1960,.T.);
#3029=EDGE_CURVE('',#2354,#2351,#1294,.T.);
#3030=EDGE_CURVE('',#2354,#2355,#21,.T.);
#3031=EDGE_CURVE('',#2356,#2355,#1295,.T.);
#3032=EDGE_CURVE('',#2300,#2356,#1296,.T.);
#3033=EDGE_CURVE('',#2339,#2352,#1297,.T.);
#3034=EDGE_CURVE('',#2357,#2353,#22,.T.);
#3035=EDGE_CURVE('',#2355,#2357,#1961,.T.);
#3036=EDGE_CURVE('',#2350,#2338,#1298,.T.);
#3037=EDGE_CURVE('',#2356,#2357,#1299,.T.);
#3038=EDGE_CURVE('',#2358,#2359,#72,.F.);
#3039=EDGE_CURVE('',#2359,#2360,#1962,.T.);
#3040=EDGE_CURVE('',#2360,#2361,#73,.T.);
#3041=EDGE_CURVE('',#2361,#2362,#1963,.T.);
#3042=EDGE_CURVE('',#2362,#2358,#74,.F.);
#3043=EDGE_CURVE('',#2363,#2361,#1300,.T.);
#3044=EDGE_CURVE('',#2363,#2364,#1964,.T.);
#3045=EDGE_CURVE('',#2364,#2362,#75,.T.);
#3046=EDGE_CURVE('',#2365,#2360,#1301,.T.);
#3047=EDGE_CURVE('',#2366,#2365,#1302,.T.);
#3048=EDGE_CURVE('',#2367,#2366,#1303,.T.);
#3049=EDGE_CURVE('',#2368,#2367,#1965,.T.);
#3050=EDGE_CURVE('',#2315,#2368,#1304,.T.);
#3051=EDGE_CURVE('',#2369,#2288,#1305,.T.);
#3052=EDGE_CURVE('',#2370,#2369,#1966,.T.);
#3053=EDGE_CURVE('',#2371,#2370,#1306,.T.);
#3054=EDGE_CURVE('',#2372,#2371,#76,.T.);
#3055=EDGE_CURVE('',#2373,#2372,#77,.T.);
#3056=EDGE_CURVE('',#2374,#2373,#1307,.T.);
#3057=EDGE_CURVE('',#2375,#2374,#1308,.T.);
#3058=EDGE_CURVE('',#2375,#2363,#1309,.T.);
#3059=EDGE_CURVE('',#2376,#2371,#78,.T.);
#3060=EDGE_CURVE('',#2370,#2377,#1967,.T.);
#3061=EDGE_CURVE('',#2377,#2378,#1310,.T.);
#3062=EDGE_CURVE('',#2378,#2376,#79,.T.);
#3063=EDGE_CURVE('',#2369,#2379,#1968,.T.);
#3064=EDGE_CURVE('',#2379,#2377,#1969,.T.);
#3065=EDGE_CURVE('',#2379,#2289,#1311,.T.);
#3066=EDGE_CURVE('',#2293,#2380,#1312,.T.);
#3067=EDGE_CURVE('',#2379,#2380,#1313,.T.);
#3068=EDGE_CURVE('',#2381,#2292,#1314,.T.);
#3069=EDGE_CURVE('',#2381,#2380,#1970,.T.);
#3070=EDGE_CURVE('',#2382,#2383,#1971,.T.);
#3071=EDGE_CURVE('',#2383,#2380,#1972,.T.);
#3072=EDGE_CURVE('',#2381,#2382,#1973,.T.);
#3073=EDGE_CURVE('',#2364,#2383,#1315,.T.);
#3074=EDGE_CURVE('',#2382,#2358,#1316,.T.);
#3075=EDGE_CURVE('',#2377,#2383,#1317,.T.);
#3076=EDGE_CURVE('',#2384,#2375,#1318,.T.);
#3077=EDGE_CURVE('',#2384,#2385,#1974,.T.);
#3078=EDGE_CURVE('',#2385,#2386,#1319,.T.);
#3079=EDGE_CURVE('',#2386,#2378,#1975,.T.);
#3080=EDGE_CURVE('',#2387,#2388,#1976,.T.);
#3081=EDGE_CURVE('',#2387,#2389,#1320,.T.);
#3082=EDGE_CURVE('',#2389,#2388,#1321,.T.);
#3083=EDGE_CURVE('',#2390,#2391,#1977,.T.);
#3084=EDGE_CURVE('',#2392,#2390,#1322,.T.);
#3085=EDGE_CURVE('',#2392,#2391,#1323,.T.);
#3086=EDGE_CURVE('',#2320,#2393,#1324,.T.);
#3087=EDGE_CURVE('',#2394,#2393,#1978,.T.);
#3088=EDGE_CURVE('',#2395,#2394,#1325,.T.);
#3089=EDGE_CURVE('',#2396,#2395,#1326,.T.);
#3090=EDGE_CURVE('',#2359,#2396,#1327,.T.);
#3091=EDGE_CURVE('',#2376,#2397,#80,.T.);
#3092=EDGE_CURVE('',#2398,#2397,#81,.T.);
#3093=EDGE_CURVE('',#2399,#2398,#82,.T.);
#3094=EDGE_CURVE('',#2372,#2399,#83,.T.);
#3095=EDGE_CURVE('',#2366,#2400,#1328,.T.);
#3096=EDGE_CURVE('',#2400,#2401,#1979,.T.);
#3097=EDGE_CURVE('',#2401,#2402,#1329,.T.);
#3098=EDGE_CURVE('',#2402,#2366,#122,.T.);
#3099=EDGE_CURVE('',#2402,#2403,#1330,.T.);
#3100=EDGE_CURVE('',#2403,#2367,#1980,.T.);
#3101=EDGE_CURVE('',#2404,#2368,#1981,.T.);
#3102=EDGE_CURVE('',#2403,#2404,#1982,.T.);
#3103=EDGE_CURVE('',#2395,#2405,#1983,.T.);
#3104=EDGE_CURVE('',#2405,#2401,#1984,.T.);
#3105=EDGE_CURVE('',#2400,#2395,#1985,.T.);
#3106=EDGE_CURVE('',#2404,#2314,#1331,.T.);
#3107=EDGE_CURVE('',#2394,#2406,#1986,.T.);
#3108=EDGE_CURVE('',#2406,#2405,#1332,.T.);
#3109=EDGE_CURVE('',#2393,#2407,#1987,.T.);
#3110=EDGE_CURVE('',#2407,#2406,#1988,.T.);
#3111=EDGE_CURVE('',#2321,#2407,#1333,.T.);
#3112=EDGE_CURVE('',#2400,#2408,#1334,.T.);
#3113=EDGE_CURVE('',#2408,#2396,#1989,.F.);
#3114=EDGE_CURVE('',#2365,#2408,#1335,.F.);
#3115=EDGE_CURVE('',#2409,#2384,#1336,.T.);
#3116=EDGE_CURVE('',#2374,#2409,#1337,.T.);
#3117=EDGE_CURVE('',#2373,#2399,#84,.T.);
#3118=EDGE_CURVE('',#2398,#2410,#123,.T.);
#3119=EDGE_CURVE('',#2410,#2411,#1338,.T.);
#3120=EDGE_CURVE('',#2411,#2409,#124,.T.);
#3121=EDGE_CURVE('',#2412,#2411,#1990,.T.);
#3122=EDGE_CURVE('',#2385,#2412,#1339,.T.);
#3123=EDGE_CURVE('',#2413,#2410,#1991,.F.);
#3124=EDGE_CURVE('',#2413,#2412,#1340,.T.);
#3125=EDGE_CURVE('',#2413,#2386,#1341,.T.);
#3126=EDGE_CURVE('',#2403,#2406,#1342,.T.);
#3127=EDGE_CURVE('',#2404,#2407,#1343,.T.);
#3128=EDGE_CURVE('',#2391,#2414,#85,.T.);
#3129=EDGE_CURVE('',#2414,#2415,#1992,.T.);
#3130=EDGE_CURVE('',#2415,#2390,#86,.T.);
#3131=EDGE_CURVE('',#2414,#2416,#1344,.T.);
#3132=EDGE_CURVE('',#2416,#2417,#1993,.T.);
#3133=EDGE_CURVE('',#2415,#2417,#1345,.T.);
#3134=EDGE_CURVE('',#2388,#2418,#87,.T.);
#3135=EDGE_CURVE('',#2418,#2419,#1994,.T.);
#3136=EDGE_CURVE('',#2419,#2387,#88,.T.);
#3137=EDGE_CURVE('',#2418,#2420,#1346,.T.);
#3138=EDGE_CURVE('',#2420,#2421,#1995,.T.);
#3139=EDGE_CURVE('',#2419,#2421,#1347,.T.);
#3140=EDGE_CURVE('',#2422,#2423,#23,.T.);
#3141=EDGE_CURVE('',#2423,#2424,#1996,.T.);
#3142=EDGE_CURVE('',#2424,#2425,#24,.T.);
#3143=EDGE_CURVE('',#2425,#2422,#1997,.T.);
#3144=EDGE_CURVE('',#2426,#2425,#1348,.T.);
#3145=EDGE_CURVE('',#2426,#2422,#1349,.T.);
#3146=EDGE_CURVE('',#2424,#2427,#1350,.T.);
#3147=EDGE_CURVE('',#2428,#2427,#25,.T.);
#3148=EDGE_CURVE('',#2416,#2428,#1351,.T.);
#3149=EDGE_CURVE('',#2392,#2426,#1352,.T.);
#3150=EDGE_CURVE('',#2429,#2430,#26,.T.);
#3151=EDGE_CURVE('',#2430,#2428,#1998,.T.);
#3152=EDGE_CURVE('',#2427,#2429,#1999,.T.);
#3153=EDGE_CURVE('',#2430,#2417,#1353,.T.);
#3154=EDGE_CURVE('',#2423,#2429,#1354,.T.);
#3155=EDGE_CURVE('',#2431,#2432,#27,.T.);
#3156=EDGE_CURVE('',#2432,#2433,#2000,.T.);
#3157=EDGE_CURVE('',#2433,#2434,#28,.T.);
#3158=EDGE_CURVE('',#2434,#2431,#2001,.T.);
#3159=EDGE_CURVE('',#2435,#2434,#1355,.T.);
#3160=EDGE_CURVE('',#2436,#2435,#2002,.T.);
#3161=EDGE_CURVE('',#2436,#2431,#1356,.T.);
#3162=EDGE_CURVE('',#2420,#2433,#1357,.T.);
#3163=EDGE_CURVE('',#2389,#2437,#1358,.T.);
#3164=EDGE_CURVE('',#2437,#2438,#1359,.T.);
#3165=EDGE_CURVE('',#2435,#2438,#29,.T.);
#3166=EDGE_CURVE('',#2439,#2436,#30,.T.);
#3167=EDGE_CURVE('',#2438,#2439,#2003,.T.);
#3168=EDGE_CURVE('',#2432,#2421,#1360,.T.);
#3169=EDGE_CURVE('',#2437,#2439,#1361,.T.);
#3170=ORIENTED_EDGE('',*,*,#2440,.F.);
#3171=ORIENTED_EDGE('',*,*,#2441,.T.);
#3172=ORIENTED_EDGE('',*,*,#2442,.T.);
#3173=ORIENTED_EDGE('',*,*,#2441,.F.);
#3174=ORIENTED_EDGE('',*,*,#2443,.T.);
#3175=ORIENTED_EDGE('',*,*,#2444,.T.);
#3176=ORIENTED_EDGE('',*,*,#2440,.T.);
#3177=ORIENTED_EDGE('',*,*,#2444,.F.);
#3178=ORIENTED_EDGE('',*,*,#2443,.F.);
#3179=ORIENTED_EDGE('',*,*,#2445,.T.);
#3180=ORIENTED_EDGE('',*,*,#2446,.F.);
#3181=ORIENTED_EDGE('',*,*,#2445,.F.);
#3182=ORIENTED_EDGE('',*,*,#2446,.T.);
#3183=ORIENTED_EDGE('',*,*,#2447,.F.);
#3184=ORIENTED_EDGE('',*,*,#2448,.T.);
#3185=ORIENTED_EDGE('',*,*,#2449,.F.);
#3186=ORIENTED_EDGE('',*,*,#2448,.F.);
#3187=ORIENTED_EDGE('',*,*,#2449,.T.);
#3188=ORIENTED_EDGE('',*,*,#2450,.T.);
#3189=ORIENTED_EDGE('',*,*,#2442,.F.);
#3190=ORIENTED_EDGE('',*,*,#2450,.F.);
#3191=ORIENTED_EDGE('',*,*,#2451,.T.);
#3192=ORIENTED_EDGE('',*,*,#2452,.T.);
#3193=ORIENTED_EDGE('',*,*,#2453,.F.);
#3194=ORIENTED_EDGE('',*,*,#2454,.F.);
#3195=ORIENTED_EDGE('',*,*,#2447,.T.);
#3196=ORIENTED_EDGE('',*,*,#2455,.F.);
#3197=ORIENTED_EDGE('',*,*,#2456,.F.);
#3198=ORIENTED_EDGE('',*,*,#2457,.T.);
#3199=ORIENTED_EDGE('',*,*,#2458,.F.);
#3200=ORIENTED_EDGE('',*,*,#2459,.F.);
#3201=ORIENTED_EDGE('',*,*,#2460,.F.);
#3202=ORIENTED_EDGE('',*,*,#2461,.F.);
#3203=ORIENTED_EDGE('',*,*,#2455,.T.);
#3204=ORIENTED_EDGE('',*,*,#2462,.F.);
#3205=ORIENTED_EDGE('',*,*,#2463,.F.);
#3206=ORIENTED_EDGE('',*,*,#2464,.T.);
#3207=ORIENTED_EDGE('',*,*,#2465,.F.);
#3208=ORIENTED_EDGE('',*,*,#2466,.F.);
#3209=ORIENTED_EDGE('',*,*,#2451,.F.);
#3210=ORIENTED_EDGE('',*,*,#2462,.T.);
#3211=ORIENTED_EDGE('',*,*,#2467,.F.);
#3212=ORIENTED_EDGE('',*,*,#2468,.F.);
#3213=ORIENTED_EDGE('',*,*,#2469,.F.);
#3214=ORIENTED_EDGE('',*,*,#2466,.T.);
#3215=ORIENTED_EDGE('',*,*,#2470,.F.);
#3216=ORIENTED_EDGE('',*,*,#2471,.F.);
#3217=ORIENTED_EDGE('',*,*,#2460,.T.);
#3218=ORIENTED_EDGE('',*,*,#2472,.F.);
#3219=ORIENTED_EDGE('',*,*,#2468,.T.);
#3220=ORIENTED_EDGE('',*,*,#2469,.T.);
#3221=ORIENTED_EDGE('',*,*,#2473,.T.);
#3222=ORIENTED_EDGE('',*,*,#2474,.F.);
#3223=ORIENTED_EDGE('',*,*,#2452,.F.);
#3224=ORIENTED_EDGE('',*,*,#2463,.T.);
#3225=ORIENTED_EDGE('',*,*,#2454,.T.);
#3226=ORIENTED_EDGE('',*,*,#2475,.F.);
#3227=ORIENTED_EDGE('',*,*,#2476,.F.);
#3228=ORIENTED_EDGE('',*,*,#2477,.F.);
#3229=ORIENTED_EDGE('',*,*,#2478,.F.);
#3230=ORIENTED_EDGE('',*,*,#2479,.T.);
#3231=ORIENTED_EDGE('',*,*,#2480,.F.);
#3232=ORIENTED_EDGE('',*,*,#2481,.F.);
#3233=ORIENTED_EDGE('',*,*,#2482,.F.);
#3234=ORIENTED_EDGE('',*,*,#2477,.T.);
#3235=ORIENTED_EDGE('',*,*,#2483,.F.);
#3236=ORIENTED_EDGE('',*,*,#2484,.F.);
#3237=ORIENTED_EDGE('',*,*,#2485,.F.);
#3238=ORIENTED_EDGE('',*,*,#2481,.T.);
#3239=ORIENTED_EDGE('',*,*,#2486,.F.);
#3240=ORIENTED_EDGE('',*,*,#2487,.F.);
#3241=ORIENTED_EDGE('',*,*,#2488,.F.);
#3242=ORIENTED_EDGE('',*,*,#2489,.T.);
#3243=ORIENTED_EDGE('',*,*,#2490,.F.);
#3244=ORIENTED_EDGE('',*,*,#2491,.F.);
#3245=ORIENTED_EDGE('',*,*,#2492,.F.);
#3246=ORIENTED_EDGE('',*,*,#2487,.T.);
#3247=ORIENTED_EDGE('',*,*,#2493,.F.);
#3248=ORIENTED_EDGE('',*,*,#2494,.F.);
#3249=ORIENTED_EDGE('',*,*,#2495,.F.);
#3250=ORIENTED_EDGE('',*,*,#2496,.T.);
#3251=ORIENTED_EDGE('',*,*,#2497,.F.);
#3252=ORIENTED_EDGE('',*,*,#2498,.F.);
#3253=ORIENTED_EDGE('',*,*,#2499,.F.);
#3254=ORIENTED_EDGE('',*,*,#2494,.T.);
#3255=ORIENTED_EDGE('',*,*,#2500,.F.);
#3256=ORIENTED_EDGE('',*,*,#2501,.F.);
#3257=ORIENTED_EDGE('',*,*,#2502,.F.);
#3258=ORIENTED_EDGE('',*,*,#2498,.T.);
#3259=ORIENTED_EDGE('',*,*,#2503,.F.);
#3260=ORIENTED_EDGE('',*,*,#2504,.F.);
#3261=ORIENTED_EDGE('',*,*,#2505,.F.);
#3262=ORIENTED_EDGE('',*,*,#2506,.T.);
#3263=ORIENTED_EDGE('',*,*,#2507,.F.);
#3264=ORIENTED_EDGE('',*,*,#2508,.F.);
#3265=ORIENTED_EDGE('',*,*,#2509,.F.);
#3266=ORIENTED_EDGE('',*,*,#2504,.T.);
#3267=ORIENTED_EDGE('',*,*,#2510,.F.);
#3268=ORIENTED_EDGE('',*,*,#2511,.F.);
#3269=ORIENTED_EDGE('',*,*,#2512,.F.);
#3270=ORIENTED_EDGE('',*,*,#2508,.T.);
#3271=ORIENTED_EDGE('',*,*,#2513,.F.);
#3272=ORIENTED_EDGE('',*,*,#2456,.T.);
#3273=ORIENTED_EDGE('',*,*,#2514,.F.);
#3274=ORIENTED_EDGE('',*,*,#2490,.T.);
#3275=ORIENTED_EDGE('',*,*,#2515,.F.);
#3276=ORIENTED_EDGE('',*,*,#2461,.T.);
#3277=ORIENTED_EDGE('',*,*,#2516,.T.);
#3278=ORIENTED_EDGE('',*,*,#2493,.T.);
#3279=ORIENTED_EDGE('',*,*,#2514,.T.);
#3280=ORIENTED_EDGE('',*,*,#2517,.F.);
#3281=ORIENTED_EDGE('',*,*,#2518,.T.);
#3282=ORIENTED_EDGE('',*,*,#2519,.T.);
#3283=ORIENTED_EDGE('',*,*,#2520,.F.);
#3284=ORIENTED_EDGE('',*,*,#2521,.F.);
#3285=ORIENTED_EDGE('',*,*,#2474,.T.);
#3286=ORIENTED_EDGE('',*,*,#2522,.T.);
#3287=ORIENTED_EDGE('',*,*,#2518,.F.);
#3288=ORIENTED_EDGE('',*,*,#2503,.T.);
#3289=ORIENTED_EDGE('',*,*,#2523,.F.);
#3290=ORIENTED_EDGE('',*,*,#2512,.T.);
#3291=ORIENTED_EDGE('',*,*,#2524,.T.);
#3292=ORIENTED_EDGE('',*,*,#2486,.T.);
#3293=ORIENTED_EDGE('',*,*,#2525,.F.);
#3294=ORIENTED_EDGE('',*,*,#2526,.T.);
#3295=ORIENTED_EDGE('',*,*,#2527,.T.);
#3296=ORIENTED_EDGE('',*,*,#2528,.F.);
#3297=ORIENTED_EDGE('',*,*,#2529,.T.);
#3298=ORIENTED_EDGE('',*,*,#2530,.T.);
#3299=ORIENTED_EDGE('',*,*,#2526,.F.);
#3300=ORIENTED_EDGE('',*,*,#2531,.F.);
#3301=ORIENTED_EDGE('',*,*,#2532,.T.);
#3302=ORIENTED_EDGE('',*,*,#2533,.T.);
#3303=ORIENTED_EDGE('',*,*,#2529,.F.);
#3304=ORIENTED_EDGE('',*,*,#2534,.F.);
#3305=ORIENTED_EDGE('',*,*,#2535,.T.);
#3306=ORIENTED_EDGE('',*,*,#2517,.T.);
#3307=ORIENTED_EDGE('',*,*,#2536,.F.);
#3308=ORIENTED_EDGE('',*,*,#2537,.F.);
#3309=ORIENTED_EDGE('',*,*,#2453,.T.);
#3310=ORIENTED_EDGE('',*,*,#2521,.T.);
#3311=ORIENTED_EDGE('',*,*,#2535,.F.);
#3312=ORIENTED_EDGE('',*,*,#2500,.T.);
#3313=ORIENTED_EDGE('',*,*,#2538,.F.);
#3314=ORIENTED_EDGE('',*,*,#2509,.T.);
#3315=ORIENTED_EDGE('',*,*,#2523,.T.);
#3316=ORIENTED_EDGE('',*,*,#2483,.T.);
#3317=ORIENTED_EDGE('',*,*,#2539,.F.);
#3318=ORIENTED_EDGE('',*,*,#2540,.T.);
#3319=ORIENTED_EDGE('',*,*,#2525,.T.);
#3320=ORIENTED_EDGE('',*,*,#2541,.F.);
#3321=ORIENTED_EDGE('',*,*,#2542,.T.);
#3322=ORIENTED_EDGE('',*,*,#2528,.T.);
#3323=ORIENTED_EDGE('',*,*,#2540,.F.);
#3324=ORIENTED_EDGE('',*,*,#2543,.F.);
#3325=ORIENTED_EDGE('',*,*,#2544,.T.);
#3326=ORIENTED_EDGE('',*,*,#2531,.T.);
#3327=ORIENTED_EDGE('',*,*,#2542,.F.);
#3328=ORIENTED_EDGE('',*,*,#2545,.F.);
#3329=ORIENTED_EDGE('',*,*,#2546,.T.);
#3330=ORIENTED_EDGE('',*,*,#2534,.T.);
#3331=ORIENTED_EDGE('',*,*,#2547,.F.);
#3332=ORIENTED_EDGE('',*,*,#2548,.F.);
#3333=ORIENTED_EDGE('',*,*,#2475,.T.);
#3334=ORIENTED_EDGE('',*,*,#2537,.T.);
#3335=ORIENTED_EDGE('',*,*,#2546,.F.);
#3336=ORIENTED_EDGE('',*,*,#2497,.T.);
#3337=ORIENTED_EDGE('',*,*,#2549,.F.);
#3338=ORIENTED_EDGE('',*,*,#2505,.T.);
#3339=ORIENTED_EDGE('',*,*,#2538,.T.);
#3340=ORIENTED_EDGE('',*,*,#2480,.T.);
#3341=ORIENTED_EDGE('',*,*,#2550,.F.);
#3342=ORIENTED_EDGE('',*,*,#2551,.T.);
#3343=ORIENTED_EDGE('',*,*,#2539,.T.);
#3344=ORIENTED_EDGE('',*,*,#2552,.F.);
#3345=ORIENTED_EDGE('',*,*,#2553,.T.);
#3346=ORIENTED_EDGE('',*,*,#2541,.T.);
#3347=ORIENTED_EDGE('',*,*,#2551,.F.);
#3348=ORIENTED_EDGE('',*,*,#2554,.F.);
#3349=ORIENTED_EDGE('',*,*,#2555,.T.);
#3350=ORIENTED_EDGE('',*,*,#2543,.T.);
#3351=ORIENTED_EDGE('',*,*,#2553,.F.);
#3352=ORIENTED_EDGE('',*,*,#2556,.T.);
#3353=ORIENTED_EDGE('',*,*,#2557,.T.);
#3354=ORIENTED_EDGE('',*,*,#2558,.F.);
#3355=ORIENTED_EDGE('',*,*,#2557,.F.);
#3356=ORIENTED_EDGE('',*,*,#2559,.F.);
#3357=ORIENTED_EDGE('',*,*,#2560,.T.);
#3358=ORIENTED_EDGE('',*,*,#2556,.F.);
#3359=ORIENTED_EDGE('',*,*,#2560,.F.);
#3360=ORIENTED_EDGE('',*,*,#2559,.T.);
#3361=ORIENTED_EDGE('',*,*,#2561,.T.);
#3362=ORIENTED_EDGE('',*,*,#2562,.T.);
#3363=ORIENTED_EDGE('',*,*,#2561,.F.);
#3364=ORIENTED_EDGE('',*,*,#2562,.F.);
#3365=ORIENTED_EDGE('',*,*,#2563,.T.);
#3366=ORIENTED_EDGE('',*,*,#2564,.T.);
#3367=ORIENTED_EDGE('',*,*,#2565,.T.);
#3368=ORIENTED_EDGE('',*,*,#2564,.F.);
#3369=ORIENTED_EDGE('',*,*,#2565,.F.);
#3370=ORIENTED_EDGE('',*,*,#2566,.T.);
#3371=ORIENTED_EDGE('',*,*,#2558,.T.);
#3372=ORIENTED_EDGE('',*,*,#2566,.F.);
#3373=ORIENTED_EDGE('',*,*,#2567,.F.);
#3374=ORIENTED_EDGE('',*,*,#2568,.T.);
#3375=ORIENTED_EDGE('',*,*,#2569,.T.);
#3376=ORIENTED_EDGE('',*,*,#2570,.F.);
#3377=ORIENTED_EDGE('',*,*,#2563,.F.);
#3378=ORIENTED_EDGE('',*,*,#2571,.T.);
#3379=ORIENTED_EDGE('',*,*,#2572,.T.);
#3380=ORIENTED_EDGE('',*,*,#2573,.T.);
#3381=ORIENTED_EDGE('',*,*,#2457,.F.);
#3382=ORIENTED_EDGE('',*,*,#2574,.T.);
#3383=ORIENTED_EDGE('',*,*,#2575,.T.);
#3384=ORIENTED_EDGE('',*,*,#2572,.F.);
#3385=ORIENTED_EDGE('',*,*,#2576,.T.);
#3386=ORIENTED_EDGE('',*,*,#2577,.T.);
#3387=ORIENTED_EDGE('',*,*,#2574,.F.);
#3388=ORIENTED_EDGE('',*,*,#2578,.T.);
#3389=ORIENTED_EDGE('',*,*,#2579,.T.);
#3390=ORIENTED_EDGE('',*,*,#2580,.F.);
#3391=ORIENTED_EDGE('',*,*,#2581,.T.);
#3392=ORIENTED_EDGE('',*,*,#2582,.F.);
#3393=ORIENTED_EDGE('',*,*,#2464,.F.);
#3394=ORIENTED_EDGE('',*,*,#2583,.T.);
#3395=ORIENTED_EDGE('',*,*,#2584,.T.);
#3396=ORIENTED_EDGE('',*,*,#2581,.F.);
#3397=ORIENTED_EDGE('',*,*,#2585,.T.);
#3398=ORIENTED_EDGE('',*,*,#2586,.T.);
#3399=ORIENTED_EDGE('',*,*,#2587,.T.);
#3400=ORIENTED_EDGE('',*,*,#2583,.F.);
#3401=ORIENTED_EDGE('',*,*,#2567,.T.);
#3402=ORIENTED_EDGE('',*,*,#2588,.T.);
#3403=ORIENTED_EDGE('',*,*,#2589,.T.);
#3404=ORIENTED_EDGE('',*,*,#2586,.F.);
#3405=ORIENTED_EDGE('',*,*,#2590,.T.);
#3406=ORIENTED_EDGE('',*,*,#2591,.T.);
#3407=ORIENTED_EDGE('',*,*,#2588,.F.);
#3408=ORIENTED_EDGE('',*,*,#2592,.T.);
#3409=ORIENTED_EDGE('',*,*,#2579,.F.);
#3410=ORIENTED_EDGE('',*,*,#2573,.F.);
#3411=ORIENTED_EDGE('',*,*,#2575,.F.);
#3412=ORIENTED_EDGE('',*,*,#2577,.F.);
#3413=ORIENTED_EDGE('',*,*,#2592,.F.);
#3414=ORIENTED_EDGE('',*,*,#2593,.T.);
#3415=ORIENTED_EDGE('',*,*,#2594,.T.);
#3416=ORIENTED_EDGE('',*,*,#2473,.F.);
#3417=ORIENTED_EDGE('',*,*,#2472,.T.);
#3418=ORIENTED_EDGE('',*,*,#2459,.T.);
#3419=ORIENTED_EDGE('',*,*,#2458,.T.);
#3420=ORIENTED_EDGE('',*,*,#2590,.F.);
#3421=ORIENTED_EDGE('',*,*,#2570,.T.);
#3422=ORIENTED_EDGE('',*,*,#2595,.T.);
#3423=ORIENTED_EDGE('',*,*,#2593,.F.);
#3424=ORIENTED_EDGE('',*,*,#2585,.F.);
#3425=ORIENTED_EDGE('',*,*,#2596,.T.);
#3426=ORIENTED_EDGE('',*,*,#2597,.T.);
#3427=ORIENTED_EDGE('',*,*,#2568,.F.);
#3428=ORIENTED_EDGE('',*,*,#2580,.T.);
#3429=ORIENTED_EDGE('',*,*,#2476,.T.);
#3430=ORIENTED_EDGE('',*,*,#2598,.T.);
#3431=ORIENTED_EDGE('',*,*,#2596,.F.);
#3432=ORIENTED_EDGE('',*,*,#2599,.F.);
#3433=ORIENTED_EDGE('',*,*,#2600,.T.);
#3434=ORIENTED_EDGE('',*,*,#2601,.F.);
#3435=ORIENTED_EDGE('',*,*,#2479,.F.);
#3436=ORIENTED_EDGE('',*,*,#2602,.T.);
#3437=ORIENTED_EDGE('',*,*,#2603,.T.);
#3438=ORIENTED_EDGE('',*,*,#2600,.F.);
#3439=ORIENTED_EDGE('',*,*,#2604,.T.);
#3440=ORIENTED_EDGE('',*,*,#2605,.T.);
#3441=ORIENTED_EDGE('',*,*,#2606,.T.);
#3442=ORIENTED_EDGE('',*,*,#2602,.F.);
#3443=ORIENTED_EDGE('',*,*,#2607,.T.);
#3444=ORIENTED_EDGE('',*,*,#2608,.T.);
#3445=ORIENTED_EDGE('',*,*,#2609,.T.);
#3446=ORIENTED_EDGE('',*,*,#2605,.F.);
#3447=ORIENTED_EDGE('',*,*,#2610,.T.);
#3448=ORIENTED_EDGE('',*,*,#2611,.T.);
#3449=ORIENTED_EDGE('',*,*,#2608,.F.);
#3450=ORIENTED_EDGE('',*,*,#2612,.T.);
#3451=ORIENTED_EDGE('',*,*,#2484,.T.);
#3452=ORIENTED_EDGE('',*,*,#2613,.F.);
#3453=ORIENTED_EDGE('',*,*,#2513,.T.);
#3454=ORIENTED_EDGE('',*,*,#2510,.T.);
#3455=ORIENTED_EDGE('',*,*,#2507,.T.);
#3456=ORIENTED_EDGE('',*,*,#2614,.F.);
#3457=ORIENTED_EDGE('',*,*,#2615,.F.);
#3458=ORIENTED_EDGE('',*,*,#2616,.F.);
#3459=ORIENTED_EDGE('',*,*,#2617,.F.);
#3460=ORIENTED_EDGE('',*,*,#2612,.F.);
#3461=ORIENTED_EDGE('',*,*,#2610,.F.);
#3462=ORIENTED_EDGE('',*,*,#2607,.F.);
#3463=ORIENTED_EDGE('',*,*,#2604,.F.);
#3464=ORIENTED_EDGE('',*,*,#2599,.T.);
#3465=ORIENTED_EDGE('',*,*,#2478,.T.);
#3466=ORIENTED_EDGE('',*,*,#2482,.T.);
#3467=ORIENTED_EDGE('',*,*,#2485,.T.);
#3468=ORIENTED_EDGE('',*,*,#2618,.T.);
#3469=ORIENTED_EDGE('',*,*,#2619,.T.);
#3470=ORIENTED_EDGE('',*,*,#2489,.F.);
#3471=ORIENTED_EDGE('',*,*,#2620,.T.);
#3472=ORIENTED_EDGE('',*,*,#2621,.T.);
#3473=ORIENTED_EDGE('',*,*,#2622,.T.);
#3474=ORIENTED_EDGE('',*,*,#2618,.F.);
#3475=ORIENTED_EDGE('',*,*,#2623,.T.);
#3476=ORIENTED_EDGE('',*,*,#2624,.T.);
#3477=ORIENTED_EDGE('',*,*,#2625,.T.);
#3478=ORIENTED_EDGE('',*,*,#2621,.F.);
#3479=ORIENTED_EDGE('',*,*,#2626,.T.);
#3480=ORIENTED_EDGE('',*,*,#2626,.F.);
#3481=ORIENTED_EDGE('',*,*,#2623,.F.);
#3482=ORIENTED_EDGE('',*,*,#2620,.F.);
#3483=ORIENTED_EDGE('',*,*,#2488,.T.);
#3484=ORIENTED_EDGE('',*,*,#2492,.T.);
#3485=ORIENTED_EDGE('',*,*,#2627,.F.);
#3486=ORIENTED_EDGE('',*,*,#2628,.T.);
#3487=ORIENTED_EDGE('',*,*,#2629,.T.);
#3488=ORIENTED_EDGE('',*,*,#2496,.F.);
#3489=ORIENTED_EDGE('',*,*,#2630,.F.);
#3490=ORIENTED_EDGE('',*,*,#2631,.T.);
#3491=ORIENTED_EDGE('',*,*,#2632,.T.);
#3492=ORIENTED_EDGE('',*,*,#2628,.F.);
#3493=ORIENTED_EDGE('',*,*,#2633,.T.);
#3494=ORIENTED_EDGE('',*,*,#2634,.T.);
#3495=ORIENTED_EDGE('',*,*,#2635,.T.);
#3496=ORIENTED_EDGE('',*,*,#2631,.F.);
#3497=ORIENTED_EDGE('',*,*,#2636,.T.);
#3498=ORIENTED_EDGE('',*,*,#2637,.T.);
#3499=ORIENTED_EDGE('',*,*,#2638,.T.);
#3500=ORIENTED_EDGE('',*,*,#2634,.F.);
#3501=ORIENTED_EDGE('',*,*,#2639,.T.);
#3502=ORIENTED_EDGE('',*,*,#2640,.T.);
#3503=ORIENTED_EDGE('',*,*,#2637,.F.);
#3504=ORIENTED_EDGE('',*,*,#2641,.T.);
#3505=ORIENTED_EDGE('',*,*,#2501,.T.);
#3506=ORIENTED_EDGE('',*,*,#2627,.T.);
#3507=ORIENTED_EDGE('',*,*,#2491,.T.);
#3508=ORIENTED_EDGE('',*,*,#2516,.F.);
#3509=ORIENTED_EDGE('',*,*,#2471,.T.);
#3510=ORIENTED_EDGE('',*,*,#2470,.T.);
#3511=ORIENTED_EDGE('',*,*,#2467,.T.);
#3512=ORIENTED_EDGE('',*,*,#2465,.T.);
#3513=ORIENTED_EDGE('',*,*,#2582,.T.);
#3514=ORIENTED_EDGE('',*,*,#2584,.F.);
#3515=ORIENTED_EDGE('',*,*,#2587,.F.);
#3516=ORIENTED_EDGE('',*,*,#2589,.F.);
#3517=ORIENTED_EDGE('',*,*,#2591,.F.);
#3518=ORIENTED_EDGE('',*,*,#2642,.T.);
#3519=ORIENTED_EDGE('',*,*,#2624,.F.);
#3520=ORIENTED_EDGE('',*,*,#2641,.F.);
#3521=ORIENTED_EDGE('',*,*,#2639,.F.);
#3522=ORIENTED_EDGE('',*,*,#2636,.F.);
#3523=ORIENTED_EDGE('',*,*,#2633,.F.);
#3524=ORIENTED_EDGE('',*,*,#2630,.T.);
#3525=ORIENTED_EDGE('',*,*,#2495,.T.);
#3526=ORIENTED_EDGE('',*,*,#2499,.T.);
#3527=ORIENTED_EDGE('',*,*,#2502,.T.);
#3528=ORIENTED_EDGE('',*,*,#2643,.F.);
#3529=ORIENTED_EDGE('',*,*,#2644,.T.);
#3530=ORIENTED_EDGE('',*,*,#2614,.T.);
#3531=ORIENTED_EDGE('',*,*,#2506,.F.);
#3532=ORIENTED_EDGE('',*,*,#2645,.T.);
#3533=ORIENTED_EDGE('',*,*,#2615,.T.);
#3534=ORIENTED_EDGE('',*,*,#2644,.F.);
#3535=ORIENTED_EDGE('',*,*,#2646,.T.);
#3536=ORIENTED_EDGE('',*,*,#2647,.T.);
#3537=ORIENTED_EDGE('',*,*,#2616,.T.);
#3538=ORIENTED_EDGE('',*,*,#2645,.F.);
#3539=ORIENTED_EDGE('',*,*,#2648,.T.);
#3540=ORIENTED_EDGE('',*,*,#2649,.T.);
#3541=ORIENTED_EDGE('',*,*,#2617,.T.);
#3542=ORIENTED_EDGE('',*,*,#2647,.F.);
#3543=ORIENTED_EDGE('',*,*,#2650,.T.);
#3544=ORIENTED_EDGE('',*,*,#2613,.T.);
#3545=ORIENTED_EDGE('',*,*,#2649,.F.);
#3546=ORIENTED_EDGE('',*,*,#2651,.T.);
#3547=ORIENTED_EDGE('',*,*,#2511,.T.);
#3548=ORIENTED_EDGE('',*,*,#2576,.F.);
#3549=ORIENTED_EDGE('',*,*,#2652,.T.);
#3550=ORIENTED_EDGE('',*,*,#2622,.F.);
#3551=ORIENTED_EDGE('',*,*,#2653,.T.);
#3552=ORIENTED_EDGE('',*,*,#2571,.F.);
#3553=ORIENTED_EDGE('',*,*,#2515,.T.);
#3554=ORIENTED_EDGE('',*,*,#2619,.F.);
#3555=ORIENTED_EDGE('',*,*,#2652,.F.);
#3556=ORIENTED_EDGE('',*,*,#2578,.F.);
#3557=ORIENTED_EDGE('',*,*,#2653,.F.);
#3558=ORIENTED_EDGE('',*,*,#2625,.F.);
#3559=ORIENTED_EDGE('',*,*,#2642,.F.);
#3560=ORIENTED_EDGE('',*,*,#2654,.T.);
#3561=ORIENTED_EDGE('',*,*,#2655,.T.);
#3562=ORIENTED_EDGE('',*,*,#2519,.F.);
#3563=ORIENTED_EDGE('',*,*,#2656,.F.);
#3564=ORIENTED_EDGE('',*,*,#2657,.T.);
#3565=ORIENTED_EDGE('',*,*,#2656,.T.);
#3566=ORIENTED_EDGE('',*,*,#2522,.F.);
#3567=ORIENTED_EDGE('',*,*,#2594,.F.);
#3568=ORIENTED_EDGE('',*,*,#2640,.F.);
#3569=ORIENTED_EDGE('',*,*,#2524,.F.);
#3570=ORIENTED_EDGE('',*,*,#2651,.F.);
#3571=ORIENTED_EDGE('',*,*,#2658,.T.);
#3572=ORIENTED_EDGE('',*,*,#2611,.F.);
#3573=ORIENTED_EDGE('',*,*,#2527,.F.);
#3574=ORIENTED_EDGE('',*,*,#2659,.F.);
#3575=ORIENTED_EDGE('',*,*,#2660,.T.);
#3576=ORIENTED_EDGE('',*,*,#2661,.T.);
#3577=ORIENTED_EDGE('',*,*,#2659,.T.);
#3578=ORIENTED_EDGE('',*,*,#2530,.F.);
#3579=ORIENTED_EDGE('',*,*,#2662,.F.);
#3580=ORIENTED_EDGE('',*,*,#2663,.T.);
#3581=ORIENTED_EDGE('',*,*,#2662,.T.);
#3582=ORIENTED_EDGE('',*,*,#2533,.F.);
#3583=ORIENTED_EDGE('',*,*,#2664,.F.);
#3584=ORIENTED_EDGE('',*,*,#2665,.T.);
#3585=ORIENTED_EDGE('',*,*,#2666,.T.);
#3586=ORIENTED_EDGE('',*,*,#2654,.F.);
#3587=ORIENTED_EDGE('',*,*,#2667,.F.);
#3588=ORIENTED_EDGE('',*,*,#2668,.T.);
#3589=ORIENTED_EDGE('',*,*,#2667,.T.);
#3590=ORIENTED_EDGE('',*,*,#2657,.F.);
#3591=ORIENTED_EDGE('',*,*,#2595,.F.);
#3592=ORIENTED_EDGE('',*,*,#2638,.F.);
#3593=ORIENTED_EDGE('',*,*,#2658,.F.);
#3594=ORIENTED_EDGE('',*,*,#2650,.F.);
#3595=ORIENTED_EDGE('',*,*,#2669,.T.);
#3596=ORIENTED_EDGE('',*,*,#2609,.F.);
#3597=ORIENTED_EDGE('',*,*,#2660,.F.);
#3598=ORIENTED_EDGE('',*,*,#2670,.F.);
#3599=ORIENTED_EDGE('',*,*,#2671,.T.);
#3600=ORIENTED_EDGE('',*,*,#2672,.T.);
#3601=ORIENTED_EDGE('',*,*,#2670,.T.);
#3602=ORIENTED_EDGE('',*,*,#2661,.F.);
#3603=ORIENTED_EDGE('',*,*,#2673,.F.);
#3604=ORIENTED_EDGE('',*,*,#2674,.T.);
#3605=ORIENTED_EDGE('',*,*,#2673,.T.);
#3606=ORIENTED_EDGE('',*,*,#2663,.F.);
#3607=ORIENTED_EDGE('',*,*,#2675,.F.);
#3608=ORIENTED_EDGE('',*,*,#2676,.T.);
#3609=ORIENTED_EDGE('',*,*,#2677,.T.);
#3610=ORIENTED_EDGE('',*,*,#2665,.F.);
#3611=ORIENTED_EDGE('',*,*,#2678,.F.);
#3612=ORIENTED_EDGE('',*,*,#2679,.T.);
#3613=ORIENTED_EDGE('',*,*,#2678,.T.);
#3614=ORIENTED_EDGE('',*,*,#2668,.F.);
#3615=ORIENTED_EDGE('',*,*,#2569,.F.);
#3616=ORIENTED_EDGE('',*,*,#2635,.F.);
#3617=ORIENTED_EDGE('',*,*,#2669,.F.);
#3618=ORIENTED_EDGE('',*,*,#2648,.F.);
#3619=ORIENTED_EDGE('',*,*,#2680,.T.);
#3620=ORIENTED_EDGE('',*,*,#2606,.F.);
#3621=ORIENTED_EDGE('',*,*,#2671,.F.);
#3622=ORIENTED_EDGE('',*,*,#2681,.F.);
#3623=ORIENTED_EDGE('',*,*,#2682,.T.);
#3624=ORIENTED_EDGE('',*,*,#2683,.T.);
#3625=ORIENTED_EDGE('',*,*,#2681,.T.);
#3626=ORIENTED_EDGE('',*,*,#2672,.F.);
#3627=ORIENTED_EDGE('',*,*,#2684,.F.);
#3628=ORIENTED_EDGE('',*,*,#2685,.T.);
#3629=ORIENTED_EDGE('',*,*,#2684,.T.);
#3630=ORIENTED_EDGE('',*,*,#2674,.F.);
#3631=ORIENTED_EDGE('',*,*,#2686,.F.);
#3632=ORIENTED_EDGE('',*,*,#2687,.T.);
#3633=ORIENTED_EDGE('',*,*,#2688,.T.);
#3634=ORIENTED_EDGE('',*,*,#2676,.F.);
#3635=ORIENTED_EDGE('',*,*,#2689,.F.);
#3636=ORIENTED_EDGE('',*,*,#2690,.T.);
#3637=ORIENTED_EDGE('',*,*,#2689,.T.);
#3638=ORIENTED_EDGE('',*,*,#2679,.F.);
#3639=ORIENTED_EDGE('',*,*,#2597,.F.);
#3640=ORIENTED_EDGE('',*,*,#2632,.F.);
#3641=ORIENTED_EDGE('',*,*,#2680,.F.);
#3642=ORIENTED_EDGE('',*,*,#2646,.F.);
#3643=ORIENTED_EDGE('',*,*,#2691,.T.);
#3644=ORIENTED_EDGE('',*,*,#2603,.F.);
#3645=ORIENTED_EDGE('',*,*,#2682,.F.);
#3646=ORIENTED_EDGE('',*,*,#2692,.F.);
#3647=ORIENTED_EDGE('',*,*,#2693,.T.);
#3648=ORIENTED_EDGE('',*,*,#2694,.T.);
#3649=ORIENTED_EDGE('',*,*,#2692,.T.);
#3650=ORIENTED_EDGE('',*,*,#2683,.F.);
#3651=ORIENTED_EDGE('',*,*,#2695,.F.);
#3652=ORIENTED_EDGE('',*,*,#2696,.T.);
#3653=ORIENTED_EDGE('',*,*,#2695,.T.);
#3654=ORIENTED_EDGE('',*,*,#2685,.F.);
#3655=ORIENTED_EDGE('',*,*,#2697,.F.);
#3656=ORIENTED_EDGE('',*,*,#2697,.T.);
#3657=ORIENTED_EDGE('',*,*,#2686,.T.);
#3658=ORIENTED_EDGE('',*,*,#2675,.T.);
#3659=ORIENTED_EDGE('',*,*,#2664,.T.);
#3660=ORIENTED_EDGE('',*,*,#2532,.F.);
#3661=ORIENTED_EDGE('',*,*,#2544,.F.);
#3662=ORIENTED_EDGE('',*,*,#2555,.F.);
#3663=ORIENTED_EDGE('',*,*,#2698,.T.);
#3664=ORIENTED_EDGE('',*,*,#2699,.T.);
#3665=ORIENTED_EDGE('',*,*,#2687,.F.);
#3666=ORIENTED_EDGE('',*,*,#2700,.F.);
#3667=ORIENTED_EDGE('',*,*,#2545,.T.);
#3668=ORIENTED_EDGE('',*,*,#2700,.T.);
#3669=ORIENTED_EDGE('',*,*,#2690,.F.);
#3670=ORIENTED_EDGE('',*,*,#2598,.F.);
#3671=ORIENTED_EDGE('',*,*,#2548,.T.);
#3672=ORIENTED_EDGE('',*,*,#2629,.F.);
#3673=ORIENTED_EDGE('',*,*,#2691,.F.);
#3674=ORIENTED_EDGE('',*,*,#2643,.T.);
#3675=ORIENTED_EDGE('',*,*,#2549,.T.);
#3676=ORIENTED_EDGE('',*,*,#2601,.T.);
#3677=ORIENTED_EDGE('',*,*,#2693,.F.);
#3678=ORIENTED_EDGE('',*,*,#2701,.F.);
#3679=ORIENTED_EDGE('',*,*,#2550,.T.);
#3680=ORIENTED_EDGE('',*,*,#2701,.T.);
#3681=ORIENTED_EDGE('',*,*,#2694,.F.);
#3682=ORIENTED_EDGE('',*,*,#2702,.F.);
#3683=ORIENTED_EDGE('',*,*,#2552,.T.);
#3684=ORIENTED_EDGE('',*,*,#2702,.T.);
#3685=ORIENTED_EDGE('',*,*,#2696,.F.);
#3686=ORIENTED_EDGE('',*,*,#2698,.F.);
#3687=ORIENTED_EDGE('',*,*,#2554,.T.);
#3688=ORIENTED_EDGE('',*,*,#2699,.F.);
#3689=ORIENTED_EDGE('',*,*,#2547,.T.);
#3690=ORIENTED_EDGE('',*,*,#2536,.T.);
#3691=ORIENTED_EDGE('',*,*,#2520,.T.);
#3692=ORIENTED_EDGE('',*,*,#2655,.F.);
#3693=ORIENTED_EDGE('',*,*,#2666,.F.);
#3694=ORIENTED_EDGE('',*,*,#2677,.F.);
#3695=ORIENTED_EDGE('',*,*,#2688,.F.);
#3696=ORIENTED_EDGE('',*,*,#2703,.T.);
#3697=ORIENTED_EDGE('',*,*,#2704,.F.);
#3698=ORIENTED_EDGE('',*,*,#2705,.F.);
#3699=ORIENTED_EDGE('',*,*,#2706,.F.);
#3700=ORIENTED_EDGE('',*,*,#2707,.F.);
#3701=ORIENTED_EDGE('',*,*,#2703,.F.);
#3702=ORIENTED_EDGE('',*,*,#2708,.F.);
#3703=ORIENTED_EDGE('',*,*,#2709,.F.);
#3704=ORIENTED_EDGE('',*,*,#2710,.F.);
#3705=ORIENTED_EDGE('',*,*,#2704,.T.);
#3706=ORIENTED_EDGE('',*,*,#2710,.T.);
#3707=ORIENTED_EDGE('',*,*,#2711,.F.);
#3708=ORIENTED_EDGE('',*,*,#2712,.T.);
#3709=ORIENTED_EDGE('',*,*,#2705,.T.);
#3710=ORIENTED_EDGE('',*,*,#2712,.F.);
#3711=ORIENTED_EDGE('',*,*,#2713,.F.);
#3712=ORIENTED_EDGE('',*,*,#2714,.F.);
#3713=ORIENTED_EDGE('',*,*,#2715,.F.);
#3714=ORIENTED_EDGE('',*,*,#2706,.T.);
#3715=ORIENTED_EDGE('',*,*,#2715,.T.);
#3716=ORIENTED_EDGE('',*,*,#2716,.T.);
#3717=ORIENTED_EDGE('',*,*,#2717,.T.);
#3718=ORIENTED_EDGE('',*,*,#2718,.T.);
#3719=ORIENTED_EDGE('',*,*,#2719,.F.);
#3720=ORIENTED_EDGE('',*,*,#2717,.F.);
#3721=ORIENTED_EDGE('',*,*,#2720,.F.);
#3722=ORIENTED_EDGE('',*,*,#2721,.T.);
#3723=ORIENTED_EDGE('',*,*,#2708,.T.);
#3724=ORIENTED_EDGE('',*,*,#2707,.T.);
#3725=ORIENTED_EDGE('',*,*,#2718,.F.);
#3726=ORIENTED_EDGE('',*,*,#2719,.T.);
#3727=ORIENTED_EDGE('',*,*,#2722,.T.);
#3728=ORIENTED_EDGE('',*,*,#2714,.T.);
#3729=ORIENTED_EDGE('',*,*,#2723,.T.);
#3730=ORIENTED_EDGE('',*,*,#2720,.T.);
#3731=ORIENTED_EDGE('',*,*,#2716,.F.);
#3732=ORIENTED_EDGE('',*,*,#2724,.F.);
#3733=ORIENTED_EDGE('',*,*,#2725,.F.);
#3734=ORIENTED_EDGE('',*,*,#2726,.F.);
#3735=ORIENTED_EDGE('',*,*,#2727,.F.);
#3736=ORIENTED_EDGE('',*,*,#2728,.F.);
#3737=ORIENTED_EDGE('',*,*,#2729,.F.);
#3738=ORIENTED_EDGE('',*,*,#2730,.T.);
#3739=ORIENTED_EDGE('',*,*,#2731,.F.);
#3740=ORIENTED_EDGE('',*,*,#2732,.F.);
#3741=ORIENTED_EDGE('',*,*,#2733,.F.);
#3742=ORIENTED_EDGE('',*,*,#2728,.T.);
#3743=ORIENTED_EDGE('',*,*,#2734,.F.);
#3744=ORIENTED_EDGE('',*,*,#2735,.F.);
#3745=ORIENTED_EDGE('',*,*,#2736,.F.);
#3746=ORIENTED_EDGE('',*,*,#2732,.T.);
#3747=ORIENTED_EDGE('',*,*,#2737,.F.);
#3748=ORIENTED_EDGE('',*,*,#2738,.F.);
#3749=ORIENTED_EDGE('',*,*,#2725,.T.);
#3750=ORIENTED_EDGE('',*,*,#2739,.F.);
#3751=ORIENTED_EDGE('',*,*,#2735,.T.);
#3752=ORIENTED_EDGE('',*,*,#2740,.F.);
#3753=ORIENTED_EDGE('',*,*,#2741,.F.);
#3754=ORIENTED_EDGE('',*,*,#2727,.T.);
#3755=ORIENTED_EDGE('',*,*,#2742,.F.);
#3756=ORIENTED_EDGE('',*,*,#2741,.T.);
#3757=ORIENTED_EDGE('',*,*,#2743,.F.);
#3758=ORIENTED_EDGE('',*,*,#2744,.T.);
#3759=ORIENTED_EDGE('',*,*,#2745,.F.);
#3760=ORIENTED_EDGE('',*,*,#2724,.T.);
#3761=ORIENTED_EDGE('',*,*,#2745,.T.);
#3762=ORIENTED_EDGE('',*,*,#2746,.T.);
#3763=ORIENTED_EDGE('',*,*,#2747,.T.);
#3764=ORIENTED_EDGE('',*,*,#2748,.F.);
#3765=ORIENTED_EDGE('',*,*,#2749,.F.);
#3766=ORIENTED_EDGE('',*,*,#2750,.F.);
#3767=ORIENTED_EDGE('',*,*,#2746,.F.);
#3768=ORIENTED_EDGE('',*,*,#2751,.F.);
#3769=ORIENTED_EDGE('',*,*,#2752,.F.);
#3770=ORIENTED_EDGE('',*,*,#2748,.T.);
#3771=ORIENTED_EDGE('',*,*,#2744,.F.);
#3772=ORIENTED_EDGE('',*,*,#2753,.F.);
#3773=ORIENTED_EDGE('',*,*,#2754,.F.);
#3774=ORIENTED_EDGE('',*,*,#2755,.T.);
#3775=ORIENTED_EDGE('',*,*,#2756,.F.);
#3776=ORIENTED_EDGE('',*,*,#2757,.F.);
#3777=ORIENTED_EDGE('',*,*,#2758,.F.);
#3778=ORIENTED_EDGE('',*,*,#2753,.T.);
#3779=ORIENTED_EDGE('',*,*,#2759,.F.);
#3780=ORIENTED_EDGE('',*,*,#2760,.F.);
#3781=ORIENTED_EDGE('',*,*,#2761,.F.);
#3782=ORIENTED_EDGE('',*,*,#2757,.T.);
#3783=ORIENTED_EDGE('',*,*,#2762,.F.);
#3784=ORIENTED_EDGE('',*,*,#2761,.T.);
#3785=ORIENTED_EDGE('',*,*,#2763,.T.);
#3786=ORIENTED_EDGE('',*,*,#2764,.T.);
#3787=ORIENTED_EDGE('',*,*,#2765,.F.);
#3788=ORIENTED_EDGE('',*,*,#2758,.T.);
#3789=ORIENTED_EDGE('',*,*,#2765,.T.);
#3790=ORIENTED_EDGE('',*,*,#2766,.T.);
#3791=ORIENTED_EDGE('',*,*,#2767,.F.);
#3792=ORIENTED_EDGE('',*,*,#2754,.T.);
#3793=ORIENTED_EDGE('',*,*,#2767,.T.);
#3794=ORIENTED_EDGE('',*,*,#2768,.T.);
#3795=ORIENTED_EDGE('',*,*,#2769,.F.);
#3796=ORIENTED_EDGE('',*,*,#2770,.F.);
#3797=ORIENTED_EDGE('',*,*,#2771,.F.);
#3798=ORIENTED_EDGE('',*,*,#2772,.T.);
#3799=ORIENTED_EDGE('',*,*,#2768,.F.);
#3800=ORIENTED_EDGE('',*,*,#2773,.F.);
#3801=ORIENTED_EDGE('',*,*,#2774,.F.);
#3802=ORIENTED_EDGE('',*,*,#2770,.T.);
#3803=ORIENTED_EDGE('',*,*,#2766,.F.);
#3804=ORIENTED_EDGE('',*,*,#2775,.F.);
#3805=ORIENTED_EDGE('',*,*,#2776,.F.);
#3806=ORIENTED_EDGE('',*,*,#2773,.T.);
#3807=ORIENTED_EDGE('',*,*,#2764,.F.);
#3808=ORIENTED_EDGE('',*,*,#2737,.T.);
#3809=ORIENTED_EDGE('',*,*,#2777,.F.);
#3810=ORIENTED_EDGE('',*,*,#2778,.T.);
#3811=ORIENTED_EDGE('',*,*,#2779,.T.);
#3812=ORIENTED_EDGE('',*,*,#2780,.F.);
#3813=ORIENTED_EDGE('',*,*,#2781,.T.);
#3814=ORIENTED_EDGE('',*,*,#2782,.T.);
#3815=ORIENTED_EDGE('',*,*,#2778,.F.);
#3816=ORIENTED_EDGE('',*,*,#2783,.F.);
#3817=ORIENTED_EDGE('',*,*,#2784,.T.);
#3818=ORIENTED_EDGE('',*,*,#2785,.T.);
#3819=ORIENTED_EDGE('',*,*,#2781,.F.);
#3820=ORIENTED_EDGE('',*,*,#2734,.T.);
#3821=ORIENTED_EDGE('',*,*,#2786,.F.);
#3822=ORIENTED_EDGE('',*,*,#2787,.T.);
#3823=ORIENTED_EDGE('',*,*,#2777,.T.);
#3824=ORIENTED_EDGE('',*,*,#2723,.F.);
#3825=ORIENTED_EDGE('',*,*,#2713,.T.);
#3826=ORIENTED_EDGE('',*,*,#2711,.T.);
#3827=ORIENTED_EDGE('',*,*,#2709,.T.);
#3828=ORIENTED_EDGE('',*,*,#2722,.F.);
#3829=ORIENTED_EDGE('',*,*,#2721,.F.);
#3830=ORIENTED_EDGE('',*,*,#2788,.F.);
#3831=ORIENTED_EDGE('',*,*,#2789,.T.);
#3832=ORIENTED_EDGE('',*,*,#2780,.T.);
#3833=ORIENTED_EDGE('',*,*,#2787,.F.);
#3834=ORIENTED_EDGE('',*,*,#2790,.F.);
#3835=ORIENTED_EDGE('',*,*,#2791,.T.);
#3836=ORIENTED_EDGE('',*,*,#2783,.T.);
#3837=ORIENTED_EDGE('',*,*,#2789,.F.);
#3838=ORIENTED_EDGE('',*,*,#2731,.T.);
#3839=ORIENTED_EDGE('',*,*,#2792,.F.);
#3840=ORIENTED_EDGE('',*,*,#2793,.T.);
#3841=ORIENTED_EDGE('',*,*,#2786,.T.);
#3842=ORIENTED_EDGE('',*,*,#2794,.F.);
#3843=ORIENTED_EDGE('',*,*,#2795,.T.);
#3844=ORIENTED_EDGE('',*,*,#2788,.T.);
#3845=ORIENTED_EDGE('',*,*,#2793,.F.);
#3846=ORIENTED_EDGE('',*,*,#2796,.F.);
#3847=ORIENTED_EDGE('',*,*,#2797,.T.);
#3848=ORIENTED_EDGE('',*,*,#2790,.T.);
#3849=ORIENTED_EDGE('',*,*,#2795,.F.);
#3850=ORIENTED_EDGE('',*,*,#2798,.F.);
#3851=ORIENTED_EDGE('',*,*,#2799,.T.);
#3852=ORIENTED_EDGE('',*,*,#2800,.T.);
#3853=ORIENTED_EDGE('',*,*,#2801,.T.);
#3854=ORIENTED_EDGE('',*,*,#2802,.T.);
#3855=ORIENTED_EDGE('',*,*,#2798,.T.);
#3856=ORIENTED_EDGE('',*,*,#2803,.T.);
#3857=ORIENTED_EDGE('',*,*,#2804,.T.);
#3858=ORIENTED_EDGE('',*,*,#2805,.T.);
#3859=ORIENTED_EDGE('',*,*,#2802,.F.);
#3860=ORIENTED_EDGE('',*,*,#2806,.F.);
#3861=ORIENTED_EDGE('',*,*,#2807,.T.);
#3862=ORIENTED_EDGE('',*,*,#2803,.F.);
#3863=ORIENTED_EDGE('',*,*,#2801,.F.);
#3864=ORIENTED_EDGE('',*,*,#2808,.T.);
#3865=ORIENTED_EDGE('',*,*,#2809,.T.);
#3866=ORIENTED_EDGE('',*,*,#2810,.T.);
#3867=ORIENTED_EDGE('',*,*,#2806,.T.);
#3868=ORIENTED_EDGE('',*,*,#2800,.F.);
#3869=ORIENTED_EDGE('',*,*,#2811,.F.);
#3870=ORIENTED_EDGE('',*,*,#2812,.F.);
#3871=ORIENTED_EDGE('',*,*,#2813,.F.);
#3872=ORIENTED_EDGE('',*,*,#2808,.F.);
#3873=ORIENTED_EDGE('',*,*,#2814,.T.);
#3874=ORIENTED_EDGE('',*,*,#2815,.F.);
#3875=ORIENTED_EDGE('',*,*,#2816,.T.);
#3876=ORIENTED_EDGE('',*,*,#2812,.T.);
#3877=ORIENTED_EDGE('',*,*,#2805,.F.);
#3878=ORIENTED_EDGE('',*,*,#2817,.F.);
#3879=ORIENTED_EDGE('',*,*,#2814,.F.);
#3880=ORIENTED_EDGE('',*,*,#2811,.T.);
#3881=ORIENTED_EDGE('',*,*,#2799,.F.);
#3882=ORIENTED_EDGE('',*,*,#2809,.F.);
#3883=ORIENTED_EDGE('',*,*,#2813,.T.);
#3884=ORIENTED_EDGE('',*,*,#2816,.F.);
#3885=ORIENTED_EDGE('',*,*,#2818,.F.);
#3886=ORIENTED_EDGE('',*,*,#2819,.T.);
#3887=ORIENTED_EDGE('',*,*,#2820,.T.);
#3888=ORIENTED_EDGE('',*,*,#2821,.T.);
#3889=ORIENTED_EDGE('',*,*,#2822,.T.);
#3890=ORIENTED_EDGE('',*,*,#2823,.T.);
#3891=ORIENTED_EDGE('',*,*,#2824,.T.);
#3892=ORIENTED_EDGE('',*,*,#2825,.T.);
#3893=ORIENTED_EDGE('',*,*,#2730,.F.);
#3894=ORIENTED_EDGE('',*,*,#2826,.T.);
#3895=ORIENTED_EDGE('',*,*,#2827,.T.);
#3896=ORIENTED_EDGE('',*,*,#2824,.F.);
#3897=ORIENTED_EDGE('',*,*,#2828,.T.);
#3898=ORIENTED_EDGE('',*,*,#2829,.T.);
#3899=ORIENTED_EDGE('',*,*,#2830,.T.);
#3900=ORIENTED_EDGE('',*,*,#2826,.F.);
#3901=ORIENTED_EDGE('',*,*,#2831,.T.);
#3902=ORIENTED_EDGE('',*,*,#2832,.T.);
#3903=ORIENTED_EDGE('',*,*,#2833,.T.);
#3904=ORIENTED_EDGE('',*,*,#2829,.F.);
#3905=ORIENTED_EDGE('',*,*,#2834,.T.);
#3906=ORIENTED_EDGE('',*,*,#2835,.T.);
#3907=ORIENTED_EDGE('',*,*,#2832,.F.);
#3908=ORIENTED_EDGE('',*,*,#2836,.T.);
#3909=ORIENTED_EDGE('',*,*,#2822,.F.);
#3910=ORIENTED_EDGE('',*,*,#2837,.T.);
#3911=ORIENTED_EDGE('',*,*,#2838,.T.);
#3912=ORIENTED_EDGE('',*,*,#2820,.F.);
#3913=ORIENTED_EDGE('',*,*,#2839,.T.);
#3914=ORIENTED_EDGE('',*,*,#2840,.T.);
#3915=ORIENTED_EDGE('',*,*,#2837,.F.);
#3916=ORIENTED_EDGE('',*,*,#2841,.T.);
#3917=ORIENTED_EDGE('',*,*,#2740,.T.);
#3918=ORIENTED_EDGE('',*,*,#2841,.F.);
#3919=ORIENTED_EDGE('',*,*,#2842,.F.);
#3920=ORIENTED_EDGE('',*,*,#2843,.F.);
#3921=ORIENTED_EDGE('',*,*,#2743,.T.);
#3922=ORIENTED_EDGE('',*,*,#2839,.F.);
#3923=ORIENTED_EDGE('',*,*,#2844,.T.);
#3924=ORIENTED_EDGE('',*,*,#2845,.F.);
#3925=ORIENTED_EDGE('',*,*,#2842,.T.);
#3926=ORIENTED_EDGE('',*,*,#2819,.F.);
#3927=ORIENTED_EDGE('',*,*,#2846,.F.);
#3928=ORIENTED_EDGE('',*,*,#2847,.F.);
#3929=ORIENTED_EDGE('',*,*,#2844,.F.);
#3930=ORIENTED_EDGE('',*,*,#2823,.F.);
#3931=ORIENTED_EDGE('',*,*,#2729,.T.);
#3932=ORIENTED_EDGE('',*,*,#2733,.T.);
#3933=ORIENTED_EDGE('',*,*,#2736,.T.);
#3934=ORIENTED_EDGE('',*,*,#2739,.T.);
#3935=ORIENTED_EDGE('',*,*,#2747,.F.);
#3936=ORIENTED_EDGE('',*,*,#2750,.T.);
#3937=ORIENTED_EDGE('',*,*,#2848,.T.);
#3938=ORIENTED_EDGE('',*,*,#2849,.F.);
#3939=ORIENTED_EDGE('',*,*,#2846,.T.);
#3940=ORIENTED_EDGE('',*,*,#2836,.F.);
#3941=ORIENTED_EDGE('',*,*,#2834,.F.);
#3942=ORIENTED_EDGE('',*,*,#2831,.F.);
#3943=ORIENTED_EDGE('',*,*,#2828,.F.);
#3944=ORIENTED_EDGE('',*,*,#2850,.F.);
#3945=ORIENTED_EDGE('',*,*,#2851,.F.);
#3946=ORIENTED_EDGE('',*,*,#2852,.F.);
#3947=ORIENTED_EDGE('',*,*,#2853,.F.);
#3948=ORIENTED_EDGE('',*,*,#2854,.F.);
#3949=ORIENTED_EDGE('',*,*,#2762,.T.);
#3950=ORIENTED_EDGE('',*,*,#2759,.T.);
#3951=ORIENTED_EDGE('',*,*,#2756,.T.);
#3952=ORIENTED_EDGE('',*,*,#2855,.T.);
#3953=ORIENTED_EDGE('',*,*,#2847,.T.);
#3954=ORIENTED_EDGE('',*,*,#2849,.T.);
#3955=ORIENTED_EDGE('',*,*,#2856,.T.);
#3956=ORIENTED_EDGE('',*,*,#2857,.T.);
#3957=ORIENTED_EDGE('',*,*,#2845,.T.);
#3958=ORIENTED_EDGE('',*,*,#2855,.F.);
#3959=ORIENTED_EDGE('',*,*,#2858,.T.);
#3960=ORIENTED_EDGE('',*,*,#2843,.T.);
#3961=ORIENTED_EDGE('',*,*,#2857,.F.);
#3962=ORIENTED_EDGE('',*,*,#2859,.T.);
#3963=ORIENTED_EDGE('',*,*,#2751,.T.);
#3964=ORIENTED_EDGE('',*,*,#2859,.F.);
#3965=ORIENTED_EDGE('',*,*,#2858,.F.);
#3966=ORIENTED_EDGE('',*,*,#2856,.F.);
#3967=ORIENTED_EDGE('',*,*,#2848,.F.);
#3968=ORIENTED_EDGE('',*,*,#2749,.T.);
#3969=ORIENTED_EDGE('',*,*,#2752,.T.);
#3970=ORIENTED_EDGE('',*,*,#2860,.T.);
#3971=ORIENTED_EDGE('',*,*,#2861,.T.);
#3972=ORIENTED_EDGE('',*,*,#2850,.T.);
#3973=ORIENTED_EDGE('',*,*,#2755,.F.);
#3974=ORIENTED_EDGE('',*,*,#2862,.T.);
#3975=ORIENTED_EDGE('',*,*,#2851,.T.);
#3976=ORIENTED_EDGE('',*,*,#2861,.F.);
#3977=ORIENTED_EDGE('',*,*,#2863,.T.);
#3978=ORIENTED_EDGE('',*,*,#2864,.T.);
#3979=ORIENTED_EDGE('',*,*,#2852,.T.);
#3980=ORIENTED_EDGE('',*,*,#2862,.F.);
#3981=ORIENTED_EDGE('',*,*,#2865,.T.);
#3982=ORIENTED_EDGE('',*,*,#2866,.T.);
#3983=ORIENTED_EDGE('',*,*,#2853,.T.);
#3984=ORIENTED_EDGE('',*,*,#2864,.F.);
#3985=ORIENTED_EDGE('',*,*,#2867,.T.);
#3986=ORIENTED_EDGE('',*,*,#2854,.T.);
#3987=ORIENTED_EDGE('',*,*,#2866,.F.);
#3988=ORIENTED_EDGE('',*,*,#2868,.T.);
#3989=ORIENTED_EDGE('',*,*,#2760,.T.);
#3990=ORIENTED_EDGE('',*,*,#2868,.F.);
#3991=ORIENTED_EDGE('',*,*,#2869,.T.);
#3992=ORIENTED_EDGE('',*,*,#2870,.F.);
#3993=ORIENTED_EDGE('',*,*,#2763,.F.);
#3994=ORIENTED_EDGE('',*,*,#2867,.F.);
#3995=ORIENTED_EDGE('',*,*,#2871,.T.);
#3996=ORIENTED_EDGE('',*,*,#2872,.F.);
#3997=ORIENTED_EDGE('',*,*,#2869,.F.);
#3998=ORIENTED_EDGE('',*,*,#2865,.F.);
#3999=ORIENTED_EDGE('',*,*,#2873,.T.);
#4000=ORIENTED_EDGE('',*,*,#2874,.F.);
#4001=ORIENTED_EDGE('',*,*,#2871,.F.);
#4002=ORIENTED_EDGE('',*,*,#2863,.F.);
#4003=ORIENTED_EDGE('',*,*,#2875,.T.);
#4004=ORIENTED_EDGE('',*,*,#2876,.F.);
#4005=ORIENTED_EDGE('',*,*,#2873,.F.);
#4006=ORIENTED_EDGE('',*,*,#2860,.F.);
#4007=ORIENTED_EDGE('',*,*,#2769,.T.);
#4008=ORIENTED_EDGE('',*,*,#2877,.F.);
#4009=ORIENTED_EDGE('',*,*,#2875,.F.);
#4010=ORIENTED_EDGE('',*,*,#2878,.T.);
#4011=ORIENTED_EDGE('',*,*,#2877,.T.);
#4012=ORIENTED_EDGE('',*,*,#2772,.F.);
#4013=ORIENTED_EDGE('',*,*,#2879,.T.);
#4014=ORIENTED_EDGE('',*,*,#2880,.T.);
#4015=ORIENTED_EDGE('',*,*,#2876,.T.);
#4016=ORIENTED_EDGE('',*,*,#2878,.F.);
#4017=ORIENTED_EDGE('',*,*,#2881,.T.);
#4018=ORIENTED_EDGE('',*,*,#2882,.T.);
#4019=ORIENTED_EDGE('',*,*,#2874,.T.);
#4020=ORIENTED_EDGE('',*,*,#2880,.F.);
#4021=ORIENTED_EDGE('',*,*,#2883,.T.);
#4022=ORIENTED_EDGE('',*,*,#2884,.T.);
#4023=ORIENTED_EDGE('',*,*,#2872,.T.);
#4024=ORIENTED_EDGE('',*,*,#2882,.F.);
#4025=ORIENTED_EDGE('',*,*,#2885,.T.);
#4026=ORIENTED_EDGE('',*,*,#2870,.T.);
#4027=ORIENTED_EDGE('',*,*,#2884,.F.);
#4028=ORIENTED_EDGE('',*,*,#2886,.T.);
#4029=ORIENTED_EDGE('',*,*,#2775,.T.);
#4030=ORIENTED_EDGE('',*,*,#2886,.F.);
#4031=ORIENTED_EDGE('',*,*,#2885,.F.);
#4032=ORIENTED_EDGE('',*,*,#2883,.F.);
#4033=ORIENTED_EDGE('',*,*,#2881,.F.);
#4034=ORIENTED_EDGE('',*,*,#2879,.F.);
#4035=ORIENTED_EDGE('',*,*,#2771,.T.);
#4036=ORIENTED_EDGE('',*,*,#2774,.T.);
#4037=ORIENTED_EDGE('',*,*,#2776,.T.);
#4038=ORIENTED_EDGE('',*,*,#2840,.F.);
#4039=ORIENTED_EDGE('',*,*,#2742,.T.);
#4040=ORIENTED_EDGE('',*,*,#2726,.T.);
#4041=ORIENTED_EDGE('',*,*,#2738,.T.);
#4042=ORIENTED_EDGE('',*,*,#2779,.F.);
#4043=ORIENTED_EDGE('',*,*,#2887,.F.);
#4044=ORIENTED_EDGE('',*,*,#2888,.T.);
#4045=ORIENTED_EDGE('',*,*,#2835,.F.);
#4046=ORIENTED_EDGE('',*,*,#2821,.F.);
#4047=ORIENTED_EDGE('',*,*,#2838,.F.);
#4048=ORIENTED_EDGE('',*,*,#2889,.T.);
#4049=ORIENTED_EDGE('',*,*,#2887,.T.);
#4050=ORIENTED_EDGE('',*,*,#2782,.F.);
#4051=ORIENTED_EDGE('',*,*,#2890,.F.);
#4052=ORIENTED_EDGE('',*,*,#2891,.T.);
#4053=ORIENTED_EDGE('',*,*,#2890,.T.);
#4054=ORIENTED_EDGE('',*,*,#2785,.F.);
#4055=ORIENTED_EDGE('',*,*,#2892,.F.);
#4056=ORIENTED_EDGE('',*,*,#2833,.F.);
#4057=ORIENTED_EDGE('',*,*,#2888,.F.);
#4058=ORIENTED_EDGE('',*,*,#2893,.F.);
#4059=ORIENTED_EDGE('',*,*,#2894,.T.);
#4060=ORIENTED_EDGE('',*,*,#2895,.T.);
#4061=ORIENTED_EDGE('',*,*,#2893,.T.);
#4062=ORIENTED_EDGE('',*,*,#2889,.F.);
#4063=ORIENTED_EDGE('',*,*,#2896,.F.);
#4064=ORIENTED_EDGE('',*,*,#2897,.T.);
#4065=ORIENTED_EDGE('',*,*,#2896,.T.);
#4066=ORIENTED_EDGE('',*,*,#2891,.F.);
#4067=ORIENTED_EDGE('',*,*,#2898,.F.);
#4068=ORIENTED_EDGE('',*,*,#2830,.F.);
#4069=ORIENTED_EDGE('',*,*,#2894,.F.);
#4070=ORIENTED_EDGE('',*,*,#2899,.F.);
#4071=ORIENTED_EDGE('',*,*,#2900,.T.);
#4072=ORIENTED_EDGE('',*,*,#2818,.T.);
#4073=ORIENTED_EDGE('',*,*,#2815,.T.);
#4074=ORIENTED_EDGE('',*,*,#2817,.T.);
#4075=ORIENTED_EDGE('',*,*,#2804,.F.);
#4076=ORIENTED_EDGE('',*,*,#2807,.F.);
#4077=ORIENTED_EDGE('',*,*,#2810,.F.);
#4078=ORIENTED_EDGE('',*,*,#2901,.T.);
#4079=ORIENTED_EDGE('',*,*,#2899,.T.);
#4080=ORIENTED_EDGE('',*,*,#2895,.F.);
#4081=ORIENTED_EDGE('',*,*,#2902,.F.);
#4082=ORIENTED_EDGE('',*,*,#2903,.T.);
#4083=ORIENTED_EDGE('',*,*,#2902,.T.);
#4084=ORIENTED_EDGE('',*,*,#2897,.F.);
#4085=ORIENTED_EDGE('',*,*,#2904,.F.);
#4086=ORIENTED_EDGE('',*,*,#2827,.F.);
#4087=ORIENTED_EDGE('',*,*,#2900,.F.);
#4088=ORIENTED_EDGE('',*,*,#2905,.F.);
#4089=ORIENTED_EDGE('',*,*,#2906,.T.);
#4090=ORIENTED_EDGE('',*,*,#2907,.T.);
#4091=ORIENTED_EDGE('',*,*,#2905,.T.);
#4092=ORIENTED_EDGE('',*,*,#2901,.F.);
#4093=ORIENTED_EDGE('',*,*,#2908,.F.);
#4094=ORIENTED_EDGE('',*,*,#2909,.T.);
#4095=ORIENTED_EDGE('',*,*,#2908,.T.);
#4096=ORIENTED_EDGE('',*,*,#2903,.F.);
#4097=ORIENTED_EDGE('',*,*,#2910,.F.);
#4098=ORIENTED_EDGE('',*,*,#2910,.T.);
#4099=ORIENTED_EDGE('',*,*,#2904,.T.);
#4100=ORIENTED_EDGE('',*,*,#2898,.T.);
#4101=ORIENTED_EDGE('',*,*,#2892,.T.);
#4102=ORIENTED_EDGE('',*,*,#2784,.F.);
#4103=ORIENTED_EDGE('',*,*,#2791,.F.);
#4104=ORIENTED_EDGE('',*,*,#2797,.F.);
#4105=ORIENTED_EDGE('',*,*,#2911,.T.);
#4106=ORIENTED_EDGE('',*,*,#2825,.F.);
#4107=ORIENTED_EDGE('',*,*,#2906,.F.);
#4108=ORIENTED_EDGE('',*,*,#2912,.F.);
#4109=ORIENTED_EDGE('',*,*,#2792,.T.);
#4110=ORIENTED_EDGE('',*,*,#2912,.T.);
#4111=ORIENTED_EDGE('',*,*,#2907,.F.);
#4112=ORIENTED_EDGE('',*,*,#2913,.F.);
#4113=ORIENTED_EDGE('',*,*,#2794,.T.);
#4114=ORIENTED_EDGE('',*,*,#2913,.T.);
#4115=ORIENTED_EDGE('',*,*,#2909,.F.);
#4116=ORIENTED_EDGE('',*,*,#2911,.F.);
#4117=ORIENTED_EDGE('',*,*,#2796,.T.);
#4118=ORIENTED_EDGE('',*,*,#2914,.F.);
#4119=ORIENTED_EDGE('',*,*,#2915,.F.);
#4120=ORIENTED_EDGE('',*,*,#2916,.F.);
#4121=ORIENTED_EDGE('',*,*,#2917,.F.);
#4122=ORIENTED_EDGE('',*,*,#2918,.F.);
#4123=ORIENTED_EDGE('',*,*,#2916,.T.);
#4124=ORIENTED_EDGE('',*,*,#2919,.F.);
#4125=ORIENTED_EDGE('',*,*,#2920,.F.);
#4126=ORIENTED_EDGE('',*,*,#2921,.T.);
#4127=ORIENTED_EDGE('',*,*,#2922,.F.);
#4128=ORIENTED_EDGE('',*,*,#2923,.F.);
#4129=ORIENTED_EDGE('',*,*,#2924,.F.);
#4130=ORIENTED_EDGE('',*,*,#2925,.F.);
#4131=ORIENTED_EDGE('',*,*,#2926,.F.);
#4132=ORIENTED_EDGE('',*,*,#2927,.F.);
#4133=ORIENTED_EDGE('',*,*,#2928,.F.);
#4134=ORIENTED_EDGE('',*,*,#2925,.T.);
#4135=ORIENTED_EDGE('',*,*,#2929,.F.);
#4136=ORIENTED_EDGE('',*,*,#2930,.F.);
#4137=ORIENTED_EDGE('',*,*,#2931,.F.);
#4138=ORIENTED_EDGE('',*,*,#2932,.T.);
#4139=ORIENTED_EDGE('',*,*,#2933,.F.);
#4140=ORIENTED_EDGE('',*,*,#2919,.T.);
#4141=ORIENTED_EDGE('',*,*,#2915,.T.);
#4142=ORIENTED_EDGE('',*,*,#2934,.F.);
#4143=ORIENTED_EDGE('',*,*,#2930,.T.);
#4144=ORIENTED_EDGE('',*,*,#2935,.F.);
#4145=ORIENTED_EDGE('',*,*,#2924,.T.);
#4146=ORIENTED_EDGE('',*,*,#2936,.F.);
#4147=ORIENTED_EDGE('',*,*,#2937,.F.);
#4148=ORIENTED_EDGE('',*,*,#2938,.F.);
#4149=ORIENTED_EDGE('',*,*,#2939,.T.);
#4150=ORIENTED_EDGE('',*,*,#2940,.T.);
#4151=ORIENTED_EDGE('',*,*,#2920,.T.);
#4152=ORIENTED_EDGE('',*,*,#2935,.T.);
#4153=ORIENTED_EDGE('',*,*,#2941,.F.);
#4154=ORIENTED_EDGE('',*,*,#2942,.T.);
#4155=ORIENTED_EDGE('',*,*,#2943,.F.);
#4156=ORIENTED_EDGE('',*,*,#2944,.F.);
#4157=ORIENTED_EDGE('',*,*,#2945,.T.);
#4158=ORIENTED_EDGE('',*,*,#2946,.F.);
#4159=ORIENTED_EDGE('',*,*,#2947,.T.);
#4160=ORIENTED_EDGE('',*,*,#2922,.T.);
#4161=ORIENTED_EDGE('',*,*,#2948,.F.);
#4162=ORIENTED_EDGE('',*,*,#2949,.T.);
#4163=ORIENTED_EDGE('',*,*,#2950,.T.);
#4164=ORIENTED_EDGE('',*,*,#2951,.T.);
#4165=ORIENTED_EDGE('',*,*,#2952,.F.);
#4166=ORIENTED_EDGE('',*,*,#2953,.F.);
#4167=ORIENTED_EDGE('',*,*,#2954,.F.);
#4168=ORIENTED_EDGE('',*,*,#2955,.F.);
#4169=ORIENTED_EDGE('',*,*,#2956,.F.);
#4170=ORIENTED_EDGE('',*,*,#2957,.F.);
#4171=ORIENTED_EDGE('',*,*,#2954,.T.);
#4172=ORIENTED_EDGE('',*,*,#2958,.F.);
#4173=ORIENTED_EDGE('',*,*,#2959,.F.);
#4174=ORIENTED_EDGE('',*,*,#2960,.F.);
#4175=ORIENTED_EDGE('',*,*,#2961,.F.);
#4176=ORIENTED_EDGE('',*,*,#2959,.T.);
#4177=ORIENTED_EDGE('',*,*,#2962,.F.);
#4178=ORIENTED_EDGE('',*,*,#2963,.F.);
#4179=ORIENTED_EDGE('',*,*,#2964,.F.);
#4180=ORIENTED_EDGE('',*,*,#2956,.T.);
#4181=ORIENTED_EDGE('',*,*,#2965,.F.);
#4182=ORIENTED_EDGE('',*,*,#2963,.T.);
#4183=ORIENTED_EDGE('',*,*,#2966,.F.);
#4184=ORIENTED_EDGE('',*,*,#2967,.F.);
#4185=ORIENTED_EDGE('',*,*,#2968,.F.);
#4186=ORIENTED_EDGE('',*,*,#2969,.F.);
#4187=ORIENTED_EDGE('',*,*,#2970,.F.);
#4188=ORIENTED_EDGE('',*,*,#2967,.T.);
#4189=ORIENTED_EDGE('',*,*,#2971,.F.);
#4190=ORIENTED_EDGE('',*,*,#2964,.T.);
#4191=ORIENTED_EDGE('',*,*,#2972,.F.);
#4192=ORIENTED_EDGE('',*,*,#2973,.F.);
#4193=ORIENTED_EDGE('',*,*,#2974,.F.);
#4194=ORIENTED_EDGE('',*,*,#2953,.T.);
#4195=ORIENTED_EDGE('',*,*,#2974,.T.);
#4196=ORIENTED_EDGE('',*,*,#2975,.F.);
#4197=ORIENTED_EDGE('',*,*,#2976,.F.);
#4198=ORIENTED_EDGE('',*,*,#2977,.F.);
#4199=ORIENTED_EDGE('',*,*,#2978,.F.);
#4200=ORIENTED_EDGE('',*,*,#2979,.F.);
#4201=ORIENTED_EDGE('',*,*,#2939,.F.);
#4202=ORIENTED_EDGE('',*,*,#2980,.F.);
#4203=ORIENTED_EDGE('',*,*,#2978,.T.);
#4204=ORIENTED_EDGE('',*,*,#2981,.F.);
#4205=ORIENTED_EDGE('',*,*,#2982,.F.);
#4206=ORIENTED_EDGE('',*,*,#2983,.F.);
#4207=ORIENTED_EDGE('',*,*,#2950,.F.);
#4208=ORIENTED_EDGE('',*,*,#2984,.F.);
#4209=ORIENTED_EDGE('',*,*,#2949,.F.);
#4210=ORIENTED_EDGE('',*,*,#2985,.F.);
#4211=ORIENTED_EDGE('',*,*,#2984,.T.);
#4212=ORIENTED_EDGE('',*,*,#2977,.T.);
#4213=ORIENTED_EDGE('',*,*,#2938,.T.);
#4214=ORIENTED_EDGE('',*,*,#2986,.T.);
#4215=ORIENTED_EDGE('',*,*,#2987,.T.);
#4216=ORIENTED_EDGE('',*,*,#2981,.T.);
#4217=ORIENTED_EDGE('',*,*,#2982,.T.);
#4218=ORIENTED_EDGE('',*,*,#2987,.F.);
#4219=ORIENTED_EDGE('',*,*,#2988,.F.);
#4220=ORIENTED_EDGE('',*,*,#2989,.T.);
#4221=ORIENTED_EDGE('',*,*,#2923,.T.);
#4222=ORIENTED_EDGE('',*,*,#2952,.T.);
#4223=ORIENTED_EDGE('',*,*,#2951,.F.);
#4224=ORIENTED_EDGE('',*,*,#2983,.T.);
#4225=ORIENTED_EDGE('',*,*,#2989,.F.);
#4226=ORIENTED_EDGE('',*,*,#2990,.T.);
#4227=ORIENTED_EDGE('',*,*,#2936,.T.);
#4228=ORIENTED_EDGE('',*,*,#2990,.F.);
#4229=ORIENTED_EDGE('',*,*,#2988,.T.);
#4230=ORIENTED_EDGE('',*,*,#2986,.F.);
#4231=ORIENTED_EDGE('',*,*,#2937,.T.);
#4232=ORIENTED_EDGE('',*,*,#2929,.T.);
#4233=ORIENTED_EDGE('',*,*,#2941,.T.);
#4234=ORIENTED_EDGE('',*,*,#2933,.T.);
#4235=ORIENTED_EDGE('',*,*,#2991,.F.);
#4236=ORIENTED_EDGE('',*,*,#2966,.T.);
#4237=ORIENTED_EDGE('',*,*,#2965,.T.);
#4238=ORIENTED_EDGE('',*,*,#2955,.T.);
#4239=ORIENTED_EDGE('',*,*,#2957,.T.);
#4240=ORIENTED_EDGE('',*,*,#2992,.T.);
#4241=ORIENTED_EDGE('',*,*,#2971,.T.);
#4242=ORIENTED_EDGE('',*,*,#2992,.F.);
#4243=ORIENTED_EDGE('',*,*,#2961,.T.);
#4244=ORIENTED_EDGE('',*,*,#2993,.T.);
#4245=ORIENTED_EDGE('',*,*,#2994,.F.);
#4246=ORIENTED_EDGE('',*,*,#2945,.F.);
#4247=ORIENTED_EDGE('',*,*,#2995,.F.);
#4248=ORIENTED_EDGE('',*,*,#2996,.F.);
#4249=ORIENTED_EDGE('',*,*,#2996,.T.);
#4250=ORIENTED_EDGE('',*,*,#2997,.T.);
#4251=ORIENTED_EDGE('',*,*,#2998,.F.);
#4252=ORIENTED_EDGE('',*,*,#2999,.F.);
#4253=ORIENTED_EDGE('',*,*,#3000,.F.);
#4254=ORIENTED_EDGE('',*,*,#2942,.F.);
#4255=ORIENTED_EDGE('',*,*,#3001,.F.);
#4256=ORIENTED_EDGE('',*,*,#3002,.F.);
#4257=ORIENTED_EDGE('',*,*,#3002,.T.);
#4258=ORIENTED_EDGE('',*,*,#3003,.T.);
#4259=ORIENTED_EDGE('',*,*,#3004,.F.);
#4260=ORIENTED_EDGE('',*,*,#3005,.F.);
#4261=ORIENTED_EDGE('',*,*,#2918,.T.);
#4262=ORIENTED_EDGE('',*,*,#3006,.F.);
#4263=ORIENTED_EDGE('',*,*,#2975,.T.);
#4264=ORIENTED_EDGE('',*,*,#2973,.T.);
#4265=ORIENTED_EDGE('',*,*,#3007,.F.);
#4266=ORIENTED_EDGE('',*,*,#3008,.F.);
#4267=ORIENTED_EDGE('',*,*,#3009,.F.);
#4268=ORIENTED_EDGE('',*,*,#3010,.F.);
#4269=ORIENTED_EDGE('',*,*,#3011,.F.);
#4270=ORIENTED_EDGE('',*,*,#3009,.T.);
#4271=ORIENTED_EDGE('',*,*,#3012,.F.);
#4272=ORIENTED_EDGE('',*,*,#3013,.T.);
#4273=ORIENTED_EDGE('',*,*,#3010,.T.);
#4274=ORIENTED_EDGE('',*,*,#3013,.F.);
#4275=ORIENTED_EDGE('',*,*,#3014,.F.);
#4276=ORIENTED_EDGE('',*,*,#2946,.T.);
#4277=ORIENTED_EDGE('',*,*,#2994,.T.);
#4278=ORIENTED_EDGE('',*,*,#2999,.T.);
#4279=ORIENTED_EDGE('',*,*,#3015,.T.);
#4280=ORIENTED_EDGE('',*,*,#3016,.T.);
#4281=ORIENTED_EDGE('',*,*,#3017,.F.);
#4282=ORIENTED_EDGE('',*,*,#3018,.F.);
#4283=ORIENTED_EDGE('',*,*,#3019,.F.);
#4284=ORIENTED_EDGE('',*,*,#3016,.F.);
#4285=ORIENTED_EDGE('',*,*,#3020,.F.);
#4286=ORIENTED_EDGE('',*,*,#3020,.T.);
#4287=ORIENTED_EDGE('',*,*,#3015,.F.);
#4288=ORIENTED_EDGE('',*,*,#2998,.T.);
#4289=ORIENTED_EDGE('',*,*,#3021,.F.);
#4290=ORIENTED_EDGE('',*,*,#3011,.T.);
#4291=ORIENTED_EDGE('',*,*,#3017,.T.);
#4292=ORIENTED_EDGE('',*,*,#3019,.T.);
#4293=ORIENTED_EDGE('',*,*,#3022,.F.);
#4294=ORIENTED_EDGE('',*,*,#3008,.T.);
#4295=ORIENTED_EDGE('',*,*,#3022,.T.);
#4296=ORIENTED_EDGE('',*,*,#3018,.T.);
#4297=ORIENTED_EDGE('',*,*,#3021,.T.);
#4298=ORIENTED_EDGE('',*,*,#2997,.F.);
#4299=ORIENTED_EDGE('',*,*,#2995,.T.);
#4300=ORIENTED_EDGE('',*,*,#2947,.F.);
#4301=ORIENTED_EDGE('',*,*,#3014,.T.);
#4302=ORIENTED_EDGE('',*,*,#3012,.T.);
#4303=ORIENTED_EDGE('',*,*,#3023,.F.);
#4304=ORIENTED_EDGE('',*,*,#3024,.F.);
#4305=ORIENTED_EDGE('',*,*,#3025,.F.);
#4306=ORIENTED_EDGE('',*,*,#3026,.F.);
#4307=ORIENTED_EDGE('',*,*,#3024,.T.);
#4308=ORIENTED_EDGE('',*,*,#3027,.F.);
#4309=ORIENTED_EDGE('',*,*,#3028,.T.);
#4310=ORIENTED_EDGE('',*,*,#3029,.T.);
#4311=ORIENTED_EDGE('',*,*,#3025,.T.);
#4312=ORIENTED_EDGE('',*,*,#3029,.F.);
#4313=ORIENTED_EDGE('',*,*,#3030,.T.);
#4314=ORIENTED_EDGE('',*,*,#3031,.F.);
#4315=ORIENTED_EDGE('',*,*,#3032,.F.);
#4316=ORIENTED_EDGE('',*,*,#2943,.T.);
#4317=ORIENTED_EDGE('',*,*,#3000,.T.);
#4318=ORIENTED_EDGE('',*,*,#3005,.T.);
#4319=ORIENTED_EDGE('',*,*,#3033,.T.);
#4320=ORIENTED_EDGE('',*,*,#3034,.F.);
#4321=ORIENTED_EDGE('',*,*,#3035,.F.);
#4322=ORIENTED_EDGE('',*,*,#3030,.F.);
#4323=ORIENTED_EDGE('',*,*,#3028,.F.);
#4324=ORIENTED_EDGE('',*,*,#3026,.T.);
#4325=ORIENTED_EDGE('',*,*,#3033,.F.);
#4326=ORIENTED_EDGE('',*,*,#3004,.T.);
#4327=ORIENTED_EDGE('',*,*,#3036,.F.);
#4328=ORIENTED_EDGE('',*,*,#3023,.T.);
#4329=ORIENTED_EDGE('',*,*,#3036,.T.);
#4330=ORIENTED_EDGE('',*,*,#3003,.F.);
#4331=ORIENTED_EDGE('',*,*,#3001,.T.);
#4332=ORIENTED_EDGE('',*,*,#2944,.T.);
#4333=ORIENTED_EDGE('',*,*,#3032,.T.);
#4334=ORIENTED_EDGE('',*,*,#3037,.T.);
#4335=ORIENTED_EDGE('',*,*,#3034,.T.);
#4336=ORIENTED_EDGE('',*,*,#3027,.T.);
#4337=ORIENTED_EDGE('',*,*,#3035,.T.);
#4338=ORIENTED_EDGE('',*,*,#3037,.F.);
#4339=ORIENTED_EDGE('',*,*,#3031,.T.);
#4340=ORIENTED_EDGE('',*,*,#3038,.T.);
#4341=ORIENTED_EDGE('',*,*,#3039,.T.);
#4342=ORIENTED_EDGE('',*,*,#3040,.T.);
#4343=ORIENTED_EDGE('',*,*,#3041,.T.);
#4344=ORIENTED_EDGE('',*,*,#3042,.T.);
#4345=ORIENTED_EDGE('',*,*,#3041,.F.);
#4346=ORIENTED_EDGE('',*,*,#3043,.F.);
#4347=ORIENTED_EDGE('',*,*,#3044,.T.);
#4348=ORIENTED_EDGE('',*,*,#3045,.T.);
#4349=ORIENTED_EDGE('',*,*,#3040,.F.);
#4350=ORIENTED_EDGE('',*,*,#3046,.F.);
#4351=ORIENTED_EDGE('',*,*,#3047,.F.);
#4352=ORIENTED_EDGE('',*,*,#3048,.F.);
#4353=ORIENTED_EDGE('',*,*,#3049,.F.);
#4354=ORIENTED_EDGE('',*,*,#3050,.F.);
#4355=ORIENTED_EDGE('',*,*,#2962,.T.);
#4356=ORIENTED_EDGE('',*,*,#2958,.T.);
#4357=ORIENTED_EDGE('',*,*,#2976,.T.);
#4358=ORIENTED_EDGE('',*,*,#3006,.T.);
#4359=ORIENTED_EDGE('',*,*,#2917,.T.);
#4360=ORIENTED_EDGE('',*,*,#2921,.F.);
#4361=ORIENTED_EDGE('',*,*,#2940,.F.);
#4362=ORIENTED_EDGE('',*,*,#2979,.T.);
#4363=ORIENTED_EDGE('',*,*,#2980,.T.);
#4364=ORIENTED_EDGE('',*,*,#2985,.T.);
#4365=ORIENTED_EDGE('',*,*,#2948,.T.);
#4366=ORIENTED_EDGE('',*,*,#2926,.T.);
#4367=ORIENTED_EDGE('',*,*,#2928,.T.);
#4368=ORIENTED_EDGE('',*,*,#3051,.F.);
#4369=ORIENTED_EDGE('',*,*,#3052,.F.);
#4370=ORIENTED_EDGE('',*,*,#3053,.F.);
#4371=ORIENTED_EDGE('',*,*,#3054,.F.);
#4372=ORIENTED_EDGE('',*,*,#3055,.F.);
#4373=ORIENTED_EDGE('',*,*,#3056,.F.);
#4374=ORIENTED_EDGE('',*,*,#3057,.F.);
#4375=ORIENTED_EDGE('',*,*,#3058,.T.);
#4376=ORIENTED_EDGE('',*,*,#3043,.T.);
#4377=ORIENTED_EDGE('',*,*,#3059,.T.);
#4378=ORIENTED_EDGE('',*,*,#3053,.T.);
#4379=ORIENTED_EDGE('',*,*,#3060,.T.);
#4380=ORIENTED_EDGE('',*,*,#3061,.T.);
#4381=ORIENTED_EDGE('',*,*,#3062,.T.);
#4382=ORIENTED_EDGE('',*,*,#3063,.T.);
#4383=ORIENTED_EDGE('',*,*,#3064,.T.);
#4384=ORIENTED_EDGE('',*,*,#3060,.F.);
#4385=ORIENTED_EDGE('',*,*,#3052,.T.);
#4386=ORIENTED_EDGE('',*,*,#3065,.F.);
#4387=ORIENTED_EDGE('',*,*,#3063,.F.);
#4388=ORIENTED_EDGE('',*,*,#3051,.T.);
#4389=ORIENTED_EDGE('',*,*,#2927,.T.);
#4390=ORIENTED_EDGE('',*,*,#3065,.T.);
#4391=ORIENTED_EDGE('',*,*,#2991,.T.);
#4392=ORIENTED_EDGE('',*,*,#3066,.T.);
#4393=ORIENTED_EDGE('',*,*,#3067,.F.);
#4394=ORIENTED_EDGE('',*,*,#3068,.F.);
#4395=ORIENTED_EDGE('',*,*,#3069,.T.);
#4396=ORIENTED_EDGE('',*,*,#3066,.F.);
#4397=ORIENTED_EDGE('',*,*,#2932,.F.);
#4398=ORIENTED_EDGE('',*,*,#3070,.T.);
#4399=ORIENTED_EDGE('',*,*,#3071,.T.);
#4400=ORIENTED_EDGE('',*,*,#3069,.F.);
#4401=ORIENTED_EDGE('',*,*,#3072,.T.);
#4402=ORIENTED_EDGE('',*,*,#3045,.F.);
#4403=ORIENTED_EDGE('',*,*,#3073,.T.);
#4404=ORIENTED_EDGE('',*,*,#3070,.F.);
#4405=ORIENTED_EDGE('',*,*,#3074,.T.);
#4406=ORIENTED_EDGE('',*,*,#3042,.F.);
#4407=ORIENTED_EDGE('',*,*,#3061,.F.);
#4408=ORIENTED_EDGE('',*,*,#3075,.T.);
#4409=ORIENTED_EDGE('',*,*,#3073,.F.);
#4410=ORIENTED_EDGE('',*,*,#3044,.F.);
#4411=ORIENTED_EDGE('',*,*,#3058,.F.);
#4412=ORIENTED_EDGE('',*,*,#3076,.F.);
#4413=ORIENTED_EDGE('',*,*,#3077,.T.);
#4414=ORIENTED_EDGE('',*,*,#3078,.T.);
#4415=ORIENTED_EDGE('',*,*,#3079,.T.);
#4416=ORIENTED_EDGE('',*,*,#3080,.F.);
#4417=ORIENTED_EDGE('',*,*,#3081,.T.);
#4418=ORIENTED_EDGE('',*,*,#3082,.T.);
#4419=ORIENTED_EDGE('',*,*,#3083,.F.);
#4420=ORIENTED_EDGE('',*,*,#3084,.F.);
#4421=ORIENTED_EDGE('',*,*,#3085,.T.);
#4422=ORIENTED_EDGE('',*,*,#3074,.F.);
#4423=ORIENTED_EDGE('',*,*,#3072,.F.);
#4424=ORIENTED_EDGE('',*,*,#3068,.T.);
#4425=ORIENTED_EDGE('',*,*,#2931,.T.);
#4426=ORIENTED_EDGE('',*,*,#2934,.T.);
#4427=ORIENTED_EDGE('',*,*,#2914,.T.);
#4428=ORIENTED_EDGE('',*,*,#3007,.T.);
#4429=ORIENTED_EDGE('',*,*,#2972,.T.);
#4430=ORIENTED_EDGE('',*,*,#2968,.T.);
#4431=ORIENTED_EDGE('',*,*,#2970,.T.);
#4432=ORIENTED_EDGE('',*,*,#3086,.T.);
#4433=ORIENTED_EDGE('',*,*,#3087,.F.);
#4434=ORIENTED_EDGE('',*,*,#3088,.F.);
#4435=ORIENTED_EDGE('',*,*,#3089,.F.);
#4436=ORIENTED_EDGE('',*,*,#3090,.F.);
#4437=ORIENTED_EDGE('',*,*,#3038,.F.);
#4438=ORIENTED_EDGE('',*,*,#3059,.F.);
#4439=ORIENTED_EDGE('',*,*,#3091,.T.);
#4440=ORIENTED_EDGE('',*,*,#3092,.F.);
#4441=ORIENTED_EDGE('',*,*,#3093,.F.);
#4442=ORIENTED_EDGE('',*,*,#3094,.F.);
#4443=ORIENTED_EDGE('',*,*,#3054,.T.);
#4444=ORIENTED_EDGE('',*,*,#3095,.T.);
#4445=ORIENTED_EDGE('',*,*,#3096,.T.);
#4446=ORIENTED_EDGE('',*,*,#3097,.T.);
#4447=ORIENTED_EDGE('',*,*,#3098,.T.);
#4448=ORIENTED_EDGE('',*,*,#3099,.T.);
#4449=ORIENTED_EDGE('',*,*,#3100,.T.);
#4450=ORIENTED_EDGE('',*,*,#3048,.T.);
#4451=ORIENTED_EDGE('',*,*,#3098,.F.);
#4452=ORIENTED_EDGE('',*,*,#3101,.T.);
#4453=ORIENTED_EDGE('',*,*,#3049,.T.);
#4454=ORIENTED_EDGE('',*,*,#3100,.F.);
#4455=ORIENTED_EDGE('',*,*,#3102,.T.);
#4456=ORIENTED_EDGE('',*,*,#3103,.T.);
#4457=ORIENTED_EDGE('',*,*,#3104,.T.);
#4458=ORIENTED_EDGE('',*,*,#3096,.F.);
#4459=ORIENTED_EDGE('',*,*,#3105,.T.);
#4460=ORIENTED_EDGE('',*,*,#3050,.T.);
#4461=ORIENTED_EDGE('',*,*,#3101,.F.);
#4462=ORIENTED_EDGE('',*,*,#3106,.T.);
#4463=ORIENTED_EDGE('',*,*,#2960,.T.);
#4464=ORIENTED_EDGE('',*,*,#3103,.F.);
#4465=ORIENTED_EDGE('',*,*,#3088,.T.);
#4466=ORIENTED_EDGE('',*,*,#3107,.T.);
#4467=ORIENTED_EDGE('',*,*,#3108,.T.);
#4468=ORIENTED_EDGE('',*,*,#3109,.T.);
#4469=ORIENTED_EDGE('',*,*,#3110,.T.);
#4470=ORIENTED_EDGE('',*,*,#3107,.F.);
#4471=ORIENTED_EDGE('',*,*,#3087,.T.);
#4472=ORIENTED_EDGE('',*,*,#3111,.T.);
#4473=ORIENTED_EDGE('',*,*,#3109,.F.);
#4474=ORIENTED_EDGE('',*,*,#3086,.F.);
#4475=ORIENTED_EDGE('',*,*,#2969,.T.);
#4476=ORIENTED_EDGE('',*,*,#3105,.F.);
#4477=ORIENTED_EDGE('',*,*,#3112,.T.);
#4478=ORIENTED_EDGE('',*,*,#3113,.T.);
#4479=ORIENTED_EDGE('',*,*,#3089,.T.);
#4480=ORIENTED_EDGE('',*,*,#3095,.F.);
#4481=ORIENTED_EDGE('',*,*,#3047,.T.);
#4482=ORIENTED_EDGE('',*,*,#3114,.T.);
#4483=ORIENTED_EDGE('',*,*,#3112,.F.);
#4484=ORIENTED_EDGE('',*,*,#3115,.T.);
#4485=ORIENTED_EDGE('',*,*,#3076,.T.);
#4486=ORIENTED_EDGE('',*,*,#3057,.T.);
#4487=ORIENTED_EDGE('',*,*,#3116,.T.);
#4488=ORIENTED_EDGE('',*,*,#3056,.T.);
#4489=ORIENTED_EDGE('',*,*,#3117,.T.);
#4490=ORIENTED_EDGE('',*,*,#3093,.T.);
#4491=ORIENTED_EDGE('',*,*,#3118,.T.);
#4492=ORIENTED_EDGE('',*,*,#3119,.T.);
#4493=ORIENTED_EDGE('',*,*,#3120,.T.);
#4494=ORIENTED_EDGE('',*,*,#3116,.F.);
#4495=ORIENTED_EDGE('',*,*,#3094,.T.);
#4496=ORIENTED_EDGE('',*,*,#3117,.F.);
#4497=ORIENTED_EDGE('',*,*,#3055,.T.);
#4498=ORIENTED_EDGE('',*,*,#3115,.F.);
#4499=ORIENTED_EDGE('',*,*,#3120,.F.);
#4500=ORIENTED_EDGE('',*,*,#3121,.F.);
#4501=ORIENTED_EDGE('',*,*,#3122,.F.);
#4502=ORIENTED_EDGE('',*,*,#3077,.F.);
#4503=ORIENTED_EDGE('',*,*,#3119,.F.);
#4504=ORIENTED_EDGE('',*,*,#3123,.F.);
#4505=ORIENTED_EDGE('',*,*,#3124,.T.);
#4506=ORIENTED_EDGE('',*,*,#3121,.T.);
#4507=ORIENTED_EDGE('',*,*,#3062,.F.);
#4508=ORIENTED_EDGE('',*,*,#3079,.F.);
#4509=ORIENTED_EDGE('',*,*,#3125,.F.);
#4510=ORIENTED_EDGE('',*,*,#3123,.T.);
#4511=ORIENTED_EDGE('',*,*,#3118,.F.);
#4512=ORIENTED_EDGE('',*,*,#3092,.T.);
#4513=ORIENTED_EDGE('',*,*,#3091,.F.);
#4514=ORIENTED_EDGE('',*,*,#3125,.T.);
#4515=ORIENTED_EDGE('',*,*,#3078,.F.);
#4516=ORIENTED_EDGE('',*,*,#3122,.T.);
#4517=ORIENTED_EDGE('',*,*,#3124,.F.);
#4518=ORIENTED_EDGE('',*,*,#3064,.F.);
#4519=ORIENTED_EDGE('',*,*,#3067,.T.);
#4520=ORIENTED_EDGE('',*,*,#3071,.F.);
#4521=ORIENTED_EDGE('',*,*,#3075,.F.);
#4522=ORIENTED_EDGE('',*,*,#3108,.F.);
#4523=ORIENTED_EDGE('',*,*,#3126,.F.);
#4524=ORIENTED_EDGE('',*,*,#3099,.F.);
#4525=ORIENTED_EDGE('',*,*,#3097,.F.);
#4526=ORIENTED_EDGE('',*,*,#3104,.F.);
#4527=ORIENTED_EDGE('',*,*,#3110,.F.);
#4528=ORIENTED_EDGE('',*,*,#3127,.F.);
#4529=ORIENTED_EDGE('',*,*,#3102,.F.);
#4530=ORIENTED_EDGE('',*,*,#3126,.T.);
#4531=ORIENTED_EDGE('',*,*,#3111,.F.);
#4532=ORIENTED_EDGE('',*,*,#2993,.F.);
#4533=ORIENTED_EDGE('',*,*,#3106,.F.);
#4534=ORIENTED_EDGE('',*,*,#3127,.T.);
#4535=ORIENTED_EDGE('',*,*,#3128,.T.);
#4536=ORIENTED_EDGE('',*,*,#3129,.T.);
#4537=ORIENTED_EDGE('',*,*,#3130,.T.);
#4538=ORIENTED_EDGE('',*,*,#3083,.T.);
#4539=ORIENTED_EDGE('',*,*,#3129,.F.);
#4540=ORIENTED_EDGE('',*,*,#3131,.T.);
#4541=ORIENTED_EDGE('',*,*,#3132,.T.);
#4542=ORIENTED_EDGE('',*,*,#3133,.F.);
#4543=ORIENTED_EDGE('',*,*,#3134,.T.);
#4544=ORIENTED_EDGE('',*,*,#3135,.T.);
#4545=ORIENTED_EDGE('',*,*,#3136,.T.);
#4546=ORIENTED_EDGE('',*,*,#3080,.T.);
#4547=ORIENTED_EDGE('',*,*,#3135,.F.);
#4548=ORIENTED_EDGE('',*,*,#3137,.T.);
#4549=ORIENTED_EDGE('',*,*,#3138,.T.);
#4550=ORIENTED_EDGE('',*,*,#3139,.F.);
#4551=ORIENTED_EDGE('',*,*,#3039,.F.);
#4552=ORIENTED_EDGE('',*,*,#3090,.T.);
#4553=ORIENTED_EDGE('',*,*,#3113,.F.);
#4554=ORIENTED_EDGE('',*,*,#3114,.F.);
#4555=ORIENTED_EDGE('',*,*,#3046,.T.);
#4556=ORIENTED_EDGE('',*,*,#3140,.T.);
#4557=ORIENTED_EDGE('',*,*,#3141,.T.);
#4558=ORIENTED_EDGE('',*,*,#3142,.T.);
#4559=ORIENTED_EDGE('',*,*,#3143,.T.);
#4560=ORIENTED_EDGE('',*,*,#3143,.F.);
#4561=ORIENTED_EDGE('',*,*,#3144,.F.);
#4562=ORIENTED_EDGE('',*,*,#3145,.T.);
#4563=ORIENTED_EDGE('',*,*,#3142,.F.);
#4564=ORIENTED_EDGE('',*,*,#3146,.T.);
#4565=ORIENTED_EDGE('',*,*,#3147,.F.);
#4566=ORIENTED_EDGE('',*,*,#3148,.F.);
#4567=ORIENTED_EDGE('',*,*,#3131,.F.);
#4568=ORIENTED_EDGE('',*,*,#3128,.F.);
#4569=ORIENTED_EDGE('',*,*,#3085,.F.);
#4570=ORIENTED_EDGE('',*,*,#3149,.T.);
#4571=ORIENTED_EDGE('',*,*,#3144,.T.);
#4572=ORIENTED_EDGE('',*,*,#3150,.T.);
#4573=ORIENTED_EDGE('',*,*,#3151,.T.);
#4574=ORIENTED_EDGE('',*,*,#3147,.T.);
#4575=ORIENTED_EDGE('',*,*,#3152,.T.);
#4576=ORIENTED_EDGE('',*,*,#3151,.F.);
#4577=ORIENTED_EDGE('',*,*,#3153,.T.);
#4578=ORIENTED_EDGE('',*,*,#3132,.F.);
#4579=ORIENTED_EDGE('',*,*,#3148,.T.);
#4580=ORIENTED_EDGE('',*,*,#3141,.F.);
#4581=ORIENTED_EDGE('',*,*,#3154,.T.);
#4582=ORIENTED_EDGE('',*,*,#3152,.F.);
#4583=ORIENTED_EDGE('',*,*,#3146,.F.);
#4584=ORIENTED_EDGE('',*,*,#3140,.F.);
#4585=ORIENTED_EDGE('',*,*,#3145,.F.);
#4586=ORIENTED_EDGE('',*,*,#3149,.F.);
#4587=ORIENTED_EDGE('',*,*,#3084,.T.);
#4588=ORIENTED_EDGE('',*,*,#3130,.F.);
#4589=ORIENTED_EDGE('',*,*,#3133,.T.);
#4590=ORIENTED_EDGE('',*,*,#3153,.F.);
#4591=ORIENTED_EDGE('',*,*,#3150,.F.);
#4592=ORIENTED_EDGE('',*,*,#3154,.F.);
#4593=ORIENTED_EDGE('',*,*,#3155,.T.);
#4594=ORIENTED_EDGE('',*,*,#3156,.T.);
#4595=ORIENTED_EDGE('',*,*,#3157,.T.);
#4596=ORIENTED_EDGE('',*,*,#3158,.T.);
#4597=ORIENTED_EDGE('',*,*,#3158,.F.);
#4598=ORIENTED_EDGE('',*,*,#3159,.F.);
#4599=ORIENTED_EDGE('',*,*,#3160,.F.);
#4600=ORIENTED_EDGE('',*,*,#3161,.T.);
#4601=ORIENTED_EDGE('',*,*,#3157,.F.);
#4602=ORIENTED_EDGE('',*,*,#3162,.F.);
#4603=ORIENTED_EDGE('',*,*,#3137,.F.);
#4604=ORIENTED_EDGE('',*,*,#3134,.F.);
#4605=ORIENTED_EDGE('',*,*,#3082,.F.);
#4606=ORIENTED_EDGE('',*,*,#3163,.T.);
#4607=ORIENTED_EDGE('',*,*,#3164,.T.);
#4608=ORIENTED_EDGE('',*,*,#3165,.F.);
#4609=ORIENTED_EDGE('',*,*,#3159,.T.);
#4610=ORIENTED_EDGE('',*,*,#3166,.T.);
#4611=ORIENTED_EDGE('',*,*,#3160,.T.);
#4612=ORIENTED_EDGE('',*,*,#3165,.T.);
#4613=ORIENTED_EDGE('',*,*,#3167,.T.);
#4614=ORIENTED_EDGE('',*,*,#3156,.F.);
#4615=ORIENTED_EDGE('',*,*,#3168,.T.);
#4616=ORIENTED_EDGE('',*,*,#3138,.F.);
#4617=ORIENTED_EDGE('',*,*,#3162,.T.);
#4618=ORIENTED_EDGE('',*,*,#3155,.F.);
#4619=ORIENTED_EDGE('',*,*,#3161,.F.);
#4620=ORIENTED_EDGE('',*,*,#3166,.F.);
#4621=ORIENTED_EDGE('',*,*,#3169,.F.);
#4622=ORIENTED_EDGE('',*,*,#3163,.F.);
#4623=ORIENTED_EDGE('',*,*,#3081,.F.);
#4624=ORIENTED_EDGE('',*,*,#3136,.F.);
#4625=ORIENTED_EDGE('',*,*,#3139,.T.);
#4626=ORIENTED_EDGE('',*,*,#3168,.F.);
#4627=ORIENTED_EDGE('',*,*,#3167,.F.);
#4628=ORIENTED_EDGE('',*,*,#3164,.F.);
#4629=ORIENTED_EDGE('',*,*,#3169,.T.);
#4630=CONICAL_SURFACE('',#4987,15.8,0.785398163397451);
#4631=CONICAL_SURFACE('',#4992,16.05,0.785398163397442);
#4632=CONICAL_SURFACE('',#4995,15.6,0.291456794477868);
#4633=CONICAL_SURFACE('',#5065,30.0675784395276,0.872664625997168);
#4634=CONICAL_SURFACE('',#5076,13.8397459621557,1.04719755119652);
#4635=CONICAL_SURFACE('',#5086,30.0675784395276,0.872664625997168);
#4636=CONICAL_SURFACE('',#5095,13.8397459621558,1.04719755119652);
#4637=CONICAL_SURFACE('',#5097,15.8,0.785398163397451);
#4638=CONICAL_SURFACE('',#5102,16.05,0.785398163397442);
#4639=CONICAL_SURFACE('',#5105,15.6,0.291456794477868);
#4640=CONICAL_SURFACE('',#5198,30.0675784395276,0.872664625997168);
#4641=CONICAL_SURFACE('',#5207,13.8397459621557,1.04719755119652);
#4642=CONICAL_SURFACE('',#5217,30.0675784395276,0.872664625997168);
#4643=CONICAL_SURFACE('',#5226,13.8397459621558,1.04719755119652);
#4644=CONICAL_SURFACE('',#5242,28.,0.785398163397448);
#4645=CONICAL_SURFACE('',#5305,34.0405470637166,0.872664625997138);
#4646=CONICAL_SURFACE('',#5316,34.0405470637167,0.872664625997138);
#4647=CONICAL_SURFACE('',#5324,28.,0.785398163397448);
#4648=CONICAL_SURFACE('',#5403,34.0405470637166,0.872664625997138);
#4649=CONICAL_SURFACE('',#5414,34.0405470637167,0.872664625997138);
#4650=CONICAL_SURFACE('',#5472,28.0282485578728,0.785398163397447);
#4651=CONICAL_SURFACE('',#5486,15.5,0.78539816339745);
#4652=CONICAL_SURFACE('',#5491,15.5,0.78539816339745);
#4653=CONICAL_SURFACE('',#5497,15.7,0.785398163397437);
#4654=CONICAL_SURFACE('',#5503,15.5,0.78539816339745);
#4655=CONICAL_SURFACE('',#5567,28.0282485578728,0.785398163397447);
#4656=CONICAL_SURFACE('',#5582,15.5,0.78539816339745);
#4657=CONICAL_SURFACE('',#5587,15.5,0.78539816339745);
#4658=CONICAL_SURFACE('',#5593,15.7,0.785398163397437);
#4659=CONICAL_SURFACE('',#5599,15.5,0.78539816339745);
#4660=ADVANCED_FACE('',(#399),#4630,.F.);
#4661=ADVANCED_FACE('',(#400),#283,.F.);
#4662=ADVANCED_FACE('',(#401),#4631,.F.);
#4663=ADVANCED_FACE('',(#402),#192,.F.);
#4664=ADVANCED_FACE('',(#403),#4632,.F.);
#4665=ADVANCED_FACE('',(#404),#284,.F.);
#4666=ADVANCED_FACE('',(#405,#181),#193,.F.);
#4667=ADVANCED_FACE('',(#406),#125,.T.);
#4668=ADVANCED_FACE('',(#407),#285,.T.);
#4669=ADVANCED_FACE('',(#408),#126,.T.);
#4670=ADVANCED_FACE('',(#409),#286,.T.);
#4671=ADVANCED_FACE('',(#410),#127,.T.);
#4672=ADVANCED_FACE('',(#411),#287,.T.);
#4673=ADVANCED_FACE('',(#412),#288,.T.);
#4674=ADVANCED_FACE('',(#413),#289,.T.);
#4675=ADVANCED_FACE('',(#414),#128,.T.);
#4676=ADVANCED_FACE('',(#415),#290,.T.);
#4677=ADVANCED_FACE('',(#416),#129,.T.);
#4678=ADVANCED_FACE('',(#417),#130,.F.);
#4679=ADVANCED_FACE('',(#418),#291,.F.);
#4680=ADVANCED_FACE('',(#419),#131,.F.);
#4681=ADVANCED_FACE('',(#420),#292,.F.);
#4682=ADVANCED_FACE('',(#421),#132,.F.);
#4683=ADVANCED_FACE('',(#422),#133,.T.);
#4684=ADVANCED_FACE('',(#423),#293,.T.);
#4685=ADVANCED_FACE('',(#424),#134,.T.);
#4686=ADVANCED_FACE('',(#425),#294,.F.);
#4687=ADVANCED_FACE('',(#426),#194,.T.);
#4688=ADVANCED_FACE('',(#427),#4633,.T.);
#4689=ADVANCED_FACE('',(#428),#105,.T.);
#4690=ADVANCED_FACE('',(#429),#295,.T.);
#4691=ADVANCED_FACE('',(#430),#296,.F.);
#4692=ADVANCED_FACE('',(#431),#106,.F.);
#4693=ADVANCED_FACE('',(#432),#4634,.F.);
#4694=ADVANCED_FACE('',(#433),#195,.F.);
#4695=ADVANCED_FACE('',(#434),#297,.T.);
#4696=ADVANCED_FACE('',(#435),#196,.F.);
#4697=ADVANCED_FACE('',(#436),#197,.F.);
#4698=ADVANCED_FACE('',(#437),#298,.F.);
#4699=ADVANCED_FACE('',(#438),#198,.F.);
#4700=ADVANCED_FACE('',(#439),#4635,.T.);
#4701=ADVANCED_FACE('',(#440),#107,.T.);
#4702=ADVANCED_FACE('',(#441),#299,.T.);
#4703=ADVANCED_FACE('',(#442),#300,.F.);
#4704=ADVANCED_FACE('',(#443),#108,.F.);
#4705=ADVANCED_FACE('',(#444),#4636,.F.);
#4706=ADVANCED_FACE('',(#445),#4637,.F.);
#4707=ADVANCED_FACE('',(#446),#301,.F.);
#4708=ADVANCED_FACE('',(#447),#4638,.F.);
#4709=ADVANCED_FACE('',(#448),#199,.T.);
#4710=ADVANCED_FACE('',(#449),#4639,.F.);
#4711=ADVANCED_FACE('',(#450),#302,.F.);
#4712=ADVANCED_FACE('',(#451,#182),#200,.T.);
#4713=ADVANCED_FACE('',(#452),#303,.T.);
#4714=ADVANCED_FACE('',(#453),#135,.T.);
#4715=ADVANCED_FACE('',(#454),#304,.T.);
#4716=ADVANCED_FACE('',(#455),#305,.T.);
#4717=ADVANCED_FACE('',(#456),#136,.T.);
#4718=ADVANCED_FACE('',(#457),#306,.T.);
#4719=ADVANCED_FACE('',(#458),#137,.T.);
#4720=ADVANCED_FACE('',(#459),#307,.T.);
#4721=ADVANCED_FACE('',(#460),#201,.T.);
#4722=ADVANCED_FACE('',(#461),#308,.T.);
#4723=ADVANCED_FACE('',(#462),#309,.T.);
#4724=ADVANCED_FACE('',(#463),#202,.T.);
#4725=ADVANCED_FACE('',(#464),#310,.T.);
#4726=ADVANCED_FACE('',(#465),#138,.T.);
#4727=ADVANCED_FACE('',(#466),#311,.T.);
#4728=ADVANCED_FACE('',(#467),#139,.T.);
#4729=ADVANCED_FACE('',(#468),#312,.T.);
#4730=ADVANCED_FACE('',(#469,#183),#203,.T.);
#4731=ADVANCED_FACE('',(#470),#313,.F.);
#4732=ADVANCED_FACE('',(#471),#140,.F.);
#4733=ADVANCED_FACE('',(#472),#314,.F.);
#4734=ADVANCED_FACE('',(#473),#204,.F.);
#4735=ADVANCED_FACE('',(#474),#315,.F.);
#4736=ADVANCED_FACE('',(#475),#141,.F.);
#4737=ADVANCED_FACE('',(#476),#316,.F.);
#4738=ADVANCED_FACE('',(#477),#142,.F.);
#4739=ADVANCED_FACE('',(#478),#317,.F.);
#4740=ADVANCED_FACE('',(#479,#184),#205,.T.);
#4741=ADVANCED_FACE('',(#480),#318,.T.);
#4742=ADVANCED_FACE('',(#481),#143,.T.);
#4743=ADVANCED_FACE('',(#482),#319,.T.);
#4744=ADVANCED_FACE('',(#483),#144,.T.);
#4745=ADVANCED_FACE('',(#484),#320,.T.);
#4746=ADVANCED_FACE('',(#485),#321,.F.);
#4747=ADVANCED_FACE('',(#486),#206,.F.);
#4748=ADVANCED_FACE('',(#487),#207,.F.);
#4749=ADVANCED_FACE('',(#488),#208,.T.);
#4750=ADVANCED_FACE('',(#489),#322,.T.);
#4751=ADVANCED_FACE('',(#490),#209,.T.);
#4752=ADVANCED_FACE('',(#491),#210,.T.);
#4753=ADVANCED_FACE('',(#492),#323,.F.);
#4754=ADVANCED_FACE('',(#493),#211,.T.);
#4755=ADVANCED_FACE('',(#494),#4640,.T.);
#4756=ADVANCED_FACE('',(#495),#109,.F.);
#4757=ADVANCED_FACE('',(#496),#324,.T.);
#4758=ADVANCED_FACE('',(#497),#325,.F.);
#4759=ADVANCED_FACE('',(#498),#110,.T.);
#4760=ADVANCED_FACE('',(#499),#4641,.F.);
#4761=ADVANCED_FACE('',(#500),#212,.T.);
#4762=ADVANCED_FACE('',(#501),#326,.T.);
#4763=ADVANCED_FACE('',(#502),#213,.T.);
#4764=ADVANCED_FACE('',(#503),#214,.T.);
#4765=ADVANCED_FACE('',(#504),#327,.F.);
#4766=ADVANCED_FACE('',(#505),#215,.T.);
#4767=ADVANCED_FACE('',(#506),#4642,.T.);
#4768=ADVANCED_FACE('',(#507),#111,.F.);
#4769=ADVANCED_FACE('',(#508),#328,.T.);
#4770=ADVANCED_FACE('',(#509),#329,.F.);
#4771=ADVANCED_FACE('',(#510),#112,.T.);
#4772=ADVANCED_FACE('',(#511),#4643,.F.);
#4773=ADVANCED_FACE('',(#512),#216,.T.);
#4774=ADVANCED_FACE('',(#513),#217,.T.);
#4775=ADVANCED_FACE('',(#514),#330,.T.);
#4776=ADVANCED_FACE('',(#515),#218,.T.);
#4777=ADVANCED_FACE('',(#516),#219,.T.);
#4778=ADVANCED_FACE('',(#517),#331,.F.);
#4779=ADVANCED_FACE('',(#518),#220,.T.);
#4780=ADVANCED_FACE('',(#519),#221,.T.);
#4781=ADVANCED_FACE('',(#520),#89,.F.);
#4782=ADVANCED_FACE('',(#521),#90,.F.);
#4783=ADVANCED_FACE('',(#522),#222,.F.);
#4784=ADVANCED_FACE('',(#523),#91,.F.);
#4785=ADVANCED_FACE('',(#524),#223,.T.);
#4786=ADVANCED_FACE('',(#525),#224,.F.);
#4787=ADVANCED_FACE('',(#526),#4644,.T.);
#4788=ADVANCED_FACE('',(#527),#332,.F.);
#4789=ADVANCED_FACE('',(#528),#333,.T.);
#4790=ADVANCED_FACE('',(#529),#145,.T.);
#4791=ADVANCED_FACE('',(#530),#334,.T.);
#4792=ADVANCED_FACE('',(#531),#146,.T.);
#4793=ADVANCED_FACE('',(#532),#335,.T.);
#4794=ADVANCED_FACE('',(#533),#147,.T.);
#4795=ADVANCED_FACE('',(#534),#336,.F.);
#4796=ADVANCED_FACE('',(#535),#225,.T.);
#4797=ADVANCED_FACE('',(#536),#337,.F.);
#4798=ADVANCED_FACE('',(#537),#148,.F.);
#4799=ADVANCED_FACE('',(#538),#149,.T.);
#4800=ADVANCED_FACE('',(#539),#338,.T.);
#4801=ADVANCED_FACE('',(#540),#150,.T.);
#4802=ADVANCED_FACE('',(#541),#339,.F.);
#4803=ADVANCED_FACE('',(#542),#226,.F.);
#4804=ADVANCED_FACE('',(#543),#340,.F.);
#4805=ADVANCED_FACE('',(#544),#151,.F.);
#4806=ADVANCED_FACE('',(#545),#341,.F.);
#4807=ADVANCED_FACE('',(#546),#152,.F.);
#4808=ADVANCED_FACE('',(#547),#342,.T.);
#4809=ADVANCED_FACE('',(#548),#153,.T.);
#4810=ADVANCED_FACE('',(#549),#4645,.T.);
#4811=ADVANCED_FACE('',(#550,#185),#227,.F.);
#4812=ADVANCED_FACE('',(#551),#343,.T.);
#4813=ADVANCED_FACE('',(#552),#228,.F.);
#4814=ADVANCED_FACE('',(#553),#344,.T.);
#4815=ADVANCED_FACE('',(#554),#154,.T.);
#4816=ADVANCED_FACE('',(#555),#4646,.T.);
#4817=ADVANCED_FACE('',(#556),#92,.T.);
#4818=ADVANCED_FACE('',(#557),#93,.T.);
#4819=ADVANCED_FACE('',(#558),#229,.T.);
#4820=ADVANCED_FACE('',(#559),#94,.T.);
#4821=ADVANCED_FACE('',(#560),#230,.F.);
#4822=ADVANCED_FACE('',(#561),#231,.T.);
#4823=ADVANCED_FACE('',(#562),#4647,.T.);
#4824=ADVANCED_FACE('',(#563),#345,.F.);
#4825=ADVANCED_FACE('',(#564),#346,.T.);
#4826=ADVANCED_FACE('',(#565),#347,.T.);
#4827=ADVANCED_FACE('',(#566),#155,.T.);
#4828=ADVANCED_FACE('',(#567),#348,.T.);
#4829=ADVANCED_FACE('',(#568),#156,.T.);
#4830=ADVANCED_FACE('',(#569),#349,.T.);
#4831=ADVANCED_FACE('',(#570),#157,.T.);
#4832=ADVANCED_FACE('',(#571),#350,.T.);
#4833=ADVANCED_FACE('',(#572),#232,.F.);
#4834=ADVANCED_FACE('',(#573),#351,.F.);
#4835=ADVANCED_FACE('',(#574),#233,.F.);
#4836=ADVANCED_FACE('',(#575,#186),#234,.T.);
#4837=ADVANCED_FACE('',(#576),#352,.F.);
#4838=ADVANCED_FACE('',(#577),#158,.F.);
#4839=ADVANCED_FACE('',(#578),#353,.F.);
#4840=ADVANCED_FACE('',(#579),#235,.F.);
#4841=ADVANCED_FACE('',(#580),#354,.T.);
#4842=ADVANCED_FACE('',(#581),#159,.T.);
#4843=ADVANCED_FACE('',(#582),#355,.T.);
#4844=ADVANCED_FACE('',(#583),#160,.T.);
#4845=ADVANCED_FACE('',(#584),#356,.T.);
#4846=ADVANCED_FACE('',(#585),#236,.T.);
#4847=ADVANCED_FACE('',(#586),#357,.F.);
#4848=ADVANCED_FACE('',(#587),#237,.T.);
#4849=ADVANCED_FACE('',(#588),#358,.F.);
#4850=ADVANCED_FACE('',(#589),#238,.T.);
#4851=ADVANCED_FACE('',(#590),#359,.F.);
#4852=ADVANCED_FACE('',(#591),#161,.F.);
#4853=ADVANCED_FACE('',(#592),#360,.F.);
#4854=ADVANCED_FACE('',(#593),#162,.F.);
#4855=ADVANCED_FACE('',(#594),#361,.F.);
#4856=ADVANCED_FACE('',(#595),#239,.T.);
#4857=ADVANCED_FACE('',(#596),#240,.T.);
#4858=ADVANCED_FACE('',(#597),#362,.T.);
#4859=ADVANCED_FACE('',(#598),#241,.T.);
#4860=ADVANCED_FACE('',(#599),#363,.T.);
#4861=ADVANCED_FACE('',(#600),#163,.T.);
#4862=ADVANCED_FACE('',(#601),#4648,.T.);
#4863=ADVANCED_FACE('',(#602,#187),#242,.T.);
#4864=ADVANCED_FACE('',(#603),#364,.T.);
#4865=ADVANCED_FACE('',(#604),#243,.T.);
#4866=ADVANCED_FACE('',(#605),#365,.T.);
#4867=ADVANCED_FACE('',(#606),#164,.T.);
#4868=ADVANCED_FACE('',(#607),#4649,.T.);
#4869=ADVANCED_FACE('',(#608),#244,.T.);
#4870=ADVANCED_FACE('',(#609),#245,.T.);
#4871=ADVANCED_FACE('',(#610),#366,.T.);
#4872=ADVANCED_FACE('',(#611),#246,.T.);
#4873=ADVANCED_FACE('',(#612),#165,.T.);
#4874=ADVANCED_FACE('',(#613),#367,.T.);
#4875=ADVANCED_FACE('',(#614),#368,.T.);
#4876=ADVANCED_FACE('',(#615),#166,.T.);
#4877=ADVANCED_FACE('',(#616),#167,.T.);
#4878=ADVANCED_FACE('',(#617),#369,.T.);
#4879=ADVANCED_FACE('',(#618,#188,#189),#247,.T.);
#4880=ADVANCED_FACE('',(#619),#95,.F.);
#4881=ADVANCED_FACE('',(#620),#370,.T.);
#4882=ADVANCED_FACE('',(#621),#371,.T.);
#4883=ADVANCED_FACE('',(#622),#168,.T.);
#4884=ADVANCED_FACE('',(#623),#169,.T.);
#4885=ADVANCED_FACE('',(#624),#372,.T.);
#4886=ADVANCED_FACE('',(#625),#170,.T.);
#4887=ADVANCED_FACE('',(#626),#373,.T.);
#4888=ADVANCED_FACE('',(#627),#248,.F.);
#4889=ADVANCED_FACE('',(#628),#249,.F.);
#4890=ADVANCED_FACE('',(#629),#250,.F.);
#4891=ADVANCED_FACE('',(#630),#96,.F.);
#4892=ADVANCED_FACE('',(#631),#374,.T.);
#4893=ADVANCED_FACE('',(#632),#251,.F.);
#4894=ADVANCED_FACE('',(#633),#4650,.F.);
#4895=ADVANCED_FACE('',(#634),#252,.F.);
#4896=ADVANCED_FACE('',(#635),#375,.F.);
#4897=ADVANCED_FACE('',(#636),#253,.F.);
#4898=ADVANCED_FACE('',(#637),#376,.T.);
#4899=ADVANCED_FACE('',(#638),#171,.F.);
#4900=ADVANCED_FACE('',(#639),#377,.T.);
#4901=ADVANCED_FACE('',(#640),#172,.F.);
#4902=ADVANCED_FACE('',(#641),#378,.T.);
#4903=ADVANCED_FACE('',(#642),#254,.F.);
#4904=ADVANCED_FACE('',(#643),#4651,.T.);
#4905=ADVANCED_FACE('',(#644),#255,.T.);
#4906=ADVANCED_FACE('',(#645),#256,.F.);
#4907=ADVANCED_FACE('',(#646),#4652,.T.);
#4908=ADVANCED_FACE('',(#647),#257,.F.);
#4909=ADVANCED_FACE('',(#648),#379,.T.);
#4910=ADVANCED_FACE('',(#649),#258,.F.);
#4911=ADVANCED_FACE('',(#650),#4653,.T.);
#4912=ADVANCED_FACE('',(#651),#380,.T.);
#4913=ADVANCED_FACE('',(#652),#259,.F.);
#4914=ADVANCED_FACE('',(#653),#4654,.T.);
#4915=ADVANCED_FACE('',(#654),#260,.F.);
#4916=ADVANCED_FACE('',(#655),#261,.F.);
#4917=ADVANCED_FACE('',(#656),#262,.T.);
#4918=ADVANCED_FACE('',(#657),#173,.T.);
#4919=ADVANCED_FACE('',(#658),#381,.T.);
#4920=ADVANCED_FACE('',(#659),#263,.T.);
#4921=ADVANCED_FACE('',(#660),#382,.T.);
#4922=ADVANCED_FACE('',(#661),#174,.T.);
#4923=ADVANCED_FACE('',(#662),#383,.T.);
#4924=ADVANCED_FACE('',(#663),#264,.T.);
#4925=ADVANCED_FACE('',(#664),#384,.T.);
#4926=ADVANCED_FACE('',(#665),#175,.T.);
#4927=ADVANCED_FACE('',(#666),#385,.T.);
#4928=ADVANCED_FACE('',(#667,#190,#191),#265,.F.);
#4929=ADVANCED_FACE('',(#668),#266,.T.);
#4930=ADVANCED_FACE('',(#669),#97,.T.);
#4931=ADVANCED_FACE('',(#670),#386,.T.);
#4932=ADVANCED_FACE('',(#671),#387,.T.);
#4933=ADVANCED_FACE('',(#672),#176,.T.);
#4934=ADVANCED_FACE('',(#673),#177,.T.);
#4935=ADVANCED_FACE('',(#674),#388,.T.);
#4936=ADVANCED_FACE('',(#675),#389,.T.);
#4937=ADVANCED_FACE('',(#676),#178,.T.);
#4938=ADVANCED_FACE('',(#677),#390,.T.);
#4939=ADVANCED_FACE('',(#678),#391,.T.);
#4940=ADVANCED_FACE('',(#679),#267,.T.);
#4941=ADVANCED_FACE('',(#680),#268,.T.);
#4942=ADVANCED_FACE('',(#681),#269,.T.);
#4943=ADVANCED_FACE('',(#682),#98,.T.);
#4944=ADVANCED_FACE('',(#683),#392,.T.);
#4945=ADVANCED_FACE('',(#684),#270,.T.);
#4946=ADVANCED_FACE('',(#685),#4655,.F.);
#4947=ADVANCED_FACE('',(#686),#271,.T.);
#4948=ADVANCED_FACE('',(#687),#393,.F.);
#4949=ADVANCED_FACE('',(#688),#272,.T.);
#4950=ADVANCED_FACE('',(#689),#394,.T.);
#4951=ADVANCED_FACE('',(#690),#273,.T.);
#4952=ADVANCED_FACE('',(#691),#179,.F.);
#4953=ADVANCED_FACE('',(#692),#395,.T.);
#4954=ADVANCED_FACE('',(#693),#180,.F.);
#4955=ADVANCED_FACE('',(#694),#396,.T.);
#4956=ADVANCED_FACE('',(#695),#274,.T.);
#4957=ADVANCED_FACE('',(#696),#4656,.T.);
#4958=ADVANCED_FACE('',(#697),#275,.F.);
#4959=ADVANCED_FACE('',(#698),#276,.T.);
#4960=ADVANCED_FACE('',(#699),#4657,.T.);
#4961=ADVANCED_FACE('',(#700),#277,.T.);
#4962=ADVANCED_FACE('',(#701),#397,.T.);
#4963=ADVANCED_FACE('',(#702),#278,.T.);
#4964=ADVANCED_FACE('',(#703),#4658,.T.);
#4965=ADVANCED_FACE('',(#704),#398,.T.);
#4966=ADVANCED_FACE('',(#705),#279,.T.);
#4967=ADVANCED_FACE('',(#706),#4659,.T.);
#4968=ADVANCED_FACE('',(#707),#280,.T.);
#4969=ADVANCED_FACE('',(#708),#281,.T.);
#4970=ADVANCED_FACE('',(#709),#282,.F.);
#4971=CLOSED_SHELL('',(#4660,#4661,#4662,#4663,#4664,#4665,#4666,#4667,
#4668,#4669,#4670,#4671,#4672,#4673,#4674,#4675,#4676,#4677,#4678,#4679,
#4680,#4681,#4682,#4683,#4684,#4685,#4686,#4687,#4688,#4689,#4690,#4691,
#4692,#4693,#4694,#4695,#4696,#4697,#4698,#4699,#4700,#4701,#4702,#4703,
#4704,#4705,#4706,#4707,#4708,#4709,#4710,#4711,#4712,#4713,#4714,#4715,
#4716,#4717,#4718,#4719,#4720,#4721,#4722,#4723,#4724,#4725,#4726,#4727,
#4728,#4729,#4730,#4731,#4732,#4733,#4734,#4735,#4736,#4737,#4738,#4739,
#4740,#4741,#4742,#4743,#4744,#4745,#4746,#4747,#4748,#4749,#4750,#4751,
#4752,#4753,#4754,#4755,#4756,#4757,#4758,#4759,#4760,#4761,#4762,#4763,
#4764,#4765,#4766,#4767,#4768,#4769,#4770,#4771,#4772,#4773,#4774,#4775,
#4776,#4777,#4778,#4779,#4780));
#4972=CLOSED_SHELL('',(#4781,#4782,#4783,#4784,#4785,#4786,#4787,#4788,
#4789,#4790,#4791,#4792,#4793,#4794,#4795,#4796,#4797,#4798,#4799,#4800,
#4801,#4802,#4803,#4804,#4805,#4806,#4807,#4808,#4809,#4810,#4811,#4812,
#4813,#4814,#4815,#4816,#4817,#4818,#4819,#4820,#4821,#4822,#4823,#4824,
#4825,#4826,#4827,#4828,#4829,#4830,#4831,#4832,#4833,#4834,#4835,#4836,
#4837,#4838,#4839,#4840,#4841,#4842,#4843,#4844,#4845,#4846,#4847,#4848,
#4849,#4850,#4851,#4852,#4853,#4854,#4855,#4856,#4857,#4858,#4859,#4860,
#4861,#4862,#4863,#4864,#4865,#4866,#4867,#4868,#4869,#4870,#4871,#4872));
#4973=CLOSED_SHELL('',(#4873,#4874,#4875,#4876,#4877,#4878,#4879,#4880,
#4881,#4882,#4883,#4884,#4885,#4886,#4887,#4888,#4889,#4890,#4891,#4892,
#4893,#4894,#4895,#4896,#4897,#4898,#4899,#4900,#4901,#4902,#4903,#4904,
#4905,#4906,#4907,#4908,#4909,#4910,#4911,#4912,#4913,#4914,#4915,#4916,
#4917,#4918,#4919,#4920,#4921,#4922,#4923,#4924,#4925,#4926,#4927,#4928,
#4929,#4930,#4931,#4932,#4933,#4934,#4935,#4936,#4937,#4938,#4939,#4940,
#4941,#4942,#4943,#4944,#4945,#4946,#4947,#4948,#4949,#4950,#4951,#4952,
#4953,#4954,#4955,#4956,#4957,#4958,#4959,#4960,#4961,#4962,#4963,#4964,
#4965,#4966,#4967,#4968,#4969,#4970));
#4974=DERIVED_UNIT_ELEMENT(#4976,1.);
#4975=DERIVED_UNIT_ELEMENT(#9255,-3.);
#4976=(
MASS_UNIT()
NAMED_UNIT(*)
SI_UNIT(.KILO.,.GRAM.)
);
#4977=DERIVED_UNIT((#4974,#4975));
#4978=MEASURE_REPRESENTATION_ITEM('density measure',
POSITIVE_RATIO_MEASURE(7850.),#4977);
#4979=PROPERTY_DEFINITION_REPRESENTATION(#4984,#4981);
#4980=PROPERTY_DEFINITION_REPRESENTATION(#4985,#4982);
#4981=REPRESENTATION('material name',(#4983),#9252);
#4982=REPRESENTATION('density',(#4978),#9252);
#4983=DESCRIPTIVE_REPRESENTATION_ITEM('Steel','Steel');
#4984=PROPERTY_DEFINITION('material property','material name',#9262);
#4985=PROPERTY_DEFINITION('material property','density of part',#9262);
#4986=AXIS2_PLACEMENT_3D('',#7170,#5604,#5605);
#4987=AXIS2_PLACEMENT_3D('',#7171,#5606,#5607);
#4988=AXIS2_PLACEMENT_3D('',#7173,#5608,#5609);
#4989=AXIS2_PLACEMENT_3D('',#7176,#5611,#5612);
#4990=AXIS2_PLACEMENT_3D('',#7177,#5613,#5614);
#4991=AXIS2_PLACEMENT_3D('',#7179,#5615,#5616);
#4992=AXIS2_PLACEMENT_3D('',#7181,#5618,#5619);
#4993=AXIS2_PLACEMENT_3D('',#7184,#5621,#5622);
#4994=AXIS2_PLACEMENT_3D('',#7185,#5623,#5624);
#4995=AXIS2_PLACEMENT_3D('',#7186,#5625,#5626);
#4996=AXIS2_PLACEMENT_3D('',#7188,#5627,#5628);
#4997=AXIS2_PLACEMENT_3D('',#7191,#5630,#5631);
#4998=AXIS2_PLACEMENT_3D('',#7192,#5632,#5633);
#4999=AXIS2_PLACEMENT_3D('',#7194,#5635,#5636);
#5000=AXIS2_PLACEMENT_3D('',#7203,#5641,#5642);
#5001=AXIS2_PLACEMENT_3D('',#7206,#5643,#5644);
#5002=AXIS2_PLACEMENT_3D('',#7208,#5645,#5646);
#5003=AXIS2_PLACEMENT_3D('',#7210,#5647,#5648);
#5004=AXIS2_PLACEMENT_3D('',#7211,#5649,#5650);
#5005=AXIS2_PLACEMENT_3D('',#7212,#5651,#5652);
#5006=AXIS2_PLACEMENT_3D('',#7216,#5654,#5655);
#5007=AXIS2_PLACEMENT_3D('',#7218,#5657,#5658);
#5008=AXIS2_PLACEMENT_3D('',#7220,#5659,#5660);
#5009=AXIS2_PLACEMENT_3D('',#7222,#5661,#5662);
#5010=AXIS2_PLACEMENT_3D('',#7224,#5663,#5664);
#5011=AXIS2_PLACEMENT_3D('',#7225,#5665,#5666);
#5012=AXIS2_PLACEMENT_3D('',#7226,#5667,#5668);
#5013=AXIS2_PLACEMENT_3D('',#7228,#5669,#5670);
#5014=AXIS2_PLACEMENT_3D('',#7230,#5672,#5673);
#5015=AXIS2_PLACEMENT_3D('',#7233,#5674,#5675);
#5016=AXIS2_PLACEMENT_3D('',#7234,#5676,#5677);
#5017=AXIS2_PLACEMENT_3D('',#7235,#5678,#5679);
#5018=AXIS2_PLACEMENT_3D('',#7236,#5680,#5681);
#5019=AXIS2_PLACEMENT_3D('',#7239,#5684,#5685);
#5020=AXIS2_PLACEMENT_3D('',#7242,#5687,#5688);
#5021=AXIS2_PLACEMENT_3D('',#7243,#5689,#5690);
#5022=AXIS2_PLACEMENT_3D('',#7245,#5691,#5692);
#5023=AXIS2_PLACEMENT_3D('',#7247,#5694,#5695);
#5024=AXIS2_PLACEMENT_3D('',#7250,#5696,#5697);
#5025=AXIS2_PLACEMENT_3D('',#7252,#5698,#5699);
#5026=AXIS2_PLACEMENT_3D('',#7254,#5700,#5701);
#5027=AXIS2_PLACEMENT_3D('',#7255,#5702,#5703);
#5028=AXIS2_PLACEMENT_3D('',#7256,#5704,#5705);
#5029=AXIS2_PLACEMENT_3D('',#7259,#5706,#5707);
#5030=AXIS2_PLACEMENT_3D('',#7262,#5710,#5711);
#5031=AXIS2_PLACEMENT_3D('',#7265,#5712,#5713);
#5032=AXIS2_PLACEMENT_3D('',#7266,#5714,#5715);
#5033=AXIS2_PLACEMENT_3D('',#7267,#5716,#5717);
#5034=AXIS2_PLACEMENT_3D('',#7268,#5718,#5719);
#5035=AXIS2_PLACEMENT_3D('',#7271,#5720,#5721);
#5036=AXIS2_PLACEMENT_3D('',#7273,#5722,#5723);
#5037=AXIS2_PLACEMENT_3D('',#7275,#5724,#5725);
#5038=AXIS2_PLACEMENT_3D('',#7276,#5726,#5727);
#5039=AXIS2_PLACEMENT_3D('',#7277,#5728,#5729);
#5040=AXIS2_PLACEMENT_3D('',#7280,#5730,#5731);
#5041=AXIS2_PLACEMENT_3D('',#7283,#5734,#5735);
#5042=AXIS2_PLACEMENT_3D('',#7286,#5736,#5737);
#5043=AXIS2_PLACEMENT_3D('',#7288,#5738,#5739);
#5044=AXIS2_PLACEMENT_3D('',#7290,#5740,#5741);
#5045=AXIS2_PLACEMENT_3D('',#7291,#5742,#5743);
#5046=AXIS2_PLACEMENT_3D('',#7292,#5744,#5745);
#5047=AXIS2_PLACEMENT_3D('',#7295,#5746,#5747);
#5048=AXIS2_PLACEMENT_3D('',#7298,#5750,#5751);
#5049=AXIS2_PLACEMENT_3D('',#7301,#5752,#5753);
#5050=AXIS2_PLACEMENT_3D('',#7302,#5754,#5755);
#5051=AXIS2_PLACEMENT_3D('',#7303,#5756,#5757);
#5052=AXIS2_PLACEMENT_3D('',#7304,#5758,#5759);
#5053=AXIS2_PLACEMENT_3D('',#7307,#5760,#5761);
#5054=AXIS2_PLACEMENT_3D('',#7309,#5762,#5763);
#5055=AXIS2_PLACEMENT_3D('',#7311,#5764,#5765);
#5056=AXIS2_PLACEMENT_3D('',#7312,#5766,#5767);
#5057=AXIS2_PLACEMENT_3D('',#7313,#5768,#5769);
#5058=AXIS2_PLACEMENT_3D('',#7316,#5770,#5771);
#5059=AXIS2_PLACEMENT_3D('',#7319,#5774,#5775);
#5060=AXIS2_PLACEMENT_3D('',#7322,#5776,#5777);
#5061=AXIS2_PLACEMENT_3D('',#7323,#5778,#5779);
#5062=AXIS2_PLACEMENT_3D('',#7324,#5780,#5781);
#5063=AXIS2_PLACEMENT_3D('',#7325,#5782,#5783);
#5064=AXIS2_PLACEMENT_3D('',#7328,#5786,#5787);
#5065=AXIS2_PLACEMENT_3D('',#7330,#5789,#5790);
#5066=AXIS2_PLACEMENT_3D('',#7335,#5792,#5793);
#5067=AXIS2_PLACEMENT_3D('',#7338,#5795,#5796);
#5068=AXIS2_PLACEMENT_3D('',#7348,#5797,#5798);
#5069=AXIS2_PLACEMENT_3D('',#7349,#5799,#5800);
#5070=AXIS2_PLACEMENT_3D('',#7350,#5801,#5802);
#5071=AXIS2_PLACEMENT_3D('',#7353,#5805,#5806);
#5072=AXIS2_PLACEMENT_3D('',#7357,#5808,#5809);
#5073=AXIS2_PLACEMENT_3D('',#7369,#5811,#5812);
#5074=AXIS2_PLACEMENT_3D('',#7371,#5813,#5814);
#5075=AXIS2_PLACEMENT_3D('',#7372,#5815,#5816);
#5076=AXIS2_PLACEMENT_3D('',#7373,#5817,#5818);
#5077=AXIS2_PLACEMENT_3D('',#7377,#5820,#5821);
#5078=AXIS2_PLACEMENT_3D('',#7379,#5823,#5824);
#5079=AXIS2_PLACEMENT_3D('',#7385,#5828,#5829);
#5080=AXIS2_PLACEMENT_3D('',#7386,#5830,#5831);
#5081=AXIS2_PLACEMENT_3D('',#7387,#5832,#5833);
#5082=AXIS2_PLACEMENT_3D('',#7389,#5835,#5836);
#5083=AXIS2_PLACEMENT_3D('',#7393,#5839,#5840);
#5084=AXIS2_PLACEMENT_3D('',#7395,#5841,#5842);
#5085=AXIS2_PLACEMENT_3D('',#7397,#5844,#5845);
#5086=AXIS2_PLACEMENT_3D('',#7401,#5848,#5849);
#5087=AXIS2_PLACEMENT_3D('',#7405,#5851,#5852);
#5088=AXIS2_PLACEMENT_3D('',#7406,#5853,#5854);
#5089=AXIS2_PLACEMENT_3D('',#7416,#5855,#5856);
#5090=AXIS2_PLACEMENT_3D('',#7417,#5857,#5858);
#5091=AXIS2_PLACEMENT_3D('',#7419,#5860,#5861);
#5092=AXIS2_PLACEMENT_3D('',#7422,#5863,#5864);
#5093=AXIS2_PLACEMENT_3D('',#7433,#5865,#5866);
#5094=AXIS2_PLACEMENT_3D('',#7434,#5867,#5868);
#5095=AXIS2_PLACEMENT_3D('',#7435,#5869,#5870);
#5096=AXIS2_PLACEMENT_3D('',#7438,#5872,#5873);
#5097=AXIS2_PLACEMENT_3D('',#7439,#5874,#5875);
#5098=AXIS2_PLACEMENT_3D('',#7441,#5876,#5877);
#5099=AXIS2_PLACEMENT_3D('',#7444,#5879,#5880);
#5100=AXIS2_PLACEMENT_3D('',#7445,#5881,#5882);
#5101=AXIS2_PLACEMENT_3D('',#7447,#5883,#5884);
#5102=AXIS2_PLACEMENT_3D('',#7449,#5886,#5887);
#5103=AXIS2_PLACEMENT_3D('',#7452,#5889,#5890);
#5104=AXIS2_PLACEMENT_3D('',#7453,#5891,#5892);
#5105=AXIS2_PLACEMENT_3D('',#7454,#5893,#5894);
#5106=AXIS2_PLACEMENT_3D('',#7456,#5895,#5896);
#5107=AXIS2_PLACEMENT_3D('',#7459,#5898,#5899);
#5108=AXIS2_PLACEMENT_3D('',#7460,#5900,#5901);
#5109=AXIS2_PLACEMENT_3D('',#7462,#5903,#5904);
#5110=AXIS2_PLACEMENT_3D('',#7471,#5909,#5910);
#5111=AXIS2_PLACEMENT_3D('',#7475,#5912,#5913);
#5112=AXIS2_PLACEMENT_3D('',#7477,#5915,#5916);
#5113=AXIS2_PLACEMENT_3D('',#7480,#5917,#5918);
#5114=AXIS2_PLACEMENT_3D('',#7481,#5919,#5920);
#5115=AXIS2_PLACEMENT_3D('',#7482,#5921,#5922);
#5116=AXIS2_PLACEMENT_3D('',#7483,#5923,#5924);
#5117=AXIS2_PLACEMENT_3D('',#7488,#5927,#5928);
#5118=AXIS2_PLACEMENT_3D('',#7489,#5929,#5930);
#5119=AXIS2_PLACEMENT_3D('',#7493,#5932,#5933);
#5120=AXIS2_PLACEMENT_3D('',#7495,#5935,#5936);
#5121=AXIS2_PLACEMENT_3D('',#7497,#5937,#5938);
#5122=AXIS2_PLACEMENT_3D('',#7498,#5939,#5940);
#5123=AXIS2_PLACEMENT_3D('',#7499,#5941,#5942);
#5124=AXIS2_PLACEMENT_3D('',#7500,#5943,#5944);
#5125=AXIS2_PLACEMENT_3D('',#7502,#5945,#5946);
#5126=AXIS2_PLACEMENT_3D('',#7504,#5948,#5949);
#5127=AXIS2_PLACEMENT_3D('',#7507,#5950,#5951);
#5128=AXIS2_PLACEMENT_3D('',#7508,#5952,#5953);
#5129=AXIS2_PLACEMENT_3D('',#7509,#5954,#5955);
#5130=AXIS2_PLACEMENT_3D('',#7510,#5956,#5957);
#5131=AXIS2_PLACEMENT_3D('',#7513,#5960,#5961);
#5132=AXIS2_PLACEMENT_3D('',#7517,#5964,#5965);
#5133=AXIS2_PLACEMENT_3D('',#7518,#5966,#5967);
#5134=AXIS2_PLACEMENT_3D('',#7519,#5968,#5969);
#5135=AXIS2_PLACEMENT_3D('',#7522,#5971,#5972);
#5136=AXIS2_PLACEMENT_3D('',#7523,#5973,#5974);
#5137=AXIS2_PLACEMENT_3D('',#7525,#5976,#5977);
#5138=AXIS2_PLACEMENT_3D('',#7529,#5979,#5980);
#5139=AXIS2_PLACEMENT_3D('',#7531,#5982,#5983);
#5140=AXIS2_PLACEMENT_3D('',#7534,#5984,#5985);
#5141=AXIS2_PLACEMENT_3D('',#7535,#5986,#5987);
#5142=AXIS2_PLACEMENT_3D('',#7536,#5988,#5989);
#5143=AXIS2_PLACEMENT_3D('',#7537,#5990,#5991);
#5144=AXIS2_PLACEMENT_3D('',#7540,#5992,#5993);
#5145=AXIS2_PLACEMENT_3D('',#7543,#5996,#5997);
#5146=AXIS2_PLACEMENT_3D('',#7546,#5998,#5999);
#5147=AXIS2_PLACEMENT_3D('',#7547,#6000,#6001);
#5148=AXIS2_PLACEMENT_3D('',#7548,#6002,#6003);
#5149=AXIS2_PLACEMENT_3D('',#7549,#6004,#6005);
#5150=AXIS2_PLACEMENT_3D('',#7552,#6008,#6009);
#5151=AXIS2_PLACEMENT_3D('',#7558,#6012,#6013);
#5152=AXIS2_PLACEMENT_3D('',#7561,#6015,#6016);
#5153=AXIS2_PLACEMENT_3D('',#7562,#6017,#6018);
#5154=AXIS2_PLACEMENT_3D('',#7565,#6019,#6020);
#5155=AXIS2_PLACEMENT_3D('',#7568,#6023,#6024);
#5156=AXIS2_PLACEMENT_3D('',#7571,#6025,#6026);
#5157=AXIS2_PLACEMENT_3D('',#7572,#6027,#6028);
#5158=AXIS2_PLACEMENT_3D('',#7573,#6029,#6030);
#5159=AXIS2_PLACEMENT_3D('',#7574,#6031,#6032);
#5160=AXIS2_PLACEMENT_3D('',#7577,#6033,#6034);
#5161=AXIS2_PLACEMENT_3D('',#7580,#6037,#6038);
#5162=AXIS2_PLACEMENT_3D('',#7582,#6040,#6041);
#5163=AXIS2_PLACEMENT_3D('',#7585,#6042,#6043);
#5164=AXIS2_PLACEMENT_3D('',#7588,#6046,#6047);
#5165=AXIS2_PLACEMENT_3D('',#7591,#6048,#6049);
#5166=AXIS2_PLACEMENT_3D('',#7592,#6050,#6051);
#5167=AXIS2_PLACEMENT_3D('',#7593,#6052,#6053);
#5168=AXIS2_PLACEMENT_3D('',#7594,#6054,#6055);
#5169=AXIS2_PLACEMENT_3D('',#7597,#6056,#6057);
#5170=AXIS2_PLACEMENT_3D('',#7600,#6060,#6061);
#5171=AXIS2_PLACEMENT_3D('',#7603,#6062,#6063);
#5172=AXIS2_PLACEMENT_3D('',#7604,#6064,#6065);
#5173=AXIS2_PLACEMENT_3D('',#7605,#6066,#6067);
#5174=AXIS2_PLACEMENT_3D('',#7606,#6068,#6069);
#5175=AXIS2_PLACEMENT_3D('',#7609,#6072,#6073);
#5176=AXIS2_PLACEMENT_3D('',#7611,#6075,#6076);
#5177=AXIS2_PLACEMENT_3D('',#7614,#6078,#6079);
#5178=AXIS2_PLACEMENT_3D('',#7615,#6080,#6081);
#5179=AXIS2_PLACEMENT_3D('',#7617,#6082,#6083);
#5180=AXIS2_PLACEMENT_3D('',#7618,#6084,#6085);
#5181=AXIS2_PLACEMENT_3D('',#7619,#6086,#6087);
#5182=AXIS2_PLACEMENT_3D('',#7621,#6088,#6089);
#5183=AXIS2_PLACEMENT_3D('',#7623,#6091,#6092);
#5184=AXIS2_PLACEMENT_3D('',#7625,#6093,#6094);
#5185=AXIS2_PLACEMENT_3D('',#7626,#6095,#6096);
#5186=AXIS2_PLACEMENT_3D('',#7627,#6097,#6098);
#5187=AXIS2_PLACEMENT_3D('',#7629,#6100,#6101);
#5188=AXIS2_PLACEMENT_3D('',#7632,#6104,#6105);
#5189=AXIS2_PLACEMENT_3D('',#7633,#6106,#6107);
#5190=AXIS2_PLACEMENT_3D('',#7634,#6108,#6109);
#5191=AXIS2_PLACEMENT_3D('',#7640,#6113,#6114);
#5192=AXIS2_PLACEMENT_3D('',#7641,#6115,#6116);
#5193=AXIS2_PLACEMENT_3D('',#7642,#6117,#6118);
#5194=AXIS2_PLACEMENT_3D('',#7644,#6120,#6121);
#5195=AXIS2_PLACEMENT_3D('',#7648,#6124,#6125);
#5196=AXIS2_PLACEMENT_3D('',#7650,#6126,#6127);
#5197=AXIS2_PLACEMENT_3D('',#7652,#6129,#6130);
#5198=AXIS2_PLACEMENT_3D('',#7656,#6133,#6134);
#5199=AXIS2_PLACEMENT_3D('',#7660,#6136,#6137);
#5200=AXIS2_PLACEMENT_3D('',#7661,#6138,#6139);
#5201=AXIS2_PLACEMENT_3D('',#7671,#6140,#6141);
#5202=AXIS2_PLACEMENT_3D('',#7672,#6142,#6143);
#5203=AXIS2_PLACEMENT_3D('',#7674,#6145,#6146);
#5204=AXIS2_PLACEMENT_3D('',#7676,#6147,#6148);
#5205=AXIS2_PLACEMENT_3D('',#7688,#6150,#6151);
#5206=AXIS2_PLACEMENT_3D('',#7689,#6152,#6153);
#5207=AXIS2_PLACEMENT_3D('',#7690,#6154,#6155);
#5208=AXIS2_PLACEMENT_3D('',#7693,#6157,#6158);
#5209=AXIS2_PLACEMENT_3D('',#7694,#6159,#6160);
#5210=AXIS2_PLACEMENT_3D('',#7700,#6164,#6165);
#5211=AXIS2_PLACEMENT_3D('',#7701,#6166,#6167);
#5212=AXIS2_PLACEMENT_3D('',#7702,#6168,#6169);
#5213=AXIS2_PLACEMENT_3D('',#7704,#6171,#6172);
#5214=AXIS2_PLACEMENT_3D('',#7708,#6175,#6176);
#5215=AXIS2_PLACEMENT_3D('',#7710,#6177,#6178);
#5216=AXIS2_PLACEMENT_3D('',#7712,#6180,#6181);
#5217=AXIS2_PLACEMENT_3D('',#7716,#6184,#6185);
#5218=AXIS2_PLACEMENT_3D('',#7720,#6187,#6188);
#5219=AXIS2_PLACEMENT_3D('',#7721,#6189,#6190);
#5220=AXIS2_PLACEMENT_3D('',#7731,#6191,#6192);
#5221=AXIS2_PLACEMENT_3D('',#7732,#6193,#6194);
#5222=AXIS2_PLACEMENT_3D('',#7734,#6196,#6197);
#5223=AXIS2_PLACEMENT_3D('',#7736,#6198,#6199);
#5224=AXIS2_PLACEMENT_3D('',#7748,#6201,#6202);
#5225=AXIS2_PLACEMENT_3D('',#7749,#6203,#6204);
#5226=AXIS2_PLACEMENT_3D('',#7750,#6205,#6206);
#5227=AXIS2_PLACEMENT_3D('',#7753,#6208,#6209);
#5228=AXIS2_PLACEMENT_3D('',#7754,#6210,#6211);
#5229=AXIS2_PLACEMENT_3D('',#7756,#6213,#6214);
#5230=AXIS2_PLACEMENT_3D('',#7759,#6217,#6218);
#5231=AXIS2_PLACEMENT_3D('',#7760,#6219,#6220);
#5232=AXIS2_PLACEMENT_3D('',#7761,#6221,#6222);
#5233=AXIS2_PLACEMENT_3D('',#7763,#6224,#6225);
#5234=AXIS2_PLACEMENT_3D('',#7765,#6227,#6228);
#5235=AXIS2_PLACEMENT_3D('',#7766,#6229,#6230);
#5236=AXIS2_PLACEMENT_3D('',#7843,#6231,#6232);
#5237=AXIS2_PLACEMENT_3D('',#7886,#6234,#6235);
#5238=AXIS2_PLACEMENT_3D('',#7888,#6236,#6237);
#5239=AXIS2_PLACEMENT_3D('',#7891,#6239,#6240);
#5240=AXIS2_PLACEMENT_3D('',#7892,#6241,#6242);
#5241=AXIS2_PLACEMENT_3D('',#7898,#6243,#6244);
#5242=AXIS2_PLACEMENT_3D('',#7900,#6246,#6247);
#5243=AXIS2_PLACEMENT_3D('',#7901,#6248,#6249);
#5244=AXIS2_PLACEMENT_3D('',#7902,#6250,#6251);
#5245=AXIS2_PLACEMENT_3D('',#7903,#6252,#6253);
#5246=AXIS2_PLACEMENT_3D('',#7904,#6254,#6255);
#5247=AXIS2_PLACEMENT_3D('',#7909,#6257,#6258);
#5248=AXIS2_PLACEMENT_3D('',#7912,#6260,#6261);
#5249=AXIS2_PLACEMENT_3D('',#7913,#6262,#6263);
#5250=AXIS2_PLACEMENT_3D('',#7916,#6264,#6265);
#5251=AXIS2_PLACEMENT_3D('',#7918,#6266,#6267);
#5252=AXIS2_PLACEMENT_3D('',#7920,#6268,#6269);
#5253=AXIS2_PLACEMENT_3D('',#7921,#6270,#6271);
#5254=AXIS2_PLACEMENT_3D('',#7922,#6272,#6273);
#5255=AXIS2_PLACEMENT_3D('',#7925,#6274,#6275);
#5256=AXIS2_PLACEMENT_3D('',#7928,#6278,#6279);
#5257=AXIS2_PLACEMENT_3D('',#7931,#6280,#6281);
#5258=AXIS2_PLACEMENT_3D('',#7932,#6282,#6283);
#5259=AXIS2_PLACEMENT_3D('',#7933,#6284,#6285);
#5260=AXIS2_PLACEMENT_3D('',#7934,#6286,#6287);
#5261=AXIS2_PLACEMENT_3D('',#7937,#6290,#6291);
#5262=AXIS2_PLACEMENT_3D('',#7940,#6292,#6293);
#5263=AXIS2_PLACEMENT_3D('',#7941,#6294,#6295);
#5264=AXIS2_PLACEMENT_3D('',#7942,#6296,#6297);
#5265=AXIS2_PLACEMENT_3D('',#7943,#6298,#6299);
#5266=AXIS2_PLACEMENT_3D('',#7947,#6301,#6302);
#5267=AXIS2_PLACEMENT_3D('',#7949,#6304,#6305);
#5268=AXIS2_PLACEMENT_3D('',#7953,#6308,#6309);
#5269=AXIS2_PLACEMENT_3D('',#7955,#6310,#6311);
#5270=AXIS2_PLACEMENT_3D('',#7958,#6313,#6314);
#5271=AXIS2_PLACEMENT_3D('',#7959,#6315,#6316);
#5272=AXIS2_PLACEMENT_3D('',#7961,#6317,#6318);
#5273=AXIS2_PLACEMENT_3D('',#7962,#6319,#6320);
#5274=AXIS2_PLACEMENT_3D('',#7963,#6321,#6322);
#5275=AXIS2_PLACEMENT_3D('',#7966,#6323,#6324);
#5276=AXIS2_PLACEMENT_3D('',#7968,#6325,#6326);
#5277=AXIS2_PLACEMENT_3D('',#7970,#6327,#6328);
#5278=AXIS2_PLACEMENT_3D('',#7971,#6329,#6330);
#5279=AXIS2_PLACEMENT_3D('',#7972,#6331,#6332);
#5280=AXIS2_PLACEMENT_3D('',#7975,#6333,#6334);
#5281=AXIS2_PLACEMENT_3D('',#7978,#6337,#6338);
#5282=AXIS2_PLACEMENT_3D('',#7981,#6339,#6340);
#5283=AXIS2_PLACEMENT_3D('',#7982,#6341,#6342);
#5284=AXIS2_PLACEMENT_3D('',#7983,#6343,#6344);
#5285=AXIS2_PLACEMENT_3D('',#7984,#6345,#6346);
#5286=AXIS2_PLACEMENT_3D('',#7988,#6348,#6349);
#5287=AXIS2_PLACEMENT_3D('',#7990,#6351,#6352);
#5288=AXIS2_PLACEMENT_3D('',#7994,#6355,#6356);
#5289=AXIS2_PLACEMENT_3D('',#7996,#6357,#6358);
#5290=AXIS2_PLACEMENT_3D('',#7998,#6360,#6361);
#5291=AXIS2_PLACEMENT_3D('',#8000,#6362,#6363);
#5292=AXIS2_PLACEMENT_3D('',#8002,#6364,#6365);
#5293=AXIS2_PLACEMENT_3D('',#8003,#6366,#6367);
#5294=AXIS2_PLACEMENT_3D('',#8004,#6368,#6369);
#5295=AXIS2_PLACEMENT_3D('',#8006,#6370,#6371);
#5296=AXIS2_PLACEMENT_3D('',#8008,#6373,#6374);
#5297=AXIS2_PLACEMENT_3D('',#8010,#6375,#6376);
#5298=AXIS2_PLACEMENT_3D('',#8011,#6377,#6378);
#5299=AXIS2_PLACEMENT_3D('',#8012,#6379,#6380);
#5300=AXIS2_PLACEMENT_3D('',#8016,#6382,#6383);
#5301=AXIS2_PLACEMENT_3D('',#8018,#6385,#6386);
#5302=AXIS2_PLACEMENT_3D('',#8020,#6387,#6388);
#5303=AXIS2_PLACEMENT_3D('',#8022,#6389,#6390);
#5304=AXIS2_PLACEMENT_3D('',#8023,#6391,#6392);
#5305=AXIS2_PLACEMENT_3D('',#8024,#6393,#6394);
#5306=AXIS2_PLACEMENT_3D('',#8028,#6396,#6397);
#5307=AXIS2_PLACEMENT_3D('',#8030,#6399,#6400);
#5308=AXIS2_PLACEMENT_3D('',#8034,#6403,#6404);
#5309=AXIS2_PLACEMENT_3D('',#8036,#6405,#6406);
#5310=AXIS2_PLACEMENT_3D('',#8038,#6408,#6409);
#5311=AXIS2_PLACEMENT_3D('',#8042,#6412,#6413);
#5312=AXIS2_PLACEMENT_3D('',#8045,#6415,#6416);
#5313=AXIS2_PLACEMENT_3D('',#8046,#6417,#6418);
#5314=AXIS2_PLACEMENT_3D('',#8048,#6419,#6420);
#5315=AXIS2_PLACEMENT_3D('',#8049,#6421,#6422);
#5316=AXIS2_PLACEMENT_3D('',#8050,#6423,#6424);
#5317=AXIS2_PLACEMENT_3D('',#8053,#6426,#6427);
#5318=AXIS2_PLACEMENT_3D('',#8130,#6428,#6429);
#5319=AXIS2_PLACEMENT_3D('',#8173,#6431,#6432);
#5320=AXIS2_PLACEMENT_3D('',#8175,#6433,#6434);
#5321=AXIS2_PLACEMENT_3D('',#8178,#6436,#6437);
#5322=AXIS2_PLACEMENT_3D('',#8179,#6438,#6439);
#5323=AXIS2_PLACEMENT_3D('',#8186,#6441,#6442);
#5324=AXIS2_PLACEMENT_3D('',#8187,#6443,#6444);
#5325=AXIS2_PLACEMENT_3D('',#8188,#6445,#6446);
#5326=AXIS2_PLACEMENT_3D('',#8189,#6447,#6448);
#5327=AXIS2_PLACEMENT_3D('',#8190,#6449,#6450);
#5328=AXIS2_PLACEMENT_3D('',#8191,#6451,#6452);
#5329=AXIS2_PLACEMENT_3D('',#8196,#6454,#6455);
#5330=AXIS2_PLACEMENT_3D('',#8199,#6457,#6458);
#5331=AXIS2_PLACEMENT_3D('',#8200,#6459,#6460);
#5332=AXIS2_PLACEMENT_3D('',#8204,#6462,#6463);
#5333=AXIS2_PLACEMENT_3D('',#8206,#6465,#6466);
#5334=AXIS2_PLACEMENT_3D('',#8209,#6467,#6468);
#5335=AXIS2_PLACEMENT_3D('',#8210,#6469,#6470);
#5336=AXIS2_PLACEMENT_3D('',#8211,#6471,#6472);
#5337=AXIS2_PLACEMENT_3D('',#8212,#6473,#6474);
#5338=AXIS2_PLACEMENT_3D('',#8215,#6475,#6476);
#5339=AXIS2_PLACEMENT_3D('',#8218,#6479,#6480);
#5340=AXIS2_PLACEMENT_3D('',#8221,#6481,#6482);
#5341=AXIS2_PLACEMENT_3D('',#8222,#6483,#6484);
#5342=AXIS2_PLACEMENT_3D('',#8223,#6485,#6486);
#5343=AXIS2_PLACEMENT_3D('',#8224,#6487,#6488);
#5344=AXIS2_PLACEMENT_3D('',#8227,#6491,#6492);
#5345=AXIS2_PLACEMENT_3D('',#8230,#6493,#6494);
#5346=AXIS2_PLACEMENT_3D('',#8231,#6495,#6496);
#5347=AXIS2_PLACEMENT_3D('',#8232,#6497,#6498);
#5348=AXIS2_PLACEMENT_3D('',#8233,#6499,#6500);
#5349=AXIS2_PLACEMENT_3D('',#8236,#6503,#6504);
#5350=AXIS2_PLACEMENT_3D('',#8240,#6507,#6508);
#5351=AXIS2_PLACEMENT_3D('',#8243,#6510,#6511);
#5352=AXIS2_PLACEMENT_3D('',#8244,#6512,#6513);
#5353=AXIS2_PLACEMENT_3D('',#8248,#6516,#6517);
#5354=AXIS2_PLACEMENT_3D('',#8251,#6519,#6520);
#5355=AXIS2_PLACEMENT_3D('',#8255,#6522,#6523);
#5356=AXIS2_PLACEMENT_3D('',#8259,#6525,#6526);
#5357=AXIS2_PLACEMENT_3D('',#8261,#6528,#6529);
#5358=AXIS2_PLACEMENT_3D('',#8263,#6530,#6531);
#5359=AXIS2_PLACEMENT_3D('',#8265,#6533,#6534);
#5360=AXIS2_PLACEMENT_3D('',#8267,#6535,#6536);
#5361=AXIS2_PLACEMENT_3D('',#8268,#6537,#6538);
#5362=AXIS2_PLACEMENT_3D('',#8269,#6539,#6540);
#5363=AXIS2_PLACEMENT_3D('',#8271,#6542,#6543);
#5364=AXIS2_PLACEMENT_3D('',#8272,#6544,#6545);
#5365=AXIS2_PLACEMENT_3D('',#8275,#6547,#6548);
#5366=AXIS2_PLACEMENT_3D('',#8276,#6549,#6550);
#5367=AXIS2_PLACEMENT_3D('',#8278,#6551,#6552);
#5368=AXIS2_PLACEMENT_3D('',#8279,#6553,#6554);
#5369=AXIS2_PLACEMENT_3D('',#8280,#6555,#6556);
#5370=AXIS2_PLACEMENT_3D('',#8282,#6557,#6558);
#5371=AXIS2_PLACEMENT_3D('',#8284,#6560,#6561);
#5372=AXIS2_PLACEMENT_3D('',#8286,#6562,#6563);
#5373=AXIS2_PLACEMENT_3D('',#8287,#6564,#6565);
#5374=AXIS2_PLACEMENT_3D('',#8288,#6566,#6567);
#5375=AXIS2_PLACEMENT_3D('',#8290,#6569,#6570);
#5376=AXIS2_PLACEMENT_3D('',#8294,#6573,#6574);
#5377=AXIS2_PLACEMENT_3D('',#8297,#6576,#6577);
#5378=AXIS2_PLACEMENT_3D('',#8298,#6578,#6579);
#5379=AXIS2_PLACEMENT_3D('',#8302,#6582,#6583);
#5380=AXIS2_PLACEMENT_3D('',#8305,#6585,#6586);
#5381=AXIS2_PLACEMENT_3D('',#8306,#6587,#6588);
#5382=AXIS2_PLACEMENT_3D('',#8308,#6590,#6591);
#5383=AXIS2_PLACEMENT_3D('',#8310,#6592,#6593);
#5384=AXIS2_PLACEMENT_3D('',#8312,#6595,#6596);
#5385=AXIS2_PLACEMENT_3D('',#8314,#6597,#6598);
#5386=AXIS2_PLACEMENT_3D('',#8315,#6599,#6600);
#5387=AXIS2_PLACEMENT_3D('',#8316,#6601,#6602);
#5388=AXIS2_PLACEMENT_3D('',#8318,#6603,#6604);
#5389=AXIS2_PLACEMENT_3D('',#8320,#6606,#6607);
#5390=AXIS2_PLACEMENT_3D('',#8322,#6608,#6609);
#5391=AXIS2_PLACEMENT_3D('',#8323,#6610,#6611);
#5392=AXIS2_PLACEMENT_3D('',#8324,#6612,#6613);
#5393=AXIS2_PLACEMENT_3D('',#8326,#6615,#6616);
#5394=AXIS2_PLACEMENT_3D('',#8327,#6617,#6618);
#5395=AXIS2_PLACEMENT_3D('',#8331,#6621,#6622);
#5396=AXIS2_PLACEMENT_3D('',#8333,#6623,#6624);
#5397=AXIS2_PLACEMENT_3D('',#8335,#6626,#6627);
#5398=AXIS2_PLACEMENT_3D('',#8339,#6630,#6631);
#5399=AXIS2_PLACEMENT_3D('',#8341,#6632,#6633);
#5400=AXIS2_PLACEMENT_3D('',#8343,#6635,#6636);
#5401=AXIS2_PLACEMENT_3D('',#8345,#6637,#6638);
#5402=AXIS2_PLACEMENT_3D('',#8346,#6639,#6640);
#5403=AXIS2_PLACEMENT_3D('',#8347,#6641,#6642);
#5404=AXIS2_PLACEMENT_3D('',#8350,#6644,#6645);
#5405=AXIS2_PLACEMENT_3D('',#8351,#6646,#6647);
#5406=AXIS2_PLACEMENT_3D('',#8355,#6650,#6651);
#5407=AXIS2_PLACEMENT_3D('',#8357,#6652,#6653);
#5408=AXIS2_PLACEMENT_3D('',#8359,#6655,#6656);
#5409=AXIS2_PLACEMENT_3D('',#8363,#6659,#6660);
#5410=AXIS2_PLACEMENT_3D('',#8365,#6661,#6662);
#5411=AXIS2_PLACEMENT_3D('',#8367,#6664,#6665);
#5412=AXIS2_PLACEMENT_3D('',#8369,#6666,#6667);
#5413=AXIS2_PLACEMENT_3D('',#8370,#6668,#6669);
#5414=AXIS2_PLACEMENT_3D('',#8371,#6670,#6671);
#5415=AXIS2_PLACEMENT_3D('',#8374,#6673,#6674);
#5416=AXIS2_PLACEMENT_3D('',#8375,#6675,#6676);
#5417=AXIS2_PLACEMENT_3D('',#8377,#6678,#6679);
#5418=AXIS2_PLACEMENT_3D('',#8379,#6681,#6682);
#5419=AXIS2_PLACEMENT_3D('',#8381,#6684,#6685);
#5420=AXIS2_PLACEMENT_3D('',#8382,#6686,#6687);
#5421=AXIS2_PLACEMENT_3D('',#8407,#6688,#6689);
#5422=AXIS2_PLACEMENT_3D('',#8427,#6690,#6691);
#5423=AXIS2_PLACEMENT_3D('',#8428,#6692,#6693);
#5424=AXIS2_PLACEMENT_3D('',#8437,#6694,#6695);
#5425=AXIS2_PLACEMENT_3D('',#8439,#6697,#6698);
#5426=AXIS2_PLACEMENT_3D('',#8473,#6700,#6701);
#5427=AXIS2_PLACEMENT_3D('',#8475,#6703,#6704);
#5428=AXIS2_PLACEMENT_3D('',#8478,#6705,#6706);
#5429=AXIS2_PLACEMENT_3D('',#8479,#6707,#6708);
#5430=AXIS2_PLACEMENT_3D('',#8480,#6709,#6710);
#5431=AXIS2_PLACEMENT_3D('',#8481,#6711,#6712);
#5432=AXIS2_PLACEMENT_3D('',#8484,#6713,#6714);
#5433=AXIS2_PLACEMENT_3D('',#8486,#6715,#6716);
#5434=AXIS2_PLACEMENT_3D('',#8488,#6717,#6718);
#5435=AXIS2_PLACEMENT_3D('',#8489,#6719,#6720);
#5436=AXIS2_PLACEMENT_3D('',#8490,#6721,#6722);
#5437=AXIS2_PLACEMENT_3D('',#8493,#6725,#6726);
#5438=AXIS2_PLACEMENT_3D('',#8495,#6727,#6728);
#5439=AXIS2_PLACEMENT_3D('',#8499,#6730,#6731);
#5440=AXIS2_PLACEMENT_3D('',#8506,#6735,#6736);
#5441=AXIS2_PLACEMENT_3D('',#8512,#6739,#6740);
#5442=AXIS2_PLACEMENT_3D('',#8559,#6743,#6744);
#5443=AXIS2_PLACEMENT_3D('',#8564,#6746,#6747);
#5444=AXIS2_PLACEMENT_3D('',#8567,#6749,#6750);
#5445=AXIS2_PLACEMENT_3D('',#8568,#6751,#6752);
#5446=AXIS2_PLACEMENT_3D('',#8573,#6755,#6756);
#5447=AXIS2_PLACEMENT_3D('',#8574,#6757,#6758);
#5448=AXIS2_PLACEMENT_3D('',#8577,#6759,#6760);
#5449=AXIS2_PLACEMENT_3D('',#8578,#6761,#6762);
#5450=AXIS2_PLACEMENT_3D('',#8579,#6763,#6764);
#5451=AXIS2_PLACEMENT_3D('',#8580,#6765,#6766);
#5452=AXIS2_PLACEMENT_3D('',#8583,#6767,#6768);
#5453=AXIS2_PLACEMENT_3D('',#8584,#6769,#6770);
#5454=AXIS2_PLACEMENT_3D('',#8585,#6771,#6772);
#5455=AXIS2_PLACEMENT_3D('',#8586,#6773,#6774);
#5456=AXIS2_PLACEMENT_3D('',#8590,#6776,#6777);
#5457=AXIS2_PLACEMENT_3D('',#8592,#6779,#6780);
#5458=AXIS2_PLACEMENT_3D('',#8595,#6781,#6782);
#5459=AXIS2_PLACEMENT_3D('',#8596,#6783,#6784);
#5460=AXIS2_PLACEMENT_3D('',#8597,#6785,#6786);
#5461=AXIS2_PLACEMENT_3D('',#8598,#6787,#6788);
#5462=AXIS2_PLACEMENT_3D('',#8602,#6790,#6791);
#5463=AXIS2_PLACEMENT_3D('',#8604,#6793,#6794);
#5464=AXIS2_PLACEMENT_3D('',#8608,#6797,#6798);
#5465=AXIS2_PLACEMENT_3D('',#8614,#6802,#6803);
#5466=AXIS2_PLACEMENT_3D('',#8618,#6805,#6806);
#5467=AXIS2_PLACEMENT_3D('',#8621,#6808,#6809);
#5468=AXIS2_PLACEMENT_3D('',#8646,#6810,#6811);
#5469=AXIS2_PLACEMENT_3D('',#8649,#6813,#6814);
#5470=AXIS2_PLACEMENT_3D('',#8650,#6815,#6816);
#5471=AXIS2_PLACEMENT_3D('',#8653,#6818,#6819);
#5472=AXIS2_PLACEMENT_3D('',#8654,#6820,#6821);
#5473=AXIS2_PLACEMENT_3D('',#8656,#6823,#6824);
#5474=AXIS2_PLACEMENT_3D('',#8657,#6825,#6826);
#5475=AXIS2_PLACEMENT_3D('',#8659,#6828,#6829);
#5476=AXIS2_PLACEMENT_3D('',#8661,#6831,#6832);
#5477=AXIS2_PLACEMENT_3D('',#8663,#6834,#6835);
#5478=AXIS2_PLACEMENT_3D('',#8688,#6836,#6837);
#5479=AXIS2_PLACEMENT_3D('',#8689,#6838,#6839);
#5480=AXIS2_PLACEMENT_3D('',#8693,#6841,#6842);
#5481=AXIS2_PLACEMENT_3D('',#8695,#6844,#6845);
#5482=AXIS2_PLACEMENT_3D('',#8720,#6846,#6847);
#5483=AXIS2_PLACEMENT_3D('',#8721,#6848,#6849);
#5484=AXIS2_PLACEMENT_3D('',#8725,#6851,#6852);
#5485=AXIS2_PLACEMENT_3D('',#8727,#6854,#6855);
#5486=AXIS2_PLACEMENT_3D('',#8730,#6858,#6859);
#5487=AXIS2_PLACEMENT_3D('',#8737,#6860,#6861);
#5488=AXIS2_PLACEMENT_3D('',#8742,#6862,#6863);
#5489=AXIS2_PLACEMENT_3D('',#8743,#6864,#6865);
#5490=AXIS2_PLACEMENT_3D('',#8747,#6868,#6869);
#5491=AXIS2_PLACEMENT_3D('',#8756,#6873,#6874);
#5492=AXIS2_PLACEMENT_3D('',#8762,#6875,#6876);
#5493=AXIS2_PLACEMENT_3D('',#8763,#6877,#6878);
#5494=AXIS2_PLACEMENT_3D('',#8764,#6879,#6880);
#5495=AXIS2_PLACEMENT_3D('',#8766,#6882,#6883);
#5496=AXIS2_PLACEMENT_3D('',#8768,#6885,#6886);
#5497=AXIS2_PLACEMENT_3D('',#8769,#6887,#6888);
#5498=AXIS2_PLACEMENT_3D('',#8776,#6889,#6890);
#5499=AXIS2_PLACEMENT_3D('',#8781,#6891,#6892);
#5500=AXIS2_PLACEMENT_3D('',#8782,#6893,#6894);
#5501=AXIS2_PLACEMENT_3D('',#8786,#6896,#6897);
#5502=AXIS2_PLACEMENT_3D('',#8788,#6899,#6900);
#5503=AXIS2_PLACEMENT_3D('',#8797,#6904,#6905);
#5504=AXIS2_PLACEMENT_3D('',#8802,#6906,#6907);
#5505=AXIS2_PLACEMENT_3D('',#8803,#6908,#6909);
#5506=AXIS2_PLACEMENT_3D('',#8805,#6911,#6912);
#5507=AXIS2_PLACEMENT_3D('',#8807,#6914,#6915);
#5508=AXIS2_PLACEMENT_3D('',#8808,#6916,#6917);
#5509=AXIS2_PLACEMENT_3D('',#8826,#6918,#6919);
#5510=AXIS2_PLACEMENT_3D('',#8847,#6920,#6921);
#5511=AXIS2_PLACEMENT_3D('',#8854,#6922,#6923);
#5512=AXIS2_PLACEMENT_3D('',#8858,#6925,#6926);
#5513=AXIS2_PLACEMENT_3D('',#8865,#6927,#6928);
#5514=AXIS2_PLACEMENT_3D('',#8873,#6932,#6933);
#5515=AXIS2_PLACEMENT_3D('',#8878,#6936,#6937);
#5516=AXIS2_PLACEMENT_3D('',#8896,#6942,#6943);
#5517=AXIS2_PLACEMENT_3D('',#8918,#6944,#6945);
#5518=AXIS2_PLACEMENT_3D('',#8929,#6947,#6948);
#5519=AXIS2_PLACEMENT_3D('',#8931,#6949,#6950);
#5520=AXIS2_PLACEMENT_3D('',#8932,#6951,#6952);
#5521=AXIS2_PLACEMENT_3D('',#8933,#6953,#6954);
#5522=AXIS2_PLACEMENT_3D('',#8935,#6956,#6957);
#5523=AXIS2_PLACEMENT_3D('',#8939,#6960,#6961);
#5524=AXIS2_PLACEMENT_3D('',#8942,#6963,#6964);
#5525=AXIS2_PLACEMENT_3D('',#8943,#6965,#6966);
#5526=AXIS2_PLACEMENT_3D('',#8946,#6967,#6968);
#5527=AXIS2_PLACEMENT_3D('',#8947,#6969,#6970);
#5528=AXIS2_PLACEMENT_3D('',#8948,#6971,#6972);
#5529=AXIS2_PLACEMENT_3D('',#8949,#6973,#6974);
#5530=AXIS2_PLACEMENT_3D('',#8952,#6977,#6978);
#5531=AXIS2_PLACEMENT_3D('',#8957,#6981,#6982);
#5532=AXIS2_PLACEMENT_3D('',#8960,#6984,#6985);
#5533=AXIS2_PLACEMENT_3D('',#8963,#6986,#6987);
#5534=AXIS2_PLACEMENT_3D('',#8969,#6990,#6991);
#5535=AXIS2_PLACEMENT_3D('',#8973,#6994,#6995);
#5536=AXIS2_PLACEMENT_3D('',#8977,#6997,#6998);
#5537=AXIS2_PLACEMENT_3D('',#9021,#7002,#7003);
#5538=AXIS2_PLACEMENT_3D('',#9025,#7005,#7006);
#5539=AXIS2_PLACEMENT_3D('',#9028,#7008,#7009);
#5540=AXIS2_PLACEMENT_3D('',#9029,#7010,#7011);
#5541=AXIS2_PLACEMENT_3D('',#9032,#7013,#7014);
#5542=AXIS2_PLACEMENT_3D('',#9033,#7015,#7016);
#5543=AXIS2_PLACEMENT_3D('',#9035,#7017,#7018);
#5544=AXIS2_PLACEMENT_3D('',#9036,#7019,#7020);
#5545=AXIS2_PLACEMENT_3D('',#9037,#7021,#7022);
#5546=AXIS2_PLACEMENT_3D('',#9039,#7023,#7024);
#5547=AXIS2_PLACEMENT_3D('',#9040,#7025,#7026);
#5548=AXIS2_PLACEMENT_3D('',#9041,#7027,#7028);
#5549=AXIS2_PLACEMENT_3D('',#9042,#7029,#7030);
#5550=AXIS2_PLACEMENT_3D('',#9044,#7032,#7033);
#5551=AXIS2_PLACEMENT_3D('',#9046,#7034,#7035);
#5552=AXIS2_PLACEMENT_3D('',#9048,#7037,#7038);
#5553=AXIS2_PLACEMENT_3D('',#9050,#7039,#7040);
#5554=AXIS2_PLACEMENT_3D('',#9051,#7041,#7042);
#5555=AXIS2_PLACEMENT_3D('',#9052,#7043,#7044);
#5556=AXIS2_PLACEMENT_3D('',#9054,#7046,#7047);
#5557=AXIS2_PLACEMENT_3D('',#9057,#7049,#7050);
#5558=AXIS2_PLACEMENT_3D('',#9058,#7051,#7052);
#5559=AXIS2_PLACEMENT_3D('',#9060,#7054,#7055);
#5560=AXIS2_PLACEMENT_3D('',#9064,#7058,#7059);
#5561=AXIS2_PLACEMENT_3D('',#9070,#7060,#7061);
#5562=AXIS2_PLACEMENT_3D('',#9073,#7063,#7064);
#5563=AXIS2_PLACEMENT_3D('',#9090,#7065,#7066);
#5564=AXIS2_PLACEMENT_3D('',#9092,#7067,#7068);
#5565=AXIS2_PLACEMENT_3D('',#9094,#7070,#7071);
#5566=AXIS2_PLACEMENT_3D('',#9096,#7072,#7073);
#5567=AXIS2_PLACEMENT_3D('',#9098,#7075,#7076);
#5568=AXIS2_PLACEMENT_3D('',#9100,#7078,#7079);
#5569=AXIS2_PLACEMENT_3D('',#9101,#7080,#7081);
#5570=AXIS2_PLACEMENT_3D('',#9102,#7082,#7083);
#5571=AXIS2_PLACEMENT_3D('',#9104,#7085,#7086);
#5572=AXIS2_PLACEMENT_3D('',#9106,#7088,#7089);
#5573=AXIS2_PLACEMENT_3D('',#9107,#7090,#7091);
#5574=AXIS2_PLACEMENT_3D('',#9122,#7092,#7093);
#5575=AXIS2_PLACEMENT_3D('',#9133,#7094,#7095);
#5576=AXIS2_PLACEMENT_3D('',#9137,#7097,#7098);
#5577=AXIS2_PLACEMENT_3D('',#9139,#7100,#7101);
#5578=AXIS2_PLACEMENT_3D('',#9152,#7102,#7103);
#5579=AXIS2_PLACEMENT_3D('',#9165,#7104,#7105);
#5580=AXIS2_PLACEMENT_3D('',#9169,#7107,#7108);
#5581=AXIS2_PLACEMENT_3D('',#9171,#7110,#7111);
#5582=AXIS2_PLACEMENT_3D('',#9172,#7112,#7113);
#5583=AXIS2_PLACEMENT_3D('',#9179,#7114,#7115);
#5584=AXIS2_PLACEMENT_3D('',#9184,#7116,#7117);
#5585=AXIS2_PLACEMENT_3D('',#9185,#7118,#7119);
#5586=AXIS2_PLACEMENT_3D('',#9189,#7122,#7123);
#5587=AXIS2_PLACEMENT_3D('',#9198,#7127,#7128);
#5588=AXIS2_PLACEMENT_3D('',#9204,#7129,#7130);
#5589=AXIS2_PLACEMENT_3D('',#9205,#7131,#7132);
#5590=AXIS2_PLACEMENT_3D('',#9206,#7133,#7134);
#5591=AXIS2_PLACEMENT_3D('',#9208,#7136,#7137);
#5592=AXIS2_PLACEMENT_3D('',#9210,#7139,#7140);
#5593=AXIS2_PLACEMENT_3D('',#9211,#7141,#7142);
#5594=AXIS2_PLACEMENT_3D('',#9218,#7143,#7144);
#5595=AXIS2_PLACEMENT_3D('',#9223,#7145,#7146);
#5596=AXIS2_PLACEMENT_3D('',#9224,#7147,#7148);
#5597=AXIS2_PLACEMENT_3D('',#9228,#7150,#7151);
#5598=AXIS2_PLACEMENT_3D('',#9230,#7153,#7154);
#5599=AXIS2_PLACEMENT_3D('',#9239,#7158,#7159);
#5600=AXIS2_PLACEMENT_3D('',#9244,#7160,#7161);
#5601=AXIS2_PLACEMENT_3D('',#9245,#7162,#7163);
#5602=AXIS2_PLACEMENT_3D('',#9247,#7165,#7166);
#5603=AXIS2_PLACEMENT_3D('',#9249,#7168,#7169);
#5604=DIRECTION('axis',(0.,0.,1.));
#5605=DIRECTION('refdir',(1.,0.,0.));
#5606=DIRECTION('center_axis',(1.,0.,0.));
#5607=DIRECTION('ref_axis',(0.,1.,0.));
#5608=DIRECTION('center_axis',(-1.,0.,0.));
#5609=DIRECTION('ref_axis',(0.,1.,0.));
#5610=DIRECTION('',(-0.707106781186546,0.707106781186549,-8.65956056235495E-17));
#5611=DIRECTION('center_axis',(1.,0.,0.));
#5612=DIRECTION('ref_axis',(0.,1.,0.));
#5613=DIRECTION('center_axis',(1.,0.,0.));
#5614=DIRECTION('ref_axis',(0.,1.,0.));
#5615=DIRECTION('center_axis',(1.,0.,0.));
#5616=DIRECTION('ref_axis',(0.,1.,0.));
#5617=DIRECTION('',(-1.,0.,0.));
#5618=DIRECTION('center_axis',(-1.,0.,0.));
#5619=DIRECTION('ref_axis',(0.,1.,0.));
#5620=DIRECTION('',(0.707106781186552,0.707106781186543,8.65956056235488E-17));
#5621=DIRECTION('center_axis',(-1.,0.,0.));
#5622=DIRECTION('ref_axis',(0.,1.,0.));
#5623=DIRECTION('center_axis',(1.,0.,0.));
#5624=DIRECTION('ref_axis',(0.,1.,0.));
#5625=DIRECTION('center_axis',(-1.,0.,0.));
#5626=DIRECTION('ref_axis',(0.,1.,0.));
#5627=DIRECTION('center_axis',(1.,0.,0.));
#5628=DIRECTION('ref_axis',(0.,1.,0.));
#5629=DIRECTION('',(0.957826285221151,0.287347885566347,3.51899668300586E-17));
#5630=DIRECTION('center_axis',(-1.,0.,0.));
#5631=DIRECTION('ref_axis',(0.,1.,0.));
#5632=DIRECTION('center_axis',(-1.,0.,0.));
#5633=DIRECTION('ref_axis',(0.,1.,0.));
#5634=DIRECTION('',(1.,0.,0.));
#5635=DIRECTION('center_axis',(1.,0.,0.));
#5636=DIRECTION('ref_axis',(0.,0.,-1.));
#5637=DIRECTION('',(0.,1.,-4.61852778244064E-14));
#5638=DIRECTION('',(0.,0.,-1.));
#5639=DIRECTION('',(3.22601252742245E-17,1.,0.));
#5640=DIRECTION('',(0.,0.,-1.));
#5641=DIRECTION('center_axis',(0.,1.,0.));
#5642=DIRECTION('ref_axis',(0.,0.,1.));
#5643=DIRECTION('center_axis',(0.,0.,1.));
#5644=DIRECTION('ref_axis',(1.,0.,0.));
#5645=DIRECTION('center_axis',(0.,1.,0.));
#5646=DIRECTION('ref_axis',(-0.707106781186548,0.,-0.707106781186547));
#5647=DIRECTION('center_axis',(-1.,0.,0.));
#5648=DIRECTION('ref_axis',(0.,0.,1.));
#5649=DIRECTION('center_axis',(0.,-1.,0.));
#5650=DIRECTION('ref_axis',(-0.707106781186548,0.,-0.707106781186547));
#5651=DIRECTION('center_axis',(0.,0.,-1.));
#5652=DIRECTION('ref_axis',(0.707106781186543,0.707106781186552,0.));
#5653=DIRECTION('',(0.,0.,-1.));
#5654=DIRECTION('center_axis',(-0.70710678118655,0.,0.707106781186545));
#5655=DIRECTION('ref_axis',(-0.707106781186545,0.,-0.70710678118655));
#5656=DIRECTION('',(0.,0.,1.));
#5657=DIRECTION('center_axis',(0.,4.61852778244064E-14,1.));
#5658=DIRECTION('ref_axis',(-1.,0.,0.));
#5659=DIRECTION('center_axis',(-6.34413156928666E-15,1.,-4.440892098505E-14));
#5660=DIRECTION('ref_axis',(-1.,-6.34413156928666E-15,0.));
#5661=DIRECTION('center_axis',(0.,-4.61852778244064E-14,-1.));
#5662=DIRECTION('ref_axis',(-0.707106781186547,-0.707106781186548,3.26613736056912E-14));
#5663=DIRECTION('center_axis',(-1.,0.,0.));
#5664=DIRECTION('ref_axis',(0.,-1.,0.));
#5665=DIRECTION('center_axis',(0.,4.61852778244064E-14,1.));
#5666=DIRECTION('ref_axis',(-0.707106781186547,-0.707106781186549,3.26579231406225E-14));
#5667=DIRECTION('center_axis',(0.,-1.,4.61852778244064E-14));
#5668=DIRECTION('ref_axis',(-0.707106781186548,3.58878276270576E-14,0.707106781186548));
#5669=DIRECTION('center_axis',(0.,1.,-4.44089209850061E-14));
#5670=DIRECTION('ref_axis',(-1.,0.,0.));
#5671=DIRECTION('',(0.,-1.,4.61852778244064E-14));
#5672=DIRECTION('center_axis',(0.,4.61852778244064E-14,1.));
#5673=DIRECTION('ref_axis',(-1.,0.,0.));
#5674=DIRECTION('center_axis',(1.,0.,0.));
#5675=DIRECTION('ref_axis',(0.,1.,-5.07530525542933E-14));
#5676=DIRECTION('center_axis',(0.,-4.61852778244064E-14,-1.));
#5677=DIRECTION('ref_axis',(-0.707106781186548,0.707106781186547,-3.26613736056913E-14));
#5678=DIRECTION('center_axis',(0.,4.61852778244064E-14,1.));
#5679=DIRECTION('ref_axis',(-0.707106781186548,0.707106781186547,-3.26579231406224E-14));
#5680=DIRECTION('center_axis',(-1.,0.,0.));
#5681=DIRECTION('ref_axis',(0.,0.707106781186556,0.707106781186539));
#5682=DIRECTION('',(-1.,0.,0.));
#5683=DIRECTION('',(1.,0.,0.));
#5684=DIRECTION('center_axis',(0.,0.,-1.));
#5685=DIRECTION('ref_axis',(-1.,0.,0.));
#5686=DIRECTION('',(0.,0.,-1.));
#5687=DIRECTION('center_axis',(7.61791478484191E-30,-7.61791478484191E-30,
-1.));
#5688=DIRECTION('ref_axis',(-1.,-2.83276944882398E-16,-6.31088724176808E-30));
#5689=DIRECTION('center_axis',(0.,0.,-1.));
#5690=DIRECTION('ref_axis',(0.,-1.,0.));
#5691=DIRECTION('center_axis',(7.6179147848419E-30,7.6179147848419E-30,
-1.));
#5692=DIRECTION('ref_axis',(2.22044604925031E-16,-1.,-6.31088724176807E-30));
#5693=DIRECTION('',(0.,0.,-1.));
#5694=DIRECTION('center_axis',(0.,0.,1.));
#5695=DIRECTION('ref_axis',(-1.,0.,0.));
#5696=DIRECTION('center_axis',(0.,1.,0.));
#5697=DIRECTION('ref_axis',(0.,0.,1.));
#5698=DIRECTION('center_axis',(0.,0.,-1.));
#5699=DIRECTION('ref_axis',(-0.707106781186547,-0.707106781186548,0.));
#5700=DIRECTION('center_axis',(-1.,0.,0.));
#5701=DIRECTION('ref_axis',(0.,0.,1.));
#5702=DIRECTION('center_axis',(0.,0.,1.));
#5703=DIRECTION('ref_axis',(-0.707106781186547,-0.707106781186548,0.));
#5704=DIRECTION('center_axis',(0.,-1.,0.));
#5705=DIRECTION('ref_axis',(0.707106781186548,0.,0.707106781186548));
#5706=DIRECTION('center_axis',(-6.34413156928658E-15,1.,0.));
#5707=DIRECTION('ref_axis',(0.,0.,1.));
#5708=DIRECTION('',(0.,1.,0.));
#5709=DIRECTION('',(0.,-1.,0.));
#5710=DIRECTION('center_axis',(0.,0.,1.));
#5711=DIRECTION('ref_axis',(-1.,0.,0.));
#5712=DIRECTION('center_axis',(1.,0.,0.));
#5713=DIRECTION('ref_axis',(0.,0.,1.));
#5714=DIRECTION('center_axis',(0.,0.,-1.));
#5715=DIRECTION('ref_axis',(-0.707106781186547,0.707106781186548,0.));
#5716=DIRECTION('center_axis',(0.,0.,1.));
#5717=DIRECTION('ref_axis',(-0.707106781186547,0.707106781186548,0.));
#5718=DIRECTION('center_axis',(0.,1.,0.));
#5719=DIRECTION('ref_axis',(0.,0.,1.));
#5720=DIRECTION('center_axis',(0.,0.,-1.));
#5721=DIRECTION('ref_axis',(0.,-1.,0.));
#5722=DIRECTION('center_axis',(0.,1.,0.));
#5723=DIRECTION('ref_axis',(-0.707106781186548,0.,-0.707106781186547));
#5724=DIRECTION('center_axis',(1.,0.,0.));
#5725=DIRECTION('ref_axis',(0.,-1.,0.));
#5726=DIRECTION('center_axis',(0.,-1.,0.));
#5727=DIRECTION('ref_axis',(-0.707106781186548,0.,-0.707106781186547));
#5728=DIRECTION('center_axis',(0.,0.,-1.));
#5729=DIRECTION('ref_axis',(-0.707106781186541,-0.707106781186554,0.));
#5730=DIRECTION('center_axis',(0.,-4.61852778244064E-14,-1.));
#5731=DIRECTION('ref_axis',(-0.707106781186541,-0.707106781186554,0.));
#5732=DIRECTION('',(0.,0.,1.));
#5733=DIRECTION('',(0.,0.,-1.));
#5734=DIRECTION('center_axis',(0.,4.61852778244064E-14,1.));
#5735=DIRECTION('ref_axis',(-1.,0.,0.));
#5736=DIRECTION('center_axis',(0.,-1.,4.44089209849756E-14));
#5737=DIRECTION('ref_axis',(0.,-4.44089209849757E-14,-1.));
#5738=DIRECTION('center_axis',(0.,-4.61852778244064E-14,-1.));
#5739=DIRECTION('ref_axis',(-0.707106781186549,-0.707106781186546,3.26579231406224E-14));
#5740=DIRECTION('center_axis',(1.,0.,0.));
#5741=DIRECTION('ref_axis',(0.,-4.44089209850064E-14,-1.));
#5742=DIRECTION('center_axis',(0.,4.61852778244064E-14,1.));
#5743=DIRECTION('ref_axis',(-0.707106781186549,-0.707106781186546,3.26590606410566E-14));
#5744=DIRECTION('center_axis',(1.36735890238309E-28,-1.,4.61852778244064E-14));
#5745=DIRECTION('ref_axis',(0.707106781186541,-3.14018491736759E-14,-0.707106781186554));
#5746=DIRECTION('center_axis',(0.,-1.,4.44089209850064E-14));
#5747=DIRECTION('ref_axis',(0.,-4.44089209850064E-14,-1.));
#5748=DIRECTION('',(-1.36735890238309E-28,1.,-4.61852778244064E-14));
#5749=DIRECTION('',(1.36735890238309E-28,-1.,4.61852778244064E-14));
#5750=DIRECTION('center_axis',(0.,4.61852778244064E-14,1.));
#5751=DIRECTION('ref_axis',(-1.,0.,0.));
#5752=DIRECTION('center_axis',(-1.,0.,0.));
#5753=DIRECTION('ref_axis',(0.,-4.44089209848782E-14,-1.));
#5754=DIRECTION('center_axis',(0.,-4.61852778244064E-14,-1.));
#5755=DIRECTION('ref_axis',(-0.707106781186546,0.707106781186549,-3.26579231406225E-14));
#5756=DIRECTION('center_axis',(0.,4.61852778244064E-14,1.));
#5757=DIRECTION('ref_axis',(-0.707106781186546,0.707106781186549,-3.26590606410565E-14));
#5758=DIRECTION('center_axis',(0.,0.,1.));
#5759=DIRECTION('ref_axis',(-1.,0.,0.));
#5760=DIRECTION('center_axis',(0.,1.,0.));
#5761=DIRECTION('ref_axis',(-1.,0.,0.));
#5762=DIRECTION('center_axis',(0.,0.,-1.));
#5763=DIRECTION('ref_axis',(-0.707106781186548,-0.707106781186547,0.));
#5764=DIRECTION('center_axis',(-1.,0.,0.));
#5765=DIRECTION('ref_axis',(0.,-1.,0.));
#5766=DIRECTION('center_axis',(0.,0.,1.));
#5767=DIRECTION('ref_axis',(-0.707106781186548,-0.707106781186547,0.));
#5768=DIRECTION('center_axis',(0.,-1.,0.));
#5769=DIRECTION('ref_axis',(-0.707106781186548,0.,0.707106781186548));
#5770=DIRECTION('center_axis',(0.,1.,0.));
#5771=DIRECTION('ref_axis',(-1.,0.,0.));
#5772=DIRECTION('',(0.,1.,0.));
#5773=DIRECTION('',(0.,-1.,0.));
#5774=DIRECTION('center_axis',(0.,0.,1.));
#5775=DIRECTION('ref_axis',(-1.,0.,0.));
#5776=DIRECTION('center_axis',(1.,0.,0.));
#5777=DIRECTION('ref_axis',(0.,1.,0.));
#5778=DIRECTION('center_axis',(0.,0.,-1.));
#5779=DIRECTION('ref_axis',(-0.707106781186548,0.707106781186548,0.));
#5780=DIRECTION('center_axis',(0.,0.,1.));
#5781=DIRECTION('ref_axis',(-0.707106781186547,0.707106781186548,0.));
#5782=DIRECTION('center_axis',(0.,1.,0.));
#5783=DIRECTION('ref_axis',(-0.707106781186548,0.,-0.707106781186547));
#5784=DIRECTION('',(0.,1.,0.));
#5785=DIRECTION('',(0.,-1.,0.));
#5786=DIRECTION('center_axis',(1.,0.,0.));
#5787=DIRECTION('ref_axis',(0.,0.,1.));
#5788=DIRECTION('',(0.,-1.,4.61852778244064E-14));
#5789=DIRECTION('center_axis',(0.,0.,1.));
#5790=DIRECTION('ref_axis',(-1.,0.,0.));
#5791=DIRECTION('',(0.76604444311898,4.69066937635138E-17,-0.642787609686537));
#5792=DIRECTION('center_axis',(3.26313087279779E-16,-3.26313087279779E-16,
-1.));
#5793=DIRECTION('ref_axis',(-1.,-4.66722258950728E-16,-3.37908265827801E-16));
#5794=DIRECTION('',(9.38133875270275E-17,-0.76604444311898,-0.642787609686537));
#5795=DIRECTION('center_axis',(3.93016711944728E-16,-3.93016711944728E-16,
-1.));
#5796=DIRECTION('ref_axis',(-1.,2.64353364696205E-16,-3.25585704653573E-16));
#5797=DIRECTION('center_axis',(6.12323399573677E-17,-1.,0.));
#5798=DIRECTION('ref_axis',(-1.,-6.12323399573677E-17,-1.22464679914735E-16));
#5799=DIRECTION('center_axis',(-1.,-1.22464679914735E-16,0.));
#5800=DIRECTION('ref_axis',(-1.22464679914735E-16,1.,-1.22464679914735E-16));
#5801=DIRECTION('center_axis',(0.,0.,-1.));
#5802=DIRECTION('ref_axis',(-1.,0.,0.));
#5803=DIRECTION('',(-2.96059473233375E-15,-1.81284143126252E-31,-1.));
#5804=DIRECTION('',(-3.62568286252504E-31,2.96059473233375E-15,-1.));
#5805=DIRECTION('center_axis',(0.,0.,-1.));
#5806=DIRECTION('ref_axis',(-1.,0.,0.));
#5807=DIRECTION('',(-9.95372366905313E-16,-6.09489791545158E-32,1.));
#5808=DIRECTION('center_axis',(-2.68031548330894E-16,2.68031548330894E-16,
-1.));
#5809=DIRECTION('ref_axis',(-1.,-5.05321549807431E-16,2.22044604925032E-16));
#5810=DIRECTION('',(-1.21897958309032E-31,9.95372366905313E-16,1.));
#5811=DIRECTION('center_axis',(-6.12323399573677E-17,1.,0.));
#5812=DIRECTION('ref_axis',(-1.,-6.12323399573677E-17,0.));
#5813=DIRECTION('center_axis',(-4.46719247218157E-17,4.46719247218157E-17,
-1.));
#5814=DIRECTION('ref_axis',(-1.,2.34827133276008E-16,3.7007434154172E-17));
#5815=DIRECTION('center_axis',(1.,1.22464679914735E-16,0.));
#5816=DIRECTION('ref_axis',(-1.22464679914735E-16,1.,0.));
#5817=DIRECTION('center_axis',(0.,0.,1.));
#5818=DIRECTION('ref_axis',(-1.,0.,0.));
#5819=DIRECTION('',(-0.866025403784401,-5.30287619362431E-17,0.500000000000064));
#5820=DIRECTION('center_axis',(7.5100749603336E-31,-7.5100749603336E-31,
-1.));
#5821=DIRECTION('ref_axis',(-1.,3.76570306730874E-16,-6.22154980601751E-31));
#5822=DIRECTION('',(-1.06057523872486E-16,0.866025403784401,0.500000000000064));
#5823=DIRECTION('center_axis',(0.642787609686537,0.,0.76604444311898));
#5824=DIRECTION('ref_axis',(0.76604444311898,4.69066937635138E-17,-0.642787609686537));
#5825=DIRECTION('',(0.76604444311898,4.69066937635138E-17,-0.642787609686537));
#5826=DIRECTION('',(3.22601252742245E-17,1.,0.));
#5827=DIRECTION('',(3.22601252742245E-17,1.,0.));
#5828=DIRECTION('center_axis',(0.,-1.,0.));
#5829=DIRECTION('ref_axis',(-1.,0.,-1.22464679914735E-16));
#5830=DIRECTION('center_axis',(6.12323399573677E-17,-1.,0.));
#5831=DIRECTION('ref_axis',(-1.,-6.12323399573677E-17,-1.22464679914735E-16));
#5832=DIRECTION('center_axis',(1.,0.,-2.96059473233375E-15));
#5833=DIRECTION('ref_axis',(-2.96059473233375E-15,-1.81284143126252E-31,
-1.));
#5834=DIRECTION('',(-2.96059473233375E-15,-1.81284143126252E-31,-1.));
#5835=DIRECTION('center_axis',(-1.,0.,-9.95372366905313E-16));
#5836=DIRECTION('ref_axis',(-9.95372366905313E-16,-6.09489791545158E-32,
1.));
#5837=DIRECTION('',(-9.95372366905313E-16,-6.09489791545158E-32,1.));
#5838=DIRECTION('',(3.22601252742245E-17,1.,0.));
#5839=DIRECTION('center_axis',(0.,-1.,0.));
#5840=DIRECTION('ref_axis',(-1.,0.,0.));
#5841=DIRECTION('center_axis',(-6.12323399573677E-17,1.,0.));
#5842=DIRECTION('ref_axis',(-1.,-6.12323399573677E-17,0.));
#5843=DIRECTION('',(3.22601252742245E-17,1.,0.));
#5844=DIRECTION('center_axis',(-0.500000000000065,0.,-0.866025403784402));
#5845=DIRECTION('ref_axis',(-0.866025403784401,-5.30287619362431E-17,0.500000000000064));
#5846=DIRECTION('',(-0.866025403784401,-5.30287619362431E-17,0.500000000000064));
#5847=DIRECTION('',(3.22601252742245E-17,1.,0.));
#5848=DIRECTION('center_axis',(0.,0.,1.));
#5849=DIRECTION('ref_axis',(0.,-1.,0.));
#5850=DIRECTION('',(0.,0.76604444311898,-0.642787609686537));
#5851=DIRECTION('center_axis',(3.26313087279779E-16,3.26313087279779E-16,
-1.));
#5852=DIRECTION('ref_axis',(-1.3516330633112E-16,-1.,-3.379082658278E-16));
#5853=DIRECTION('center_axis',(3.93016711944728E-16,3.93016711944728E-16,
-1.));
#5854=DIRECTION('ref_axis',(-8.13964261633931E-17,-1.,-3.25585704653572E-16));
#5855=DIRECTION('center_axis',(1.,0.,0.));
#5856=DIRECTION('ref_axis',(0.,-1.,-1.22464679914735E-16));
#5857=DIRECTION('center_axis',(0.,0.,-1.));
#5858=DIRECTION('ref_axis',(0.,-1.,0.));
#5859=DIRECTION('',(0.,-2.96059473233375E-15,-1.));
#5860=DIRECTION('center_axis',(0.,0.,-1.));
#5861=DIRECTION('ref_axis',(0.,-1.,0.));
#5862=DIRECTION('',(0.,-9.95372366905313E-16,1.));
#5863=DIRECTION('center_axis',(-2.68031548330893E-16,-2.68031548330893E-16,
-1.));
#5864=DIRECTION('ref_axis',(0.,-1.,2.22044604925031E-16));
#5865=DIRECTION('center_axis',(-1.,0.,0.));
#5866=DIRECTION('ref_axis',(0.,-1.,0.));
#5867=DIRECTION('center_axis',(-4.46719247218155E-17,-4.46719247218155E-17,
-1.));
#5868=DIRECTION('ref_axis',(4.44089209850063E-16,-1.,3.70074341541719E-17));
#5869=DIRECTION('center_axis',(0.,0.,1.));
#5870=DIRECTION('ref_axis',(0.,-1.,0.));
#5871=DIRECTION('',(0.,-0.866025403784401,0.500000000000064));
#5872=DIRECTION('center_axis',(7.51007496033357E-31,7.51007496033357E-31,
-1.));
#5873=DIRECTION('ref_axis',(2.62681588012944E-16,-1.,-6.2215498060175E-31));
#5874=DIRECTION('center_axis',(-1.,0.,0.));
#5875=DIRECTION('ref_axis',(0.,1.,0.));
#5876=DIRECTION('center_axis',(-1.,0.,0.));
#5877=DIRECTION('ref_axis',(0.,1.,0.));
#5878=DIRECTION('',(0.707106781186546,0.707106781186549,-8.65956056235495E-17));
#5879=DIRECTION('center_axis',(1.,0.,0.));
#5880=DIRECTION('ref_axis',(0.,1.,0.));
#5881=DIRECTION('center_axis',(1.,0.,0.));
#5882=DIRECTION('ref_axis',(0.,1.,0.));
#5883=DIRECTION('center_axis',(1.,0.,0.));
#5884=DIRECTION('ref_axis',(0.,1.,0.));
#5885=DIRECTION('',(1.,0.,0.));
#5886=DIRECTION('center_axis',(1.,0.,0.));
#5887=DIRECTION('ref_axis',(0.,1.,0.));
#5888=DIRECTION('',(-0.707106781186552,0.707106781186543,8.65956056235488E-17));
#5889=DIRECTION('center_axis',(-1.,0.,0.));
#5890=DIRECTION('ref_axis',(0.,1.,0.));
#5891=DIRECTION('center_axis',(1.,0.,0.));
#5892=DIRECTION('ref_axis',(0.,1.,0.));
#5893=DIRECTION('center_axis',(1.,0.,0.));
#5894=DIRECTION('ref_axis',(0.,1.,0.));
#5895=DIRECTION('center_axis',(1.,0.,0.));
#5896=DIRECTION('ref_axis',(0.,1.,0.));
#5897=DIRECTION('',(-0.957826285221151,0.287347885566347,3.51899668300586E-17));
#5898=DIRECTION('center_axis',(-1.,0.,0.));
#5899=DIRECTION('ref_axis',(0.,1.,0.));
#5900=DIRECTION('center_axis',(-1.,0.,0.));
#5901=DIRECTION('ref_axis',(0.,1.,0.));
#5902=DIRECTION('',(-1.,0.,0.));
#5903=DIRECTION('center_axis',(1.,0.,0.));
#5904=DIRECTION('ref_axis',(0.,0.,-1.));
#5905=DIRECTION('',(0.,1.,-4.61852778244064E-14));
#5906=DIRECTION('',(0.,0.,-1.));
#5907=DIRECTION('',(-3.22601252742245E-17,1.,0.));
#5908=DIRECTION('',(0.,0.,-1.));
#5909=DIRECTION('center_axis',(1.,0.,0.));
#5910=DIRECTION('ref_axis',(0.,0.707106781186548,0.707106781186548));
#5911=DIRECTION('',(1.,0.,0.));
#5912=DIRECTION('center_axis',(-1.,0.,0.));
#5913=DIRECTION('ref_axis',(0.,0.,1.));
#5914=DIRECTION('',(-1.,0.,0.));
#5915=DIRECTION('center_axis',(0.,1.,0.));
#5916=DIRECTION('ref_axis',(0.,0.,1.));
#5917=DIRECTION('center_axis',(0.,0.,-1.));
#5918=DIRECTION('ref_axis',(-1.,0.,0.));
#5919=DIRECTION('center_axis',(0.,1.,0.));
#5920=DIRECTION('ref_axis',(0.707106781186548,0.,-0.707106781186547));
#5921=DIRECTION('center_axis',(0.,-1.,0.));
#5922=DIRECTION('ref_axis',(0.707106781186548,0.,-0.707106781186547));
#5923=DIRECTION('center_axis',(0.,0.,1.));
#5924=DIRECTION('ref_axis',(-0.707106781186543,0.707106781186552,0.));
#5925=DIRECTION('',(0.,0.,-1.));
#5926=DIRECTION('',(0.,0.,1.));
#5927=DIRECTION('center_axis',(-0.70710678118655,0.,-0.707106781186545));
#5928=DIRECTION('ref_axis',(0.707106781186545,0.,-0.70710678118655));
#5929=DIRECTION('center_axis',(1.,0.,0.));
#5930=DIRECTION('ref_axis',(0.,-0.70710678118653,0.707106781186566));
#5931=DIRECTION('',(-1.,0.,0.));
#5932=DIRECTION('center_axis',(-1.,0.,0.));
#5933=DIRECTION('ref_axis',(0.,-1.,0.));
#5934=DIRECTION('',(1.,0.,0.));
#5935=DIRECTION('center_axis',(0.,4.61852778244064E-14,1.));
#5936=DIRECTION('ref_axis',(1.,0.,0.));
#5937=DIRECTION('center_axis',(-6.34413156928666E-15,-1.,4.440892098505E-14));
#5938=DIRECTION('ref_axis',(1.,-6.34413156928666E-15,0.));
#5939=DIRECTION('center_axis',(0.,-4.61852778244064E-14,-1.));
#5940=DIRECTION('ref_axis',(0.707106781186547,-0.707106781186549,3.26579231406225E-14));
#5941=DIRECTION('center_axis',(0.,4.61852778244064E-14,1.));
#5942=DIRECTION('ref_axis',(0.707106781186547,-0.707106781186548,3.26613736056912E-14));
#5943=DIRECTION('center_axis',(0.,1.,-4.61852778244064E-14));
#5944=DIRECTION('ref_axis',(0.707106781186548,3.58878276270576E-14,0.707106781186548));
#5945=DIRECTION('center_axis',(0.,-1.,4.44089209850061E-14));
#5946=DIRECTION('ref_axis',(1.,0.,0.));
#5947=DIRECTION('',(0.,-1.,4.61852778244064E-14));
#5948=DIRECTION('center_axis',(0.,4.61852778244064E-14,1.));
#5949=DIRECTION('ref_axis',(1.,0.,0.));
#5950=DIRECTION('center_axis',(1.,0.,0.));
#5951=DIRECTION('ref_axis',(0.,1.,-5.07530525542933E-14));
#5952=DIRECTION('center_axis',(0.,-4.61852778244064E-14,-1.));
#5953=DIRECTION('ref_axis',(0.707106781186548,0.707106781186547,-3.26579231406224E-14));
#5954=DIRECTION('center_axis',(0.,4.61852778244064E-14,1.));
#5955=DIRECTION('ref_axis',(0.707106781186548,0.707106781186547,-3.26613736056913E-14));
#5956=DIRECTION('center_axis',(-1.,0.,0.));
#5957=DIRECTION('ref_axis',(0.,0.707106781186556,0.707106781186539));
#5958=DIRECTION('',(1.,0.,0.));
#5959=DIRECTION('',(-1.,0.,0.));
#5960=DIRECTION('center_axis',(0.,1.,0.));
#5961=DIRECTION('ref_axis',(0.,0.,-1.));
#5962=DIRECTION('',(0.,0.,-1.));
#5963=DIRECTION('',(-1.,1.21319569706204E-17,0.));
#5964=DIRECTION('center_axis',(0.,0.,1.));
#5965=DIRECTION('ref_axis',(1.,0.,0.));
#5966=DIRECTION('center_axis',(7.61791478484191E-30,7.61791478484191E-30,
1.));
#5967=DIRECTION('ref_axis',(1.,-2.83276944882398E-16,-6.31088724176808E-30));
#5968=DIRECTION('center_axis',(0.,0.,1.));
#5969=DIRECTION('ref_axis',(0.,-1.,0.));
#5970=DIRECTION('',(0.,0.,-1.));
#5971=DIRECTION('center_axis',(7.6179147848419E-30,-7.6179147848419E-30,
1.));
#5972=DIRECTION('ref_axis',(-2.22044604925031E-16,-1.,-6.31088724176807E-30));
#5973=DIRECTION('center_axis',(0.,-1.,0.));
#5974=DIRECTION('ref_axis',(0.,0.,-1.));
#5975=DIRECTION('',(1.,0.,0.));
#5976=DIRECTION('center_axis',(1.,0.,0.));
#5977=DIRECTION('ref_axis',(0.,0.707106781186543,0.707106781186552));
#5978=DIRECTION('',(-1.,0.,0.));
#5979=DIRECTION('center_axis',(-1.,0.,0.));
#5980=DIRECTION('ref_axis',(0.,0.,1.));
#5981=DIRECTION('',(1.,0.,0.));
#5982=DIRECTION('center_axis',(0.,0.,1.));
#5983=DIRECTION('ref_axis',(1.,0.,0.));
#5984=DIRECTION('center_axis',(0.,-1.,0.));
#5985=DIRECTION('ref_axis',(0.,0.,1.));
#5986=DIRECTION('center_axis',(0.,0.,-1.));
#5987=DIRECTION('ref_axis',(0.707106781186547,-0.707106781186548,0.));
#5988=DIRECTION('center_axis',(0.,0.,1.));
#5989=DIRECTION('ref_axis',(0.707106781186547,-0.707106781186548,0.));
#5990=DIRECTION('center_axis',(0.,1.,0.));
#5991=DIRECTION('ref_axis',(-0.707106781186548,0.,0.707106781186548));
#5992=DIRECTION('center_axis',(-6.34413156928658E-15,-1.,0.));
#5993=DIRECTION('ref_axis',(0.,0.,1.));
#5994=DIRECTION('',(0.,-1.,0.));
#5995=DIRECTION('',(0.,1.,0.));
#5996=DIRECTION('center_axis',(0.,0.,1.));
#5997=DIRECTION('ref_axis',(1.,0.,0.));
#5998=DIRECTION('center_axis',(1.,0.,0.));
#5999=DIRECTION('ref_axis',(0.,0.,1.));
#6000=DIRECTION('center_axis',(0.,0.,-1.));
#6001=DIRECTION('ref_axis',(0.707106781186547,0.707106781186548,0.));
#6002=DIRECTION('center_axis',(0.,0.,1.));
#6003=DIRECTION('ref_axis',(0.707106781186547,0.707106781186548,0.));
#6004=DIRECTION('center_axis',(-1.,0.,0.));
#6005=DIRECTION('ref_axis',(0.,-0.707106781186543,0.707106781186552));
#6006=DIRECTION('',(1.,0.,0.));
#6007=DIRECTION('',(-1.,0.,0.));
#6008=DIRECTION('center_axis',(0.,0.,1.));
#6009=DIRECTION('ref_axis',(0.,-1.,0.));
#6010=DIRECTION('',(1.,0.,0.));
#6011=DIRECTION('',(-1.,0.,0.));
#6012=DIRECTION('center_axis',(0.,0.,-1.));
#6013=DIRECTION('ref_axis',(0.707106781186548,-0.707106781186547,0.));
#6014=DIRECTION('',(0.,-1.,0.));
#6015=DIRECTION('center_axis',(0.,0.,-1.));
#6016=DIRECTION('ref_axis',(0.707106781186547,0.707106781186548,0.));
#6017=DIRECTION('center_axis',(1.,0.,0.));
#6018=DIRECTION('ref_axis',(0.,-0.707106781186548,-0.707106781186548));
#6019=DIRECTION('center_axis',(1.,0.,0.));
#6020=DIRECTION('ref_axis',(0.,-1.,0.));
#6021=DIRECTION('',(-1.,0.,0.));
#6022=DIRECTION('',(1.,0.,0.));
#6023=DIRECTION('center_axis',(0.,1.,0.));
#6024=DIRECTION('ref_axis',(0.,0.,1.));
#6025=DIRECTION('center_axis',(0.,0.,1.));
#6026=DIRECTION('ref_axis',(0.,-1.,0.));
#6027=DIRECTION('center_axis',(0.,1.,0.));
#6028=DIRECTION('ref_axis',(0.707106781186548,0.,-0.707106781186547));
#6029=DIRECTION('center_axis',(0.,-1.,0.));
#6030=DIRECTION('ref_axis',(0.707106781186548,0.,-0.707106781186547));
#6031=DIRECTION('center_axis',(0.,0.,1.));
#6032=DIRECTION('ref_axis',(0.707106781186541,-0.707106781186554,0.));
#6033=DIRECTION('center_axis',(0.,4.61852778244064E-14,1.));
#6034=DIRECTION('ref_axis',(0.707106781186541,-0.707106781186554,0.));
#6035=DIRECTION('',(0.,0.,-1.));
#6036=DIRECTION('',(0.,0.,1.));
#6037=DIRECTION('center_axis',(0.,-1.,0.));
#6038=DIRECTION('ref_axis',(0.,0.,-1.));
#6039=DIRECTION('',(-1.,0.,0.));
#6040=DIRECTION('center_axis',(1.,0.,0.));
#6041=DIRECTION('ref_axis',(0.,0.707106781186535,-0.70710678118656));
#6042=DIRECTION('center_axis',(1.,0.,0.));
#6043=DIRECTION('ref_axis',(0.,-4.44089209850064E-14,-1.));
#6044=DIRECTION('',(-1.,0.,0.));
#6045=DIRECTION('',(-1.,0.,0.));
#6046=DIRECTION('center_axis',(0.,4.61852778244064E-14,1.));
#6047=DIRECTION('ref_axis',(1.,0.,0.));
#6048=DIRECTION('center_axis',(0.,1.,-4.44089209849756E-14));
#6049=DIRECTION('ref_axis',(0.,-4.44089209849757E-14,-1.));
#6050=DIRECTION('center_axis',(0.,-4.61852778244064E-14,-1.));
#6051=DIRECTION('ref_axis',(0.707106781186549,-0.707106781186546,3.26590606410566E-14));
#6052=DIRECTION('center_axis',(0.,4.61852778244064E-14,1.));
#6053=DIRECTION('ref_axis',(0.707106781186549,-0.707106781186546,3.26579231406224E-14));
#6054=DIRECTION('center_axis',(1.36735890238309E-28,1.,-4.61852778244064E-14));
#6055=DIRECTION('ref_axis',(-0.707106781186541,-3.14018491736759E-14,-0.707106781186554));
#6056=DIRECTION('center_axis',(0.,1.,-4.44089209850064E-14));
#6057=DIRECTION('ref_axis',(0.,-4.44089209850064E-14,-1.));
#6058=DIRECTION('',(-1.36735890238309E-28,-1.,4.61852778244064E-14));
#6059=DIRECTION('',(1.36735890238309E-28,1.,-4.61852778244064E-14));
#6060=DIRECTION('center_axis',(0.,4.61852778244064E-14,1.));
#6061=DIRECTION('ref_axis',(1.,0.,0.));
#6062=DIRECTION('center_axis',(-1.,0.,0.));
#6063=DIRECTION('ref_axis',(0.,-4.44089209848782E-14,-1.));
#6064=DIRECTION('center_axis',(0.,-4.61852778244064E-14,-1.));
#6065=DIRECTION('ref_axis',(0.707106781186546,0.707106781186549,-3.26590606410565E-14));
#6066=DIRECTION('center_axis',(0.,4.61852778244064E-14,1.));
#6067=DIRECTION('ref_axis',(0.707106781186546,0.707106781186549,-3.26579231406225E-14));
#6068=DIRECTION('center_axis',(-1.,0.,0.));
#6069=DIRECTION('ref_axis',(0.,-0.707106781186566,-0.707106781186529));
#6070=DIRECTION('',(1.,0.,0.));
#6071=DIRECTION('',(-1.,0.,0.));
#6072=DIRECTION('center_axis',(0.,4.61852778244064E-14,1.));
#6073=DIRECTION('ref_axis',(0.,-1.,4.61852778244064E-14));
#6074=DIRECTION('',(0.,-1.,4.61852778244064E-14));
#6075=DIRECTION('center_axis',(1.,0.,0.));
#6076=DIRECTION('ref_axis',(0.,-0.707106781186548,0.707106781186548));
#6077=DIRECTION('',(-1.,0.,0.));
#6078=DIRECTION('center_axis',(-1.,0.,0.));
#6079=DIRECTION('ref_axis',(0.,-1.,0.));
#6080=DIRECTION('center_axis',(0.,0.,1.));
#6081=DIRECTION('ref_axis',(1.,0.,0.));
#6082=DIRECTION('center_axis',(0.,-1.,0.));
#6083=DIRECTION('ref_axis',(1.,0.,0.));
#6084=DIRECTION('center_axis',(0.,0.,1.));
#6085=DIRECTION('ref_axis',(0.707106781186548,-0.707106781186547,0.));
#6086=DIRECTION('center_axis',(0.,1.,0.));
#6087=DIRECTION('ref_axis',(0.707106781186548,0.,0.707106781186548));
#6088=DIRECTION('center_axis',(0.,-1.,0.));
#6089=DIRECTION('ref_axis',(1.,0.,0.));
#6090=DIRECTION('',(0.,1.,0.));
#6091=DIRECTION('center_axis',(0.,0.,1.));
#6092=DIRECTION('ref_axis',(1.,0.,0.));
#6093=DIRECTION('center_axis',(1.,0.,0.));
#6094=DIRECTION('ref_axis',(0.,1.,0.));
#6095=DIRECTION('center_axis',(0.,0.,1.));
#6096=DIRECTION('ref_axis',(0.707106781186548,0.707106781186548,0.));
#6097=DIRECTION('center_axis',(-1.,0.,0.));
#6098=DIRECTION('ref_axis',(0.,0.707106781186548,0.707106781186548));
#6099=DIRECTION('',(-1.,0.,0.));
#6100=DIRECTION('center_axis',(0.,-1.,0.));
#6101=DIRECTION('ref_axis',(0.707106781186548,0.,-0.707106781186547));
#6102=DIRECTION('',(0.,-1.,0.));
#6103=DIRECTION('',(0.,1.,0.));
#6104=DIRECTION('center_axis',(0.,0.,-1.));
#6105=DIRECTION('ref_axis',(1.,0.,0.));
#6106=DIRECTION('center_axis',(1.,0.,0.));
#6107=DIRECTION('ref_axis',(0.,0.,1.));
#6108=DIRECTION('center_axis',(0.,0.642787609686537,-0.76604444311898));
#6109=DIRECTION('ref_axis',(-9.38133875270275E-17,-0.76604444311898,-0.642787609686537));
#6110=DIRECTION('',(-9.38133875270275E-17,-0.76604444311898,-0.642787609686537));
#6111=DIRECTION('',(-1.,1.21319569706204E-17,0.));
#6112=DIRECTION('',(-1.,1.21319569706204E-17,0.));
#6113=DIRECTION('center_axis',(-1.,0.,0.));
#6114=DIRECTION('ref_axis',(0.,1.,-1.22464679914735E-16));
#6115=DIRECTION('center_axis',(-1.,1.22464679914735E-16,0.));
#6116=DIRECTION('ref_axis',(1.22464679914735E-16,1.,-1.22464679914735E-16));
#6117=DIRECTION('center_axis',(0.,1.,2.96059473233375E-15));
#6118=DIRECTION('ref_axis',(3.62568286252504E-31,2.96059473233375E-15,-1.));
#6119=DIRECTION('',(3.62568286252504E-31,2.96059473233375E-15,-1.));
#6120=DIRECTION('center_axis',(0.,-1.,9.95372366905313E-16));
#6121=DIRECTION('ref_axis',(1.21897958309032E-31,9.95372366905313E-16,1.));
#6122=DIRECTION('',(-1.,1.21319569706204E-17,0.));
#6123=DIRECTION('',(1.21897958309032E-31,9.95372366905313E-16,1.));
#6124=DIRECTION('center_axis',(-1.,0.,0.));
#6125=DIRECTION('ref_axis',(0.,1.,0.));
#6126=DIRECTION('center_axis',(1.,-1.22464679914735E-16,0.));
#6127=DIRECTION('ref_axis',(1.22464679914735E-16,1.,0.));
#6128=DIRECTION('',(-1.,1.21319569706204E-17,0.));
#6129=DIRECTION('center_axis',(0.,-0.500000000000065,0.866025403784402));
#6130=DIRECTION('ref_axis',(1.06057523872486E-16,0.866025403784401,0.500000000000064));
#6131=DIRECTION('',(1.06057523872486E-16,0.866025403784401,0.500000000000064));
#6132=DIRECTION('',(-1.,1.21319569706204E-17,0.));
#6133=DIRECTION('center_axis',(0.,0.,1.));
#6134=DIRECTION('ref_axis',(1.,0.,0.));
#6135=DIRECTION('',(-0.76604444311898,4.69066937635138E-17,-0.642787609686537));
#6136=DIRECTION('center_axis',(3.93016711944728E-16,3.93016711944728E-16,
1.));
#6137=DIRECTION('ref_axis',(1.,2.64353364696205E-16,-3.25585704653573E-16));
#6138=DIRECTION('center_axis',(3.26313087279779E-16,3.26313087279779E-16,
1.));
#6139=DIRECTION('ref_axis',(1.,-4.66722258950728E-16,-3.37908265827801E-16));
#6140=DIRECTION('center_axis',(6.12323399573677E-17,1.,0.));
#6141=DIRECTION('ref_axis',(1.,-6.12323399573677E-17,-1.22464679914735E-16));
#6142=DIRECTION('center_axis',(0.,0.,1.));
#6143=DIRECTION('ref_axis',(1.,0.,0.));
#6144=DIRECTION('',(2.96059473233375E-15,-1.81284143126252E-31,-1.));
#6145=DIRECTION('center_axis',(0.,0.,1.));
#6146=DIRECTION('ref_axis',(1.,0.,0.));
#6147=DIRECTION('center_axis',(-2.68031548330894E-16,-2.68031548330894E-16,
1.));
#6148=DIRECTION('ref_axis',(1.,-5.05321549807431E-16,2.22044604925032E-16));
#6149=DIRECTION('',(9.95372366905313E-16,-6.09489791545158E-32,1.));
#6150=DIRECTION('center_axis',(-6.12323399573677E-17,-1.,0.));
#6151=DIRECTION('ref_axis',(1.,-6.12323399573677E-17,0.));
#6152=DIRECTION('center_axis',(-4.46719247218157E-17,-4.46719247218157E-17,
1.));
#6153=DIRECTION('ref_axis',(1.,2.34827133276008E-16,3.7007434154172E-17));
#6154=DIRECTION('center_axis',(0.,0.,1.));
#6155=DIRECTION('ref_axis',(1.,0.,0.));
#6156=DIRECTION('',(0.866025403784401,-5.30287619362431E-17,0.500000000000064));
#6157=DIRECTION('center_axis',(7.5100749603336E-31,7.5100749603336E-31,
1.));
#6158=DIRECTION('ref_axis',(1.,3.76570306730874E-16,-6.22154980601751E-31));
#6159=DIRECTION('center_axis',(0.642787609686537,0.,-0.76604444311898));
#6160=DIRECTION('ref_axis',(-0.76604444311898,4.69066937635138E-17,-0.642787609686537));
#6161=DIRECTION('',(-0.76604444311898,4.69066937635138E-17,-0.642787609686537));
#6162=DIRECTION('',(-3.22601252742245E-17,1.,0.));
#6163=DIRECTION('',(-3.22601252742245E-17,1.,0.));
#6164=DIRECTION('center_axis',(0.,1.,0.));
#6165=DIRECTION('ref_axis',(1.,0.,-1.22464679914735E-16));
#6166=DIRECTION('center_axis',(6.12323399573677E-17,1.,0.));
#6167=DIRECTION('ref_axis',(1.,-6.12323399573677E-17,-1.22464679914735E-16));
#6168=DIRECTION('center_axis',(1.,0.,2.96059473233375E-15));
#6169=DIRECTION('ref_axis',(2.96059473233375E-15,-1.81284143126252E-31,
-1.));
#6170=DIRECTION('',(2.96059473233375E-15,-1.81284143126252E-31,-1.));
#6171=DIRECTION('center_axis',(-1.,0.,9.95372366905313E-16));
#6172=DIRECTION('ref_axis',(9.95372366905313E-16,-6.09489791545158E-32,
1.));
#6173=DIRECTION('',(-3.22601252742245E-17,1.,0.));
#6174=DIRECTION('',(9.95372366905313E-16,-6.09489791545158E-32,1.));
#6175=DIRECTION('center_axis',(0.,1.,0.));
#6176=DIRECTION('ref_axis',(1.,0.,0.));
#6177=DIRECTION('center_axis',(-6.12323399573677E-17,-1.,0.));
#6178=DIRECTION('ref_axis',(1.,-6.12323399573677E-17,0.));
#6179=DIRECTION('',(-3.22601252742245E-17,1.,0.));
#6180=DIRECTION('center_axis',(-0.500000000000065,0.,0.866025403784402));
#6181=DIRECTION('ref_axis',(0.866025403784401,-5.30287619362431E-17,0.500000000000064));
#6182=DIRECTION('',(0.866025403784401,-5.30287619362431E-17,0.500000000000064));
#6183=DIRECTION('',(-3.22601252742245E-17,1.,0.));
#6184=DIRECTION('center_axis',(0.,0.,1.));
#6185=DIRECTION('ref_axis',(0.,-1.,0.));
#6186=DIRECTION('',(0.,0.76604444311898,-0.642787609686537));
#6187=DIRECTION('center_axis',(3.93016711944728E-16,-3.93016711944728E-16,
1.));
#6188=DIRECTION('ref_axis',(8.13964261633931E-17,-1.,-3.25585704653572E-16));
#6189=DIRECTION('center_axis',(3.26313087279779E-16,-3.26313087279779E-16,
1.));
#6190=DIRECTION('ref_axis',(1.3516330633112E-16,-1.,-3.379082658278E-16));
#6191=DIRECTION('center_axis',(1.,0.,0.));
#6192=DIRECTION('ref_axis',(0.,-1.,-1.22464679914735E-16));
#6193=DIRECTION('center_axis',(0.,0.,1.));
#6194=DIRECTION('ref_axis',(0.,-1.,0.));
#6195=DIRECTION('',(0.,-2.96059473233375E-15,-1.));
#6196=DIRECTION('center_axis',(0.,0.,1.));
#6197=DIRECTION('ref_axis',(0.,-1.,0.));
#6198=DIRECTION('center_axis',(-2.68031548330893E-16,2.68031548330893E-16,
1.));
#6199=DIRECTION('ref_axis',(0.,-1.,2.22044604925031E-16));
#6200=DIRECTION('',(0.,-9.95372366905313E-16,1.));
#6201=DIRECTION('center_axis',(-1.,0.,0.));
#6202=DIRECTION('ref_axis',(0.,-1.,0.));
#6203=DIRECTION('center_axis',(-4.46719247218155E-17,4.46719247218155E-17,
1.));
#6204=DIRECTION('ref_axis',(-4.44089209850063E-16,-1.,3.70074341541719E-17));
#6205=DIRECTION('center_axis',(0.,0.,1.));
#6206=DIRECTION('ref_axis',(0.,-1.,0.));
#6207=DIRECTION('',(0.,-0.866025403784401,0.500000000000064));
#6208=DIRECTION('center_axis',(7.51007496033357E-31,-7.51007496033357E-31,
1.));
#6209=DIRECTION('ref_axis',(-2.62681588012944E-16,-1.,-6.2215498060175E-31));
#6210=DIRECTION('center_axis',(0.,0.,1.));
#6211=DIRECTION('ref_axis',(1.,0.,0.));
#6212=DIRECTION('',(1.,0.,0.));
#6213=DIRECTION('center_axis',(0.,-0.642787609686537,-0.76604444311898));
#6214=DIRECTION('ref_axis',(0.,0.76604444311898,-0.642787609686537));
#6215=DIRECTION('',(1.,0.,0.));
#6216=DIRECTION('',(1.,0.,0.));
#6217=DIRECTION('center_axis',(1.,0.,0.));
#6218=DIRECTION('ref_axis',(0.,-1.,-1.22464679914735E-16));
#6219=DIRECTION('center_axis',(0.,-1.,2.96059473233375E-15));
#6220=DIRECTION('ref_axis',(0.,-2.96059473233375E-15,-1.));
#6221=DIRECTION('center_axis',(0.,1.,9.95372366905313E-16));
#6222=DIRECTION('ref_axis',(0.,-9.95372366905313E-16,1.));
#6223=DIRECTION('',(1.,0.,0.));
#6224=DIRECTION('center_axis',(1.,0.,0.));
#6225=DIRECTION('ref_axis',(0.,-1.,0.));
#6226=DIRECTION('',(1.,0.,0.));
#6227=DIRECTION('center_axis',(0.,0.500000000000065,0.866025403784402));
#6228=DIRECTION('ref_axis',(0.,-0.866025403784401,0.500000000000064));
#6229=DIRECTION('center_axis',(0.,1.1348946473946E-14,-1.));
#6230=DIRECTION('ref_axis',(0.,1.,1.1348946473946E-14));
#6231=DIRECTION('center_axis',(0.707106781186546,-0.707106781186549,8.35474123672451E-16));
#6232=DIRECTION('ref_axis',(1.18153883670936E-15,0.,-1.));
#6233=DIRECTION('',(0.,1.18153883670935E-15,1.));
#6234=DIRECTION('center_axis',(-1.,0.,0.));
#6235=DIRECTION('ref_axis',(0.,0.,1.));
#6236=DIRECTION('center_axis',(1.,0.,0.));
#6237=DIRECTION('ref_axis',(0.,1.18153883670935E-15,1.));
#6238=DIRECTION('',(0.,-0.458122847290851,0.888888888888889));
#6239=DIRECTION('center_axis',(-1.,0.,0.));
#6240=DIRECTION('ref_axis',(0.,1.18153883670935E-15,1.));
#6241=DIRECTION('center_axis',(0.707106781186546,0.62853936105471,0.32394177193585));
#6242=DIRECTION('ref_axis',(0.416496563917522,0.,-0.909137290096989));
#6243=DIRECTION('center_axis',(-0.707106781186546,-0.62853936105471,-0.32394177193585));
#6244=DIRECTION('ref_axis',(-0.707106781186549,0.628539361054708,0.323941771935849));
#6245=DIRECTION('',(0.,-0.458122847290851,0.888888888888889));
#6246=DIRECTION('center_axis',(1.,0.,0.));
#6247=DIRECTION('ref_axis',(0.,1.18153883670935E-15,1.));
#6248=DIRECTION('center_axis',(-1.,0.,0.));
#6249=DIRECTION('ref_axis',(0.,1.18153883670935E-15,1.));
#6250=DIRECTION('center_axis',(1.,0.,0.));
#6251=DIRECTION('ref_axis',(0.,1.18153883670935E-15,1.));
#6252=DIRECTION('center_axis',(1.,0.,0.));
#6253=DIRECTION('ref_axis',(0.,1.18153883670935E-15,1.));
#6254=DIRECTION('center_axis',(0.,0.,-1.));
#6255=DIRECTION('ref_axis',(0.707106781186543,0.707106781186552,0.));
#6256=DIRECTION('',(0.,0.,1.));
#6257=DIRECTION('center_axis',(-0.70710678118655,0.,-0.707106781186545));
#6258=DIRECTION('ref_axis',(0.707106781186545,0.,-0.70710678118655));
#6259=DIRECTION('',(0.,0.,-1.));
#6260=DIRECTION('center_axis',(0.,0.,1.));
#6261=DIRECTION('ref_axis',(1.,0.,0.));
#6262=DIRECTION('center_axis',(0.,4.61852778244064E-14,1.));
#6263=DIRECTION('ref_axis',(-1.,0.,0.));
#6264=DIRECTION('center_axis',(0.,1.,-3.80647894156693E-14));
#6265=DIRECTION('ref_axis',(0.,-3.80647894156693E-14,-1.));
#6266=DIRECTION('center_axis',(0.,-4.61852778244064E-14,-1.));
#6267=DIRECTION('ref_axis',(-0.707106781186548,-0.707106781186547,3.26579231406224E-14));
#6268=DIRECTION('center_axis',(-1.,0.,0.));
#6269=DIRECTION('ref_axis',(0.,-5.07530525542927E-14,-1.));
#6270=DIRECTION('center_axis',(0.,4.61852778244064E-14,1.));
#6271=DIRECTION('ref_axis',(-0.707106781186548,-0.707106781186547,3.26613736056912E-14));
#6272=DIRECTION('center_axis',(0.,-1.,4.61852778244064E-14));
#6273=DIRECTION('ref_axis',(-0.707106781186548,-2.69158707202932E-14,-0.707106781186548));
#6274=DIRECTION('center_axis',(6.34413156928666E-15,1.,-4.44089209850061E-14));
#6275=DIRECTION('ref_axis',(0.,-4.44089209850061E-14,-1.));
#6276=DIRECTION('',(0.,1.,-4.61852778244064E-14));
#6277=DIRECTION('',(0.,-1.,4.61852778244064E-14));
#6278=DIRECTION('center_axis',(0.,4.61852778244064E-14,1.));
#6279=DIRECTION('ref_axis',(-1.,0.,0.));
#6280=DIRECTION('center_axis',(1.,0.,0.));
#6281=DIRECTION('ref_axis',(0.,-5.07530525540666E-14,-1.));
#6282=DIRECTION('center_axis',(0.,-4.61852778244064E-14,-1.));
#6283=DIRECTION('ref_axis',(-0.707106781186547,0.707106781186548,-3.26579231406225E-14));
#6284=DIRECTION('center_axis',(0.,4.61852778244064E-14,1.));
#6285=DIRECTION('ref_axis',(-0.707106781186547,0.707106781186548,-3.26613736056912E-14));
#6286=DIRECTION('center_axis',(-1.,0.,0.));
#6287=DIRECTION('ref_axis',(0.,0.70710678118653,-0.707106781186566));
#6288=DIRECTION('',(-1.,0.,0.));
#6289=DIRECTION('',(1.,0.,0.));
#6290=DIRECTION('center_axis',(0.,1.,0.));
#6291=DIRECTION('ref_axis',(0.,0.,1.));
#6292=DIRECTION('center_axis',(1.,0.,0.));
#6293=DIRECTION('ref_axis',(0.,0.,-1.));
#6294=DIRECTION('center_axis',(0.,1.,0.));
#6295=DIRECTION('ref_axis',(-0.707106781186548,0.,0.707106781186547));
#6296=DIRECTION('center_axis',(0.,-1.,0.));
#6297=DIRECTION('ref_axis',(-0.707106781186548,0.,0.707106781186547));
#6298=DIRECTION('center_axis',(0.,1.,0.));
#6299=DIRECTION('ref_axis',(-0.707106781186548,0.,0.707106781186547));
#6300=DIRECTION('',(0.,1.,0.));
#6301=DIRECTION('center_axis',(0.,-1.,0.));
#6302=DIRECTION('ref_axis',(-0.707106781186548,0.,0.707106781186547));
#6303=DIRECTION('',(0.,-1.,0.));
#6304=DIRECTION('center_axis',(1.,0.,0.));
#6305=DIRECTION('ref_axis',(0.,0.,1.));
#6306=DIRECTION('',(0.,0.,-1.));
#6307=DIRECTION('',(0.,1.,-4.61852778244064E-14));
#6308=DIRECTION('center_axis',(0.,0.,-1.));
#6309=DIRECTION('ref_axis',(-0.707106781186541,-0.707106781186554,0.));
#6310=DIRECTION('center_axis',(0.,0.,-1.));
#6311=DIRECTION('ref_axis',(0.,-1.,0.));
#6312=DIRECTION('',(0.,0.,1.));
#6313=DIRECTION('center_axis',(0.,4.61852778244064E-14,1.));
#6314=DIRECTION('ref_axis',(-0.707106781186541,-0.707106781186554,0.));
#6315=DIRECTION('center_axis',(0.,1.,0.));
#6316=DIRECTION('ref_axis',(0.,0.,1.));
#6317=DIRECTION('center_axis',(-1.,0.,0.));
#6318=DIRECTION('ref_axis',(0.,-1.,0.));
#6319=DIRECTION('center_axis',(0.,1.,0.));
#6320=DIRECTION('ref_axis',(-0.707106781186548,0.,0.707106781186547));
#6321=DIRECTION('center_axis',(0.,4.61852778244064E-14,1.));
#6322=DIRECTION('ref_axis',(-1.,0.,0.));
#6323=DIRECTION('center_axis',(0.,1.,-4.44089209849654E-14));
#6324=DIRECTION('ref_axis',(1.,0.,0.));
#6325=DIRECTION('center_axis',(0.,-4.61852778244064E-14,-1.));
#6326=DIRECTION('ref_axis',(-0.707106781186549,-0.707106781186546,3.26584519661528E-14));
#6327=DIRECTION('center_axis',(-1.,0.,0.));
#6328=DIRECTION('ref_axis',(0.,1.,0.));
#6329=DIRECTION('center_axis',(0.,4.61852778244064E-14,1.));
#6330=DIRECTION('ref_axis',(-0.707106781186549,-0.707106781186546,3.26579231406224E-14));
#6331=DIRECTION('center_axis',(1.36735890238309E-28,-1.,4.61852778244064E-14));
#6332=DIRECTION('ref_axis',(0.707106781186541,-3.14018491736759E-14,-0.707106781186554));
#6333=DIRECTION('center_axis',(-4.44089209850068E-15,1.,-4.44089209850064E-14));
#6334=DIRECTION('ref_axis',(1.,4.44089209850068E-15,0.));
#6335=DIRECTION('',(-1.36735890238309E-28,1.,-4.61852778244064E-14));
#6336=DIRECTION('',(1.36735890238309E-28,-1.,4.61852778244064E-14));
#6337=DIRECTION('center_axis',(0.,4.61852778244064E-14,1.));
#6338=DIRECTION('ref_axis',(-1.,0.,0.));
#6339=DIRECTION('center_axis',(1.,-8.8817841970012E-15,3.94430452609276E-28));
#6340=DIRECTION('ref_axis',(-8.8817841970012E-15,-1.,4.4408920985006E-14));
#6341=DIRECTION('center_axis',(0.,-4.61852778244064E-14,-1.));
#6342=DIRECTION('ref_axis',(-0.707106781186546,0.707106781186549,-3.26584519661527E-14));
#6343=DIRECTION('center_axis',(0.,4.61852778244064E-14,1.));
#6344=DIRECTION('ref_axis',(-0.707106781186546,0.707106781186549,-3.26579231406225E-14));
#6345=DIRECTION('center_axis',(0.,0.,-1.));
#6346=DIRECTION('ref_axis',(-1.,0.,0.));
#6347=DIRECTION('',(3.62568286252504E-31,-2.96059473233375E-15,1.));
#6348=DIRECTION('center_axis',(0.,0.,1.));
#6349=DIRECTION('ref_axis',(-0.707106781186548,0.707106781186548,0.));
#6350=DIRECTION('',(2.96059473233375E-15,1.81284143126252E-31,1.));
#6351=DIRECTION('center_axis',(-1.,0.,2.96059473233375E-15));
#6352=DIRECTION('ref_axis',(2.96059473233375E-15,1.81284143126252E-31,1.));
#6353=DIRECTION('',(0.,-1.,0.));
#6354=DIRECTION('',(2.96059473233375E-15,1.81284143126252E-31,1.));
#6355=DIRECTION('center_axis',(0.,0.,-1.));
#6356=DIRECTION('ref_axis',(0.,-1.,0.));
#6357=DIRECTION('center_axis',(0.,0.,1.));
#6358=DIRECTION('ref_axis',(-0.707106781186547,-0.707106781186547,0.));
#6359=DIRECTION('',(0.,2.96059473233375E-15,1.));
#6360=DIRECTION('center_axis',(0.,0.,1.));
#6361=DIRECTION('ref_axis',(-1.,0.,0.));
#6362=DIRECTION('center_axis',(0.,-1.,0.));
#6363=DIRECTION('ref_axis',(0.,0.,1.));
#6364=DIRECTION('center_axis',(0.,0.,-1.));
#6365=DIRECTION('ref_axis',(-0.707106781186548,-0.707106781186547,0.));
#6366=DIRECTION('center_axis',(1.,0.,0.));
#6367=DIRECTION('ref_axis',(0.,0.,1.));
#6368=DIRECTION('center_axis',(0.,-1.,0.));
#6369=DIRECTION('ref_axis',(-0.707106781186548,0.,0.707106781186548));
#6370=DIRECTION('center_axis',(0.,-1.,0.));
#6371=DIRECTION('ref_axis',(0.,0.,1.));
#6372=DIRECTION('',(0.,1.,0.));
#6373=DIRECTION('center_axis',(0.,0.,1.));
#6374=DIRECTION('ref_axis',(-1.,0.,0.));
#6375=DIRECTION('center_axis',(-1.,0.,0.));
#6376=DIRECTION('ref_axis',(0.,0.,1.));
#6377=DIRECTION('center_axis',(0.,0.,-1.));
#6378=DIRECTION('ref_axis',(-0.707106781186548,0.707106781186548,0.));
#6379=DIRECTION('center_axis',(0.,0.,-1.));
#6380=DIRECTION('ref_axis',(-1.,0.,0.));
#6381=DIRECTION('',(0.,0.,-1.));
#6382=DIRECTION('center_axis',(-2.14425238664714E-15,2.14425238664714E-15,
-1.));
#6383=DIRECTION('ref_axis',(-1.,-2.83276944882398E-16,2.22044604925031E-15));
#6384=DIRECTION('',(0.,0.,-1.));
#6385=DIRECTION('center_axis',(0.,0.,1.));
#6386=DIRECTION('ref_axis',(0.,1.,0.));
#6387=DIRECTION('center_axis',(6.12323399573677E-17,-1.,0.));
#6388=DIRECTION('ref_axis',(-7.40148683083436E-16,-4.53210357815629E-32,
1.));
#6389=DIRECTION('center_axis',(-2.40161878241342E-15,2.40161878241342E-15,
-1.));
#6390=DIRECTION('ref_axis',(-1.,-6.12323399573677E-17,2.48695767831399E-15));
#6391=DIRECTION('center_axis',(-1.,-1.22464679914735E-16,0.));
#6392=DIRECTION('ref_axis',(-9.06420715631259E-32,7.40148683083436E-16,
1.));
#6393=DIRECTION('center_axis',(0.,0.,-1.));
#6394=DIRECTION('ref_axis',(-1.,0.,0.));
#6395=DIRECTION('',(-0.766044443118961,-4.69066937635126E-17,-0.64278760968656));
#6396=DIRECTION('center_axis',(-2.6498715388759E-15,2.6498715388759E-15,
-1.));
#6397=DIRECTION('ref_axis',(-1.,2.13170842529847E-16,2.74403182487215E-15));
#6398=DIRECTION('',(-9.38133875270252E-17,0.766044443118961,-0.64278760968656));
#6399=DIRECTION('center_axis',(1.,0.,0.));
#6400=DIRECTION('ref_axis',(0.,0.,-1.));
#6401=DIRECTION('',(0.,0.,-1.));
#6402=DIRECTION('',(3.22601252742245E-17,1.,0.));
#6403=DIRECTION('center_axis',(0.,-1.,0.));
#6404=DIRECTION('ref_axis',(-7.40148683083436E-16,0.,1.));
#6405=DIRECTION('center_axis',(6.12323399573677E-17,-1.,0.));
#6406=DIRECTION('ref_axis',(-7.40148683083436E-16,-4.53210357815629E-32,
1.));
#6407=DIRECTION('',(3.22601252742245E-17,1.,0.));
#6408=DIRECTION('center_axis',(0.64278760968656,0.,-0.766044443118961));
#6409=DIRECTION('ref_axis',(-0.766044443118961,-4.69066937635126E-17,-0.64278760968656));
#6410=DIRECTION('',(-0.766044443118961,-4.69066937635126E-17,-0.64278760968656));
#6411=DIRECTION('',(3.22601252742245E-17,1.,0.));
#6412=DIRECTION('center_axis',(0.,0.,-1.));
#6413=DIRECTION('ref_axis',(0.,-1.,0.));
#6414=DIRECTION('',(0.,0.,-1.));
#6415=DIRECTION('center_axis',(-2.14425238664714E-15,-2.14425238664714E-15,
-1.));
#6416=DIRECTION('ref_axis',(2.22044604925031E-16,-1.,2.22044604925031E-15));
#6417=DIRECTION('center_axis',(0.,0.,1.));
#6418=DIRECTION('ref_axis',(-1.,0.,0.));
#6419=DIRECTION('center_axis',(1.,0.,0.));
#6420=DIRECTION('ref_axis',(0.,-7.40148683083436E-16,1.));
#6421=DIRECTION('center_axis',(-2.40161878241342E-15,-2.40161878241342E-15,
-1.));
#6422=DIRECTION('ref_axis',(-2.48695767831399E-16,-1.,2.48695767831399E-15));
#6423=DIRECTION('center_axis',(0.,0.,-1.));
#6424=DIRECTION('ref_axis',(0.,-1.,0.));
#6425=DIRECTION('',(0.,-0.766044443118961,-0.64278760968656));
#6426=DIRECTION('center_axis',(-2.64987153887589E-15,-2.64987153887589E-15,
-1.));
#6427=DIRECTION('ref_axis',(1.37201591243607E-16,-1.,2.74403182487215E-15));
#6428=DIRECTION('center_axis',(0.707106781186546,0.707106781186549,-8.35474123672451E-16));
#6429=DIRECTION('ref_axis',(-1.18153883670936E-15,0.,-1.));
#6430=DIRECTION('',(0.,1.18153883670935E-15,1.));
#6431=DIRECTION('center_axis',(-1.,0.,0.));
#6432=DIRECTION('ref_axis',(0.,0.,1.));
#6433=DIRECTION('center_axis',(-1.,0.,0.));
#6434=DIRECTION('ref_axis',(0.,1.18153883670935E-15,1.));
#6435=DIRECTION('',(0.,-0.458122847290851,0.888888888888889));
#6436=DIRECTION('center_axis',(1.,0.,0.));
#6437=DIRECTION('ref_axis',(0.,1.18153883670935E-15,1.));
#6438=DIRECTION('center_axis',(0.707106781186546,-0.62853936105471,-0.32394177193585));
#6439=DIRECTION('ref_axis',(-0.416496563917522,0.,-0.909137290096989));
#6440=DIRECTION('',(0.,-0.458122847290851,0.888888888888889));
#6441=DIRECTION('center_axis',(-0.707106781186546,0.62853936105471,0.32394177193585));
#6442=DIRECTION('ref_axis',(0.707106781186549,0.628539361054708,0.323941771935849));
#6443=DIRECTION('center_axis',(-1.,0.,0.));
#6444=DIRECTION('ref_axis',(0.,1.18153883670935E-15,1.));
#6445=DIRECTION('center_axis',(-1.,0.,0.));
#6446=DIRECTION('ref_axis',(0.,1.18153883670935E-15,1.));
#6447=DIRECTION('center_axis',(1.,0.,0.));
#6448=DIRECTION('ref_axis',(0.,1.18153883670935E-15,1.));
#6449=DIRECTION('center_axis',(1.,0.,0.));
#6450=DIRECTION('ref_axis',(0.,1.18153883670935E-15,1.));
#6451=DIRECTION('center_axis',(0.,0.,1.));
#6452=DIRECTION('ref_axis',(-0.707106781186543,0.707106781186552,0.));
#6453=DIRECTION('',(0.,0.,1.));
#6454=DIRECTION('center_axis',(0.,0.,-1.));
#6455=DIRECTION('ref_axis',(-1.,0.,0.));
#6456=DIRECTION('',(0.,0.,-1.));
#6457=DIRECTION('center_axis',(-0.70710678118655,0.,0.707106781186545));
#6458=DIRECTION('ref_axis',(-0.707106781186545,0.,-0.70710678118655));
#6459=DIRECTION('center_axis',(1.,0.,0.));
#6460=DIRECTION('ref_axis',(0.,-0.707106781186565,-0.70710678118653));
#6461=DIRECTION('',(1.,0.,0.));
#6462=DIRECTION('center_axis',(-1.,0.,0.));
#6463=DIRECTION('ref_axis',(0.,-5.07530525542927E-14,-1.));
#6464=DIRECTION('',(-1.,0.,0.));
#6465=DIRECTION('center_axis',(0.,4.61852778244064E-14,1.));
#6466=DIRECTION('ref_axis',(1.,0.,0.));
#6467=DIRECTION('center_axis',(0.,-1.,3.80647894156693E-14));
#6468=DIRECTION('ref_axis',(0.,-3.80647894156693E-14,-1.));
#6469=DIRECTION('center_axis',(0.,-4.61852778244064E-14,-1.));
#6470=DIRECTION('ref_axis',(0.707106781186548,-0.707106781186547,3.26613736056912E-14));
#6471=DIRECTION('center_axis',(0.,4.61852778244064E-14,1.));
#6472=DIRECTION('ref_axis',(0.707106781186548,-0.707106781186547,3.26579231406224E-14));
#6473=DIRECTION('center_axis',(0.,1.,-4.61852778244064E-14));
#6474=DIRECTION('ref_axis',(0.707106781186548,-2.69158707202932E-14,-0.707106781186548));
#6475=DIRECTION('center_axis',(6.34413156928666E-15,-1.,4.44089209850061E-14));
#6476=DIRECTION('ref_axis',(0.,-4.44089209850061E-14,-1.));
#6477=DIRECTION('',(0.,-1.,4.61852778244064E-14));
#6478=DIRECTION('',(0.,1.,-4.61852778244064E-14));
#6479=DIRECTION('center_axis',(0.,4.61852778244064E-14,1.));
#6480=DIRECTION('ref_axis',(1.,0.,0.));
#6481=DIRECTION('center_axis',(1.,0.,0.));
#6482=DIRECTION('ref_axis',(0.,-5.07530525540666E-14,-1.));
#6483=DIRECTION('center_axis',(0.,-4.61852778244064E-14,-1.));
#6484=DIRECTION('ref_axis',(0.707106781186547,0.707106781186548,-3.26613736056912E-14));
#6485=DIRECTION('center_axis',(0.,4.61852778244064E-14,1.));
#6486=DIRECTION('ref_axis',(0.707106781186547,0.707106781186548,-3.26579231406225E-14));
#6487=DIRECTION('center_axis',(-1.,0.,0.));
#6488=DIRECTION('ref_axis',(0.,0.70710678118653,-0.707106781186566));
#6489=DIRECTION('',(1.,0.,0.));
#6490=DIRECTION('',(-1.,0.,0.));
#6491=DIRECTION('center_axis',(0.,1.,0.));
#6492=DIRECTION('ref_axis',(0.,0.,1.));
#6493=DIRECTION('center_axis',(1.,0.,0.));
#6494=DIRECTION('ref_axis',(0.,0.,-1.));
#6495=DIRECTION('center_axis',(0.,1.,0.));
#6496=DIRECTION('ref_axis',(0.707106781186548,0.,0.707106781186547));
#6497=DIRECTION('center_axis',(0.,-1.,0.));
#6498=DIRECTION('ref_axis',(0.707106781186548,0.,0.707106781186547));
#6499=DIRECTION('center_axis',(-1.,0.,2.51965509134787E-16));
#6500=DIRECTION('ref_axis',(0.,0.707106781186548,-0.707106781186548));
#6501=DIRECTION('',(1.,0.,-2.51965509134787E-16));
#6502=DIRECTION('',(-1.,0.,2.51965509134787E-16));
#6503=DIRECTION('center_axis',(2.51965509134787E-16,0.,1.));
#6504=DIRECTION('ref_axis',(-1.,0.,2.51965509134787E-16));
#6505=DIRECTION('',(0.,1.,0.));
#6506=DIRECTION('',(1.,0.,-2.51965509134787E-16));
#6507=DIRECTION('center_axis',(0.,-1.,0.));
#6508=DIRECTION('ref_axis',(0.707106781186548,0.,0.707106781186547));
#6509=DIRECTION('',(0.,-1.,0.));
#6510=DIRECTION('center_axis',(0.,1.,0.));
#6511=DIRECTION('ref_axis',(0.707106781186548,0.,0.707106781186547));
#6512=DIRECTION('center_axis',(1.,0.,0.));
#6513=DIRECTION('ref_axis',(0.,0.,1.));
#6514=DIRECTION('',(0.,1.,-4.61852778244064E-14));
#6515=DIRECTION('',(0.,0.,-1.));
#6516=DIRECTION('center_axis',(0.,-4.61852778244064E-14,-1.));
#6517=DIRECTION('ref_axis',(0.,1.,-4.61852778244064E-14));
#6518=DIRECTION('',(1.,0.,0.));
#6519=DIRECTION('center_axis',(0.,-4.61852778244064E-14,-1.));
#6520=DIRECTION('ref_axis',(0.707106781186541,-0.707106781186554,0.));
#6521=DIRECTION('',(-1.,0.,0.));
#6522=DIRECTION('center_axis',(0.,-4.61852778244064E-14,-1.));
#6523=DIRECTION('ref_axis',(0.707106781186549,-0.707106781186546,3.26579231406224E-14));
#6524=DIRECTION('',(-1.36735890238309E-28,-1.,4.61852778244064E-14));
#6525=DIRECTION('center_axis',(0.,-4.61852778244064E-14,-1.));
#6526=DIRECTION('ref_axis',(0.707106781186546,0.707106781186549,-3.26579231406225E-14));
#6527=DIRECTION('',(1.,0.,0.));
#6528=DIRECTION('center_axis',(0.,0.,1.));
#6529=DIRECTION('ref_axis',(0.707106781186541,-0.707106781186554,0.));
#6530=DIRECTION('center_axis',(0.,0.,1.));
#6531=DIRECTION('ref_axis',(0.,-1.,0.));
#6532=DIRECTION('',(0.,0.,1.));
#6533=DIRECTION('center_axis',(0.,1.,0.));
#6534=DIRECTION('ref_axis',(0.,0.,1.));
#6535=DIRECTION('center_axis',(-1.,0.,0.));
#6536=DIRECTION('ref_axis',(0.,-1.,0.));
#6537=DIRECTION('center_axis',(0.,-1.,0.));
#6538=DIRECTION('ref_axis',(0.707106781186548,0.,0.707106781186547));
#6539=DIRECTION('center_axis',(-1.,0.,2.51965509134787E-16));
#6540=DIRECTION('ref_axis',(0.,-0.707106781186548,0.707106781186548));
#6541=DIRECTION('',(-1.,0.,2.51965509134787E-16));
#6542=DIRECTION('center_axis',(0.,-1.,0.));
#6543=DIRECTION('ref_axis',(0.,0.,-1.));
#6544=DIRECTION('center_axis',(1.,0.,0.));
#6545=DIRECTION('ref_axis',(0.,0.707106781186532,-0.707106781186563));
#6546=DIRECTION('',(1.,0.,0.));
#6547=DIRECTION('center_axis',(-1.,0.,0.));
#6548=DIRECTION('ref_axis',(0.,1.,0.));
#6549=DIRECTION('center_axis',(0.,4.61852778244064E-14,1.));
#6550=DIRECTION('ref_axis',(1.,0.,0.));
#6551=DIRECTION('center_axis',(0.,-1.,4.44089209849654E-14));
#6552=DIRECTION('ref_axis',(-1.,0.,0.));
#6553=DIRECTION('center_axis',(0.,4.61852778244064E-14,1.));
#6554=DIRECTION('ref_axis',(0.707106781186549,-0.707106781186546,3.26584519661528E-14));
#6555=DIRECTION('center_axis',(1.36735890238309E-28,1.,-4.61852778244064E-14));
#6556=DIRECTION('ref_axis',(-0.707106781186541,-3.14018491736759E-14,-0.707106781186554));
#6557=DIRECTION('center_axis',(-4.44089209850068E-15,-1.,4.44089209850064E-14));
#6558=DIRECTION('ref_axis',(-1.,4.44089209850068E-15,0.));
#6559=DIRECTION('',(1.36735890238309E-28,1.,-4.61852778244064E-14));
#6560=DIRECTION('center_axis',(0.,4.61852778244064E-14,1.));
#6561=DIRECTION('ref_axis',(1.,0.,0.));
#6562=DIRECTION('center_axis',(1.,8.8817841970012E-15,-3.94430452609276E-28));
#6563=DIRECTION('ref_axis',(8.8817841970012E-15,-1.,4.4408920985006E-14));
#6564=DIRECTION('center_axis',(0.,4.61852778244064E-14,1.));
#6565=DIRECTION('ref_axis',(0.707106781186546,0.707106781186549,-3.26584519661527E-14));
#6566=DIRECTION('center_axis',(-1.,0.,0.));
#6567=DIRECTION('ref_axis',(0.,-0.707106781186566,-0.707106781186529));
#6568=DIRECTION('',(-1.,0.,0.));
#6569=DIRECTION('center_axis',(0.,-1.,-2.96059473233375E-15));
#6570=DIRECTION('ref_axis',(-3.62568286252504E-31,-2.96059473233375E-15,
1.));
#6571=DIRECTION('',(-3.62568286252504E-31,-2.96059473233375E-15,1.));
#6572=DIRECTION('',(1.,0.,0.));
#6573=DIRECTION('center_axis',(0.,0.,1.));
#6574=DIRECTION('ref_axis',(1.,0.,0.));
#6575=DIRECTION('',(-2.96059473233375E-15,1.81284143126252E-31,1.));
#6576=DIRECTION('center_axis',(0.,0.,-1.));
#6577=DIRECTION('ref_axis',(0.707106781186548,0.707106781186548,0.));
#6578=DIRECTION('center_axis',(-1.,0.,-2.96059473233375E-15));
#6579=DIRECTION('ref_axis',(-2.96059473233375E-15,1.81284143126252E-31,
1.));
#6580=DIRECTION('',(-2.96059473233375E-15,1.81284143126252E-31,1.));
#6581=DIRECTION('',(0.,-1.,0.));
#6582=DIRECTION('center_axis',(0.,0.,1.));
#6583=DIRECTION('ref_axis',(0.,-1.,0.));
#6584=DIRECTION('',(0.,2.96059473233375E-15,1.));
#6585=DIRECTION('center_axis',(0.,0.,-1.));
#6586=DIRECTION('ref_axis',(0.707106781186547,-0.707106781186547,0.));
#6587=DIRECTION('center_axis',(0.,1.,-2.96059473233375E-15));
#6588=DIRECTION('ref_axis',(0.,2.96059473233375E-15,1.));
#6589=DIRECTION('',(-1.,0.,0.));
#6590=DIRECTION('center_axis',(1.,0.,0.));
#6591=DIRECTION('ref_axis',(0.,-0.707106781186551,0.707106781186544));
#6592=DIRECTION('center_axis',(1.,0.,0.));
#6593=DIRECTION('ref_axis',(0.,0.,1.));
#6594=DIRECTION('',(1.,0.,0.));
#6595=DIRECTION('center_axis',(0.,0.,1.));
#6596=DIRECTION('ref_axis',(1.,0.,0.));
#6597=DIRECTION('center_axis',(0.,1.,0.));
#6598=DIRECTION('ref_axis',(0.,0.,1.));
#6599=DIRECTION('center_axis',(0.,0.,1.));
#6600=DIRECTION('ref_axis',(0.707106781186548,-0.707106781186547,0.));
#6601=DIRECTION('center_axis',(0.,1.,0.));
#6602=DIRECTION('ref_axis',(0.707106781186548,0.,0.707106781186548));
#6603=DIRECTION('center_axis',(0.,1.,0.));
#6604=DIRECTION('ref_axis',(0.,0.,1.));
#6605=DIRECTION('',(0.,1.,0.));
#6606=DIRECTION('center_axis',(0.,0.,1.));
#6607=DIRECTION('ref_axis',(1.,0.,0.));
#6608=DIRECTION('center_axis',(-1.,0.,0.));
#6609=DIRECTION('ref_axis',(0.,0.,1.));
#6610=DIRECTION('center_axis',(0.,0.,1.));
#6611=DIRECTION('ref_axis',(0.707106781186548,0.707106781186548,0.));
#6612=DIRECTION('center_axis',(-1.,0.,0.));
#6613=DIRECTION('ref_axis',(0.,0.707106781186551,0.707106781186544));
#6614=DIRECTION('',(-1.,0.,0.));
#6615=DIRECTION('center_axis',(0.,0.,-1.));
#6616=DIRECTION('ref_axis',(0.,1.,0.));
#6617=DIRECTION('center_axis',(0.,1.,0.));
#6618=DIRECTION('ref_axis',(0.,0.,-1.));
#6619=DIRECTION('',(-1.,1.21319569706204E-17,0.));
#6620=DIRECTION('',(0.,0.,-1.));
#6621=DIRECTION('center_axis',(-1.,0.,0.));
#6622=DIRECTION('ref_axis',(0.,7.40148683083436E-16,1.));
#6623=DIRECTION('center_axis',(-1.,1.22464679914735E-16,0.));
#6624=DIRECTION('ref_axis',(9.06420715631259E-32,7.40148683083436E-16,1.));
#6625=DIRECTION('',(-1.,1.21319569706204E-17,0.));
#6626=DIRECTION('center_axis',(0.,0.64278760968656,0.766044443118961));
#6627=DIRECTION('ref_axis',(9.38133875270252E-17,0.766044443118961,-0.64278760968656));
#6628=DIRECTION('',(9.38133875270252E-17,0.766044443118961,-0.64278760968656));
#6629=DIRECTION('',(-1.,1.21319569706204E-17,0.));
#6630=DIRECTION('center_axis',(0.,0.,1.));
#6631=DIRECTION('ref_axis',(1.,0.,0.));
#6632=DIRECTION('center_axis',(-2.14425238664714E-15,-2.14425238664714E-15,
1.));
#6633=DIRECTION('ref_axis',(1.,-2.83276944882398E-16,2.22044604925031E-15));
#6634=DIRECTION('',(0.,0.,-1.));
#6635=DIRECTION('center_axis',(0.,0.,1.));
#6636=DIRECTION('ref_axis',(0.,1.,0.));
#6637=DIRECTION('center_axis',(6.12323399573677E-17,1.,0.));
#6638=DIRECTION('ref_axis',(7.40148683083436E-16,-4.53210357815629E-32,
1.));
#6639=DIRECTION('center_axis',(-2.40161878241342E-15,-2.40161878241342E-15,
1.));
#6640=DIRECTION('ref_axis',(1.,-6.12323399573677E-17,2.48695767831399E-15));
#6641=DIRECTION('center_axis',(0.,0.,-1.));
#6642=DIRECTION('ref_axis',(1.,0.,0.));
#6643=DIRECTION('',(0.766044443118961,-4.69066937635126E-17,-0.64278760968656));
#6644=DIRECTION('center_axis',(-2.6498715388759E-15,-2.6498715388759E-15,
1.));
#6645=DIRECTION('ref_axis',(1.,2.13170842529847E-16,2.74403182487215E-15));
#6646=DIRECTION('center_axis',(1.,0.,0.));
#6647=DIRECTION('ref_axis',(0.,0.,-1.));
#6648=DIRECTION('',(-3.22601252742245E-17,1.,0.));
#6649=DIRECTION('',(0.,0.,-1.));
#6650=DIRECTION('center_axis',(0.,1.,0.));
#6651=DIRECTION('ref_axis',(7.40148683083436E-16,0.,1.));
#6652=DIRECTION('center_axis',(6.12323399573677E-17,1.,0.));
#6653=DIRECTION('ref_axis',(7.40148683083436E-16,-4.53210357815629E-32,
1.));
#6654=DIRECTION('',(-3.22601252742245E-17,1.,0.));
#6655=DIRECTION('center_axis',(0.64278760968656,0.,0.766044443118961));
#6656=DIRECTION('ref_axis',(0.766044443118961,-4.69066937635126E-17,-0.64278760968656));
#6657=DIRECTION('',(0.766044443118961,-4.69066937635126E-17,-0.64278760968656));
#6658=DIRECTION('',(-3.22601252742245E-17,1.,0.));
#6659=DIRECTION('center_axis',(0.,0.,1.));
#6660=DIRECTION('ref_axis',(0.,-1.,0.));
#6661=DIRECTION('center_axis',(-2.14425238664714E-15,2.14425238664714E-15,
1.));
#6662=DIRECTION('ref_axis',(-2.22044604925031E-16,-1.,2.22044604925031E-15));
#6663=DIRECTION('',(0.,0.,-1.));
#6664=DIRECTION('center_axis',(0.,0.,1.));
#6665=DIRECTION('ref_axis',(1.,0.,0.));
#6666=DIRECTION('center_axis',(1.,0.,0.));
#6667=DIRECTION('ref_axis',(0.,-7.40148683083436E-16,1.));
#6668=DIRECTION('center_axis',(-2.40161878241342E-15,2.40161878241342E-15,
1.));
#6669=DIRECTION('ref_axis',(2.48695767831399E-16,-1.,2.48695767831399E-15));
#6670=DIRECTION('center_axis',(0.,0.,-1.));
#6671=DIRECTION('ref_axis',(0.,-1.,0.));
#6672=DIRECTION('',(0.,-0.766044443118961,-0.64278760968656));
#6673=DIRECTION('center_axis',(-2.64987153887589E-15,2.64987153887589E-15,
1.));
#6674=DIRECTION('ref_axis',(-1.37201591243607E-16,-1.,2.74403182487215E-15));
#6675=DIRECTION('center_axis',(0.,0.,1.));
#6676=DIRECTION('ref_axis',(1.,0.,0.));
#6677=DIRECTION('',(1.,0.,0.));
#6678=DIRECTION('center_axis',(0.,-1.,0.));
#6679=DIRECTION('ref_axis',(0.,0.,-1.));
#6680=DIRECTION('',(1.,0.,0.));
#6681=DIRECTION('center_axis',(1.,0.,0.));
#6682=DIRECTION('ref_axis',(0.,-7.40148683083436E-16,1.));
#6683=DIRECTION('',(1.,0.,0.));
#6684=DIRECTION('center_axis',(0.,-0.64278760968656,0.766044443118961));
#6685=DIRECTION('ref_axis',(0.,-0.766044443118961,-0.64278760968656));
#6686=DIRECTION('center_axis',(-1.,0.,0.));
#6687=DIRECTION('ref_axis',(0.,5.55111512312578E-17,-1.));
#6688=DIRECTION('center_axis',(1.,0.,0.));
#6689=DIRECTION('ref_axis',(0.,0.87934215774378,-0.476190476190476));
#6690=DIRECTION('center_axis',(-1.,0.,0.));
#6691=DIRECTION('ref_axis',(0.,0.87934215774378,-0.476190476190476));
#6692=DIRECTION('center_axis',(1.,0.,0.));
#6693=DIRECTION('ref_axis',(0.,1.,7.04903507698512E-17));
#6694=DIRECTION('center_axis',(1.,0.,0.));
#6695=DIRECTION('ref_axis',(0.,1.,7.04903507698512E-17));
#6696=DIRECTION('',(-1.,0.,0.));
#6697=DIRECTION('center_axis',(0.,0.,1.));
#6698=DIRECTION('ref_axis',(0.566987298107782,-0.82372653458805,0.));
#6699=DIRECTION('',(0.,6.93889390390723E-17,-1.));
#6700=DIRECTION('center_axis',(0.,0.,1.));
#6701=DIRECTION('ref_axis',(0.566987298107789,-0.823726534588045,0.));
#6702=DIRECTION('',(0.,0.,1.));
#6703=DIRECTION('center_axis',(0.,-1.,0.));
#6704=DIRECTION('ref_axis',(1.,0.,0.));
#6705=DIRECTION('center_axis',(1.,0.,0.));
#6706=DIRECTION('ref_axis',(0.,-0.823726534588047,-0.566987298107785));
#6707=DIRECTION('center_axis',(0.,1.,0.));
#6708=DIRECTION('ref_axis',(0.,-6.63530751486206E-17,1.));
#6709=DIRECTION('center_axis',(0.,-1.,0.));
#6710=DIRECTION('ref_axis',(1.,0.,0.));
#6711=DIRECTION('center_axis',(0.,1.,0.));
#6712=DIRECTION('ref_axis',(0.,0.,-1.));
#6713=DIRECTION('center_axis',(0.,0.,-1.));
#6714=DIRECTION('ref_axis',(0.566987298107779,0.823726534588052,-6.93889390390723E-17));
#6715=DIRECTION('center_axis',(0.,-1.,0.));
#6716=DIRECTION('ref_axis',(0.,-6.63530751486206E-17,1.));
#6717=DIRECTION('center_axis',(-1.,0.,0.));
#6718=DIRECTION('ref_axis',(0.,0.823726534588045,-0.566987298107788));
#6719=DIRECTION('center_axis',(0.,1.,0.));
#6720=DIRECTION('ref_axis',(0.,0.,-1.));
#6721=DIRECTION('center_axis',(0.,0.,-1.));
#6722=DIRECTION('ref_axis',(0.566987298107782,0.82372653458805,0.));
#6723=DIRECTION('',(0.,0.,-1.));
#6724=DIRECTION('',(0.,-6.93889390390723E-17,1.));
#6725=DIRECTION('center_axis',(1.,0.,0.));
#6726=DIRECTION('ref_axis',(0.,1.,0.));
#6727=DIRECTION('center_axis',(1.,0.,0.));
#6728=DIRECTION('ref_axis',(0.,0.,1.));
#6729=DIRECTION('',(0.,0.,-1.));
#6730=DIRECTION('center_axis',(-1.,0.,0.));
#6731=DIRECTION('ref_axis',(0.,0.,-1.));
#6732=DIRECTION('',(0.,-0.590245899784784,-0.807223499278391));
#6733=DIRECTION('',(0.,0.,-1.));
#6734=DIRECTION('',(0.,1.,0.));
#6735=DIRECTION('center_axis',(-1.,0.,0.));
#6736=DIRECTION('ref_axis',(0.,0.033985860659967,0.999422313776914));
#6737=DIRECTION('',(0.,1.,0.));
#6738=DIRECTION('',(0.,8.88178419700125E-16,-1.));
#6739=DIRECTION('center_axis',(-1.,0.,0.));
#6740=DIRECTION('ref_axis',(0.,0.0339858606599679,-0.999422313776914));
#6741=DIRECTION('',(0.,8.88178419700125E-16,-1.));
#6742=DIRECTION('',(0.,1.,0.));
#6743=DIRECTION('center_axis',(0.,0.5,-0.866025403784439));
#6744=DIRECTION('ref_axis',(-0.566987298107781,-0.713368104724572,-0.411863267294026));
#6745=DIRECTION('',(0.,0.5,-0.866025403784439));
#6746=DIRECTION('center_axis',(0.,-0.258819045102523,0.965925826289068));
#6747=DIRECTION('ref_axis',(0.,0.965925826289068,0.258819045102523));
#6748=DIRECTION('',(0.,-0.5,0.866025403784439));
#6749=DIRECTION('center_axis',(-4.16333634234434E-16,0.500000000000001,
-0.866025403784438));
#6750=DIRECTION('ref_axis',(-0.566987298107781,-0.713368104724572,-0.411863267294026));
#6751=DIRECTION('center_axis',(0.,0.,-1.));
#6752=DIRECTION('ref_axis',(-0.566987298107782,-0.82372653458805,0.));
#6753=DIRECTION('',(0.,-6.93889390390723E-17,1.));
#6754=DIRECTION('',(0.,0.,-1.));
#6755=DIRECTION('center_axis',(0.,0.,1.));
#6756=DIRECTION('ref_axis',(-1.,0.,0.));
#6757=DIRECTION('center_axis',(0.,1.,0.));
#6758=DIRECTION('ref_axis',(1.,0.,0.));
#6759=DIRECTION('center_axis',(1.,0.,0.));
#6760=DIRECTION('ref_axis',(0.,-6.93889390390722E-17,1.));
#6761=DIRECTION('center_axis',(0.,1.,0.));
#6762=DIRECTION('ref_axis',(1.,0.,0.));
#6763=DIRECTION('center_axis',(0.,-1.,0.));
#6764=DIRECTION('ref_axis',(0.,0.,1.));
#6765=DIRECTION('center_axis',(-1.,0.,0.));
#6766=DIRECTION('ref_axis',(0.,0.866025403784439,0.5));
#6767=DIRECTION('center_axis',(2.22044604925031E-15,1.49880108324396E-15,
1.));
#6768=DIRECTION('ref_axis',(-0.566987298107786,0.823726534588047,0.));
#6769=DIRECTION('center_axis',(1.,0.,0.));
#6770=DIRECTION('ref_axis',(0.,1.,0.));
#6771=DIRECTION('center_axis',(-1.,0.,0.));
#6772=DIRECTION('ref_axis',(0.,0.866025403784439,0.5));
#6773=DIRECTION('center_axis',(0.,0.,1.));
#6774=DIRECTION('ref_axis',(-0.566987298107782,0.82372653458805,0.));
#6775=DIRECTION('',(0.,6.93889390390723E-17,-1.));
#6776=DIRECTION('center_axis',(0.,0.,1.));
#6777=DIRECTION('ref_axis',(-0.566987298107782,0.82372653458805,0.));
#6778=DIRECTION('',(0.,0.,1.));
#6779=DIRECTION('center_axis',(0.,-1.,0.));
#6780=DIRECTION('ref_axis',(1.,0.,0.));
#6781=DIRECTION('center_axis',(1.,0.,0.));
#6782=DIRECTION('ref_axis',(0.,0.823726534588051,0.566987298107779));
#6783=DIRECTION('center_axis',(0.,1.,0.));
#6784=DIRECTION('ref_axis',(0.,0.,1.));
#6785=DIRECTION('center_axis',(0.,-1.,0.));
#6786=DIRECTION('ref_axis',(1.,0.,0.));
#6787=DIRECTION('center_axis',(-1.,0.,0.));
#6788=DIRECTION('ref_axis',(0.,1.,0.));
#6789=DIRECTION('',(-1.,0.,0.));
#6790=DIRECTION('center_axis',(-1.,0.,0.));
#6791=DIRECTION('ref_axis',(0.,1.,0.));
#6792=DIRECTION('',(1.,0.,0.));
#6793=DIRECTION('center_axis',(0.,0.866025403784439,0.5));
#6794=DIRECTION('ref_axis',(0.,0.5,-0.866025403784439));
#6795=DIRECTION('',(0.,-0.5,0.866025403784439));
#6796=DIRECTION('',(1.,0.,0.));
#6797=DIRECTION('center_axis',(0.,0.807223499278391,-0.590245899784784));
#6798=DIRECTION('ref_axis',(-1.,0.,0.));
#6799=DIRECTION('',(1.,0.,0.));
#6800=DIRECTION('',(0.283053626604053,0.5661072532081,0.774211355077846));
#6801=DIRECTION('',(-1.,0.,0.));
#6802=DIRECTION('center_axis',(-0.894427190999917,0.447213595499957,0.));
#6803=DIRECTION('ref_axis',(0.,0.,1.));
#6804=DIRECTION('',(0.,0.,1.));
#6805=DIRECTION('center_axis',(0.894427190999917,-0.447213595499957,0.));
#6806=DIRECTION('ref_axis',(0.447213595499957,0.894427190999917,0.));
#6807=DIRECTION('',(0.,0.,-1.));
#6808=DIRECTION('center_axis',(-0.894427190999917,0.447213595499957,0.));
#6809=DIRECTION('ref_axis',(0.447213595499957,0.894427190999917,1.84138658349829E-15));
#6810=DIRECTION('center_axis',(1.,0.,0.));
#6811=DIRECTION('ref_axis',(0.,0.955658109419295,0.294478484614986));
#6812=DIRECTION('',(-1.,0.,0.));
#6813=DIRECTION('center_axis',(1.,0.,0.));
#6814=DIRECTION('ref_axis',(0.,0.,-1.));
#6815=DIRECTION('center_axis',(-1.,0.,0.));
#6816=DIRECTION('ref_axis',(0.,0.,1.));
#6817=DIRECTION('',(0.,0.,1.));
#6818=DIRECTION('center_axis',(-1.,0.,0.));
#6819=DIRECTION('ref_axis',(0.,0.,1.));
#6820=DIRECTION('center_axis',(1.,0.,0.));
#6821=DIRECTION('ref_axis',(0.,-7.92217196399387E-17,1.));
#6822=DIRECTION('',(0.707106781186549,0.,-0.707106781186546));
#6823=DIRECTION('center_axis',(0.,-1.,0.));
#6824=DIRECTION('ref_axis',(0.,0.,1.));
#6825=DIRECTION('center_axis',(0.,-1.,0.));
#6826=DIRECTION('ref_axis',(0.,0.,1.));
#6827=DIRECTION('',(0.,1.,0.));
#6828=DIRECTION('center_axis',(1.,0.,0.));
#6829=DIRECTION('ref_axis',(0.,0.,-1.));
#6830=DIRECTION('',(0.,1.,0.));
#6831=DIRECTION('center_axis',(0.,-1.,0.));
#6832=DIRECTION('ref_axis',(0.,5.28677630773884E-17,1.));
#6833=DIRECTION('',(0.,1.,0.));
#6834=DIRECTION('center_axis',(-1.,0.,0.));
#6835=DIRECTION('ref_axis',(0.,5.55111512312578E-17,-1.));
#6836=DIRECTION('center_axis',(1.,0.,0.));
#6837=DIRECTION('ref_axis',(0.,0.0339858606599677,-0.999422313776914));
#6838=DIRECTION('center_axis',(-1.,0.,0.));
#6839=DIRECTION('ref_axis',(0.,1.,1.48029736616687E-16));
#6840=DIRECTION('',(1.,0.,0.));
#6841=DIRECTION('center_axis',(1.,0.,0.));
#6842=DIRECTION('ref_axis',(0.,1.,1.48029736616687E-16));
#6843=DIRECTION('',(1.,0.,0.));
#6844=DIRECTION('center_axis',(-1.,0.,0.));
#6845=DIRECTION('ref_axis',(0.,-0.0546175694249671,0.99850734654789));
#6846=DIRECTION('center_axis',(1.,0.,0.));
#6847=DIRECTION('ref_axis',(0.,0.0339858606599671,0.999422313776914));
#6848=DIRECTION('center_axis',(-1.,0.,0.));
#6849=DIRECTION('ref_axis',(0.,1.,1.48029736616687E-16));
#6850=DIRECTION('',(1.,0.,0.));
#6851=DIRECTION('center_axis',(1.,0.,0.));
#6852=DIRECTION('ref_axis',(0.,1.,1.48029736616687E-16));
#6853=DIRECTION('',(1.,0.,0.));
#6854=DIRECTION('center_axis',(1.,0.,0.));
#6855=DIRECTION('ref_axis',(0.,1.,0.));
#6856=DIRECTION('',(0.,0.,-1.));
#6857=DIRECTION('',(0.,0.,-1.));
#6858=DIRECTION('center_axis',(-1.,0.,0.));
#6859=DIRECTION('ref_axis',(0.,1.,-7.16272919113004E-17));
#6860=DIRECTION('center_axis',(1.,0.,0.));
#6861=DIRECTION('ref_axis',(0.,1.,7.352470361756E-17));
#6862=DIRECTION('center_axis',(-1.,0.,0.));
#6863=DIRECTION('ref_axis',(0.,1.,6.98253474607017E-17));
#6864=DIRECTION('center_axis',(1.,0.,0.));
#6865=DIRECTION('ref_axis',(0.,1.,0.));
#6866=DIRECTION('',(0.,1.,0.));
#6867=DIRECTION('',(0.,8.88178419700125E-16,-1.));
#6868=DIRECTION('center_axis',(0.,1.,8.88178419700125E-16));
#6869=DIRECTION('ref_axis',(0.,-8.88178419700125E-16,1.));
#6870=DIRECTION('',(1.,0.,0.));
#6871=DIRECTION('',(0.,8.88178419700125E-16,-1.));
#6872=DIRECTION('',(-1.,0.,0.));
#6873=DIRECTION('center_axis',(1.,0.,0.));
#6874=DIRECTION('ref_axis',(0.,1.,-7.16272919113004E-17));
#6875=DIRECTION('center_axis',(1.,0.,0.));
#6876=DIRECTION('ref_axis',(0.,1.,6.98253474607017E-17));
#6877=DIRECTION('center_axis',(-1.,0.,0.));
#6878=DIRECTION('ref_axis',(0.,1.,7.352470361756E-17));
#6879=DIRECTION('center_axis',(1.,0.,0.));
#6880=DIRECTION('ref_axis',(0.,1.,0.));
#6881=DIRECTION('',(0.,-1.,0.));
#6882=DIRECTION('center_axis',(1.,0.,0.));
#6883=DIRECTION('ref_axis',(0.,1.,6.98253474607017E-17));
#6884=DIRECTION('',(-1.,0.,0.));
#6885=DIRECTION('center_axis',(0.,0.,-1.));
#6886=DIRECTION('ref_axis',(0.,1.,0.));
#6887=DIRECTION('center_axis',(1.,0.,0.));
#6888=DIRECTION('ref_axis',(0.,1.,0.));
#6889=DIRECTION('center_axis',(1.,0.,0.));
#6890=DIRECTION('ref_axis',(0.,1.,6.98253474607017E-17));
#6891=DIRECTION('center_axis',(-1.,0.,0.));
#6892=DIRECTION('ref_axis',(0.,1.,-7.16272919113004E-17));
#6893=DIRECTION('center_axis',(1.,0.,0.));
#6894=DIRECTION('ref_axis',(0.,1.,6.98253474607017E-17));
#6895=DIRECTION('',(-1.,0.,0.));
#6896=DIRECTION('center_axis',(-1.,0.,0.));
#6897=DIRECTION('ref_axis',(0.,1.,6.98253474607017E-17));
#6898=DIRECTION('',(-1.,0.,0.));
#6899=DIRECTION('center_axis',(0.,0.,1.));
#6900=DIRECTION('ref_axis',(0.,-1.,0.));
#6901=DIRECTION('',(0.,1.,0.));
#6902=DIRECTION('',(1.,0.,0.));
#6903=DIRECTION('',(0.,1.,0.));
#6904=DIRECTION('center_axis',(-1.,0.,0.));
#6905=DIRECTION('ref_axis',(0.,1.,-7.16272919113004E-17));
#6906=DIRECTION('center_axis',(1.,0.,0.));
#6907=DIRECTION('ref_axis',(0.,1.,7.352470361756E-17));
#6908=DIRECTION('center_axis',(1.,0.,0.));
#6909=DIRECTION('ref_axis',(0.,1.,0.));
#6910=DIRECTION('',(0.,8.88178419700125E-16,-1.));
#6911=DIRECTION('center_axis',(0.,1.,8.88178419700125E-16));
#6912=DIRECTION('ref_axis',(0.,-8.88178419700125E-16,1.));
#6913=DIRECTION('',(0.,-8.88178419700125E-16,1.));
#6914=DIRECTION('center_axis',(1.,0.,0.));
#6915=DIRECTION('ref_axis',(0.,1.,0.));
#6916=DIRECTION('center_axis',(1.,0.,0.));
#6917=DIRECTION('ref_axis',(0.,5.55111512312578E-17,-1.));
#6918=DIRECTION('center_axis',(-1.,0.,0.));
#6919=DIRECTION('ref_axis',(0.,0.87934215774378,-0.476190476190476));
#6920=DIRECTION('center_axis',(1.,0.,0.));
#6921=DIRECTION('ref_axis',(0.,0.87934215774378,-0.476190476190476));
#6922=DIRECTION('center_axis',(1.,0.,0.));
#6923=DIRECTION('ref_axis',(0.,1.,7.04903507698512E-17));
#6924=DIRECTION('',(1.,0.,0.));
#6925=DIRECTION('center_axis',(1.,0.,0.));
#6926=DIRECTION('ref_axis',(0.,1.,7.04903507698512E-17));
#6927=DIRECTION('center_axis',(0.,-1.,0.));
#6928=DIRECTION('ref_axis',(0.,0.,-1.));
#6929=DIRECTION('',(0.,0.,-1.));
#6930=DIRECTION('',(-1.,0.,0.));
#6931=DIRECTION('',(0.,0.,-1.));
#6932=DIRECTION('center_axis',(0.,1.,0.));
#6933=DIRECTION('ref_axis',(0.,0.,1.));
#6934=DIRECTION('',(1.,0.,0.));
#6935=DIRECTION('',(-1.,0.,3.8827471899459E-16));
#6936=DIRECTION('center_axis',(0.,-1.,0.));
#6937=DIRECTION('ref_axis',(0.,-6.63530751486206E-17,1.));
#6938=DIRECTION('',(0.,0.,1.));
#6939=DIRECTION('',(0.,0.,1.));
#6940=DIRECTION('',(1.,0.,0.));
#6941=DIRECTION('',(0.,0.,-1.));
#6942=DIRECTION('center_axis',(0.,0.,-1.));
#6943=DIRECTION('ref_axis',(-0.566987298107782,-0.82372653458805,0.));
#6944=DIRECTION('center_axis',(0.,0.,-1.));
#6945=DIRECTION('ref_axis',(-0.566987298107789,-0.823726534588045,0.));
#6946=DIRECTION('',(0.,6.93889390390723E-17,-1.));
#6947=DIRECTION('center_axis',(0.,-1.,0.));
#6948=DIRECTION('ref_axis',(-1.,0.,0.));
#6949=DIRECTION('center_axis',(1.,0.,0.));
#6950=DIRECTION('ref_axis',(0.,-0.823726534588047,-0.566987298107785));
#6951=DIRECTION('center_axis',(0.,1.,0.));
#6952=DIRECTION('ref_axis',(-1.,0.,0.));
#6953=DIRECTION('center_axis',(1.,0.,-3.8827471899459E-16));
#6954=DIRECTION('ref_axis',(0.,-0.823726534588045,-0.566987298107788));
#6955=DIRECTION('',(-1.,-3.08148791101958E-32,-3.8827471899459E-16));
#6956=DIRECTION('center_axis',(-3.8827471899459E-16,0.,-1.));
#6957=DIRECTION('ref_axis',(-1.,0.,3.8827471899459E-16));
#6958=DIRECTION('',(1.,3.08148791101958E-32,3.8827471899459E-16));
#6959=DIRECTION('',(0.,1.,0.));
#6960=DIRECTION('center_axis',(-1.,0.,3.8827471899459E-16));
#6961=DIRECTION('ref_axis',(0.,0.823726534588045,-0.566987298107788));
#6962=DIRECTION('',(-1.,0.,-3.8827471899459E-16));
#6963=DIRECTION('center_axis',(-1.,0.,0.));
#6964=DIRECTION('ref_axis',(0.,0.823726534588045,-0.566987298107788));
#6965=DIRECTION('center_axis',(0.,1.,0.));
#6966=DIRECTION('ref_axis',(0.,0.,-1.));
#6967=DIRECTION('center_axis',(0.,0.,1.));
#6968=DIRECTION('ref_axis',(-0.566987298107779,0.823726534588052,-6.93889390390723E-17));
#6969=DIRECTION('center_axis',(0.,-1.,0.));
#6970=DIRECTION('ref_axis',(0.,0.,-1.));
#6971=DIRECTION('center_axis',(0.,1.,0.));
#6972=DIRECTION('ref_axis',(0.,-6.63530751486206E-17,1.));
#6973=DIRECTION('center_axis',(0.,0.,1.));
#6974=DIRECTION('ref_axis',(-0.566987298107782,0.82372653458805,0.));
#6975=DIRECTION('',(0.,-6.93889390390723E-17,1.));
#6976=DIRECTION('',(0.,0.,-1.));
#6977=DIRECTION('center_axis',(1.,0.,0.));
#6978=DIRECTION('ref_axis',(0.,1.,0.));
#6979=DIRECTION('',(0.,1.,0.));
#6980=DIRECTION('',(0.,-0.590245899784784,-0.807223499278391));
#6981=DIRECTION('center_axis',(-1.,0.,0.));
#6982=DIRECTION('ref_axis',(0.,0.,-1.));
#6983=DIRECTION('',(0.,0.,-1.));
#6984=DIRECTION('center_axis',(1.,0.,0.));
#6985=DIRECTION('ref_axis',(0.,0.,1.));
#6986=DIRECTION('center_axis',(-1.,0.,0.));
#6987=DIRECTION('ref_axis',(0.,0.033985860659967,0.999422313776914));
#6988=DIRECTION('',(0.,8.88178419700125E-16,-1.));
#6989=DIRECTION('',(0.,1.,0.));
#6990=DIRECTION('center_axis',(-1.,0.,0.));
#6991=DIRECTION('ref_axis',(0.,0.0339858606599679,-0.999422313776914));
#6992=DIRECTION('',(0.,1.,0.));
#6993=DIRECTION('',(0.,8.88178419700125E-16,-1.));
#6994=DIRECTION('center_axis',(0.,1.,0.));
#6995=DIRECTION('ref_axis',(1.,0.,0.));
#6996=DIRECTION('',(1.,0.,0.));
#6997=DIRECTION('center_axis',(0.,-1.,0.));
#6998=DIRECTION('ref_axis',(0.,0.,1.));
#6999=DIRECTION('',(0.,0.,1.));
#7000=DIRECTION('',(1.,0.,0.));
#7001=DIRECTION('',(0.,0.,-1.));
#7002=DIRECTION('center_axis',(0.,-0.5,0.866025403784439));
#7003=DIRECTION('ref_axis',(0.566987298107781,-0.713368104724572,-0.411863267294026));
#7004=DIRECTION('',(0.,0.5,-0.866025403784439));
#7005=DIRECTION('center_axis',(-4.16333634234434E-16,-0.500000000000001,
0.866025403784438));
#7006=DIRECTION('ref_axis',(0.566987298107781,-0.713368104724572,-0.411863267294026));
#7007=DIRECTION('',(0.,-0.5,0.866025403784439));
#7008=DIRECTION('center_axis',(0.,0.258819045102523,-0.965925826289068));
#7009=DIRECTION('ref_axis',(0.,0.965925826289068,0.258819045102523));
#7010=DIRECTION('center_axis',(0.,0.,1.));
#7011=DIRECTION('ref_axis',(0.566987298107782,-0.82372653458805,0.));
#7012=DIRECTION('',(0.,-6.93889390390723E-17,1.));
#7013=DIRECTION('center_axis',(0.,0.,-1.));
#7014=DIRECTION('ref_axis',(1.,0.,0.));
#7015=DIRECTION('center_axis',(0.,1.,0.));
#7016=DIRECTION('ref_axis',(-1.,0.,0.));
#7017=DIRECTION('center_axis',(1.,0.,0.));
#7018=DIRECTION('ref_axis',(0.,-6.93889390390722E-17,1.));
#7019=DIRECTION('center_axis',(0.,-1.,0.));
#7020=DIRECTION('ref_axis',(-1.,0.,0.));
#7021=DIRECTION('center_axis',(1.,0.,0.));
#7022=DIRECTION('ref_axis',(0.,0.866025403784439,0.5));
#7023=DIRECTION('center_axis',(2.22044604925031E-15,-1.49880108324396E-15,
-1.));
#7024=DIRECTION('ref_axis',(0.566987298107786,0.823726534588047,0.));
#7025=DIRECTION('center_axis',(-1.,0.,0.));
#7026=DIRECTION('ref_axis',(0.,0.866025403784439,0.5));
#7027=DIRECTION('center_axis',(1.,0.,0.));
#7028=DIRECTION('ref_axis',(0.,1.,0.));
#7029=DIRECTION('center_axis',(-1.,0.,0.));
#7030=DIRECTION('ref_axis',(0.,-0.823726534588048,0.566987298107784));
#7031=DIRECTION('',(-1.,0.,0.));
#7032=DIRECTION('center_axis',(0.,0.,-1.));
#7033=DIRECTION('ref_axis',(0.566987298107782,0.82372653458805,0.));
#7034=DIRECTION('center_axis',(0.,0.,-1.));
#7035=DIRECTION('ref_axis',(0.566987298107782,0.82372653458805,0.));
#7036=DIRECTION('',(0.,6.93889390390723E-17,-1.));
#7037=DIRECTION('center_axis',(0.,-1.,0.));
#7038=DIRECTION('ref_axis',(-1.,0.,0.));
#7039=DIRECTION('center_axis',(1.,0.,0.));
#7040=DIRECTION('ref_axis',(0.,0.823726534588051,0.566987298107779));
#7041=DIRECTION('center_axis',(0.,1.,0.));
#7042=DIRECTION('ref_axis',(-1.,0.,0.));
#7043=DIRECTION('center_axis',(1.,0.,0.));
#7044=DIRECTION('ref_axis',(0.,0.823726534588048,0.566987298107784));
#7045=DIRECTION('',(1.,0.,0.));
#7046=DIRECTION('center_axis',(-1.,0.,0.));
#7047=DIRECTION('ref_axis',(0.,1.,0.));
#7048=DIRECTION('',(-1.,0.,0.));
#7049=DIRECTION('center_axis',(-1.,0.,0.));
#7050=DIRECTION('ref_axis',(0.,1.,0.));
#7051=DIRECTION('center_axis',(0.,-0.866025403784439,-0.5));
#7052=DIRECTION('ref_axis',(0.,0.5,-0.866025403784439));
#7053=DIRECTION('',(0.,-0.5,0.866025403784439));
#7054=DIRECTION('center_axis',(0.,-0.807223499278391,0.590245899784784));
#7055=DIRECTION('ref_axis',(1.,0.,0.));
#7056=DIRECTION('',(-1.,0.,0.));
#7057=DIRECTION('',(-0.283053626604053,0.5661072532081,0.774211355077846));
#7058=DIRECTION('center_axis',(-0.894427190999917,-0.447213595499957,0.));
#7059=DIRECTION('ref_axis',(0.,0.,1.));
#7060=DIRECTION('center_axis',(-0.894427190999917,-0.447213595499957,0.));
#7061=DIRECTION('ref_axis',(-0.447213595499957,0.894427190999917,1.84138658349829E-15));
#7062=DIRECTION('',(0.,0.,-1.));
#7063=DIRECTION('center_axis',(0.894427190999917,0.447213595499957,0.));
#7064=DIRECTION('ref_axis',(-0.447213595499957,0.894427190999917,0.));
#7065=DIRECTION('center_axis',(1.,0.,0.));
#7066=DIRECTION('ref_axis',(0.,0.955658109419295,0.294478484614986));
#7067=DIRECTION('center_axis',(1.,0.,0.));
#7068=DIRECTION('ref_axis',(0.,0.,-1.));
#7069=DIRECTION('',(1.,0.,0.));
#7070=DIRECTION('center_axis',(-1.,0.,0.));
#7071=DIRECTION('ref_axis',(0.,0.,1.));
#7072=DIRECTION('center_axis',(-1.,0.,0.));
#7073=DIRECTION('ref_axis',(0.,0.,1.));
#7074=DIRECTION('',(0.,0.,1.));
#7075=DIRECTION('center_axis',(-1.,0.,0.));
#7076=DIRECTION('ref_axis',(0.,-7.92217196399387E-17,1.));
#7077=DIRECTION('',(-0.707106781186549,0.,-0.707106781186546));
#7078=DIRECTION('center_axis',(0.,1.,0.));
#7079=DIRECTION('ref_axis',(0.,0.,1.));
#7080=DIRECTION('center_axis',(0.,1.,0.));
#7081=DIRECTION('ref_axis',(0.,0.,1.));
#7082=DIRECTION('center_axis',(1.,0.,0.));
#7083=DIRECTION('ref_axis',(0.,0.,-1.));
#7084=DIRECTION('',(0.,1.,0.));
#7085=DIRECTION('center_axis',(0.,1.,0.));
#7086=DIRECTION('ref_axis',(0.,5.28677630773884E-17,1.));
#7087=DIRECTION('',(0.,1.,0.));
#7088=DIRECTION('center_axis',(0.,0.,1.));
#7089=DIRECTION('ref_axis',(1.,0.,0.));
#7090=DIRECTION('center_axis',(1.,0.,0.));
#7091=DIRECTION('ref_axis',(0.,5.55111512312578E-17,-1.));
#7092=DIRECTION('center_axis',(1.,0.,0.));
#7093=DIRECTION('ref_axis',(0.,0.0339858606599677,-0.999422313776914));
#7094=DIRECTION('center_axis',(-1.,0.,0.));
#7095=DIRECTION('ref_axis',(0.,1.,1.48029736616687E-16));
#7096=DIRECTION('',(-1.,0.,0.));
#7097=DIRECTION('center_axis',(1.,0.,0.));
#7098=DIRECTION('ref_axis',(0.,1.,1.48029736616687E-16));
#7099=DIRECTION('',(-1.,0.,0.));
#7100=DIRECTION('center_axis',(1.,0.,0.));
#7101=DIRECTION('ref_axis',(0.,0.054617569424967,0.99850734654789));
#7102=DIRECTION('center_axis',(1.,0.,0.));
#7103=DIRECTION('ref_axis',(0.,0.0339858606599671,0.999422313776914));
#7104=DIRECTION('center_axis',(-1.,0.,0.));
#7105=DIRECTION('ref_axis',(0.,1.,1.48029736616687E-16));
#7106=DIRECTION('',(-1.,0.,0.));
#7107=DIRECTION('center_axis',(1.,0.,0.));
#7108=DIRECTION('ref_axis',(0.,1.,1.48029736616687E-16));
#7109=DIRECTION('',(-1.,0.,0.));
#7110=DIRECTION('center_axis',(1.,0.,0.));
#7111=DIRECTION('ref_axis',(0.,1.,0.));
#7112=DIRECTION('center_axis',(1.,0.,0.));
#7113=DIRECTION('ref_axis',(0.,1.,-7.16272919113004E-17));
#7114=DIRECTION('center_axis',(-1.,0.,0.));
#7115=DIRECTION('ref_axis',(0.,1.,6.98253474607017E-17));
#7116=DIRECTION('center_axis',(1.,0.,0.));
#7117=DIRECTION('ref_axis',(0.,1.,7.352470361756E-17));
#7118=DIRECTION('center_axis',(1.,0.,0.));
#7119=DIRECTION('ref_axis',(0.,1.,0.));
#7120=DIRECTION('',(0.,8.88178419700125E-16,-1.));
#7121=DIRECTION('',(0.,1.,0.));
#7122=DIRECTION('center_axis',(0.,-1.,-8.88178419700125E-16));
#7123=DIRECTION('ref_axis',(0.,-8.88178419700125E-16,1.));
#7124=DIRECTION('',(1.,0.,0.));
#7125=DIRECTION('',(0.,8.88178419700125E-16,-1.));
#7126=DIRECTION('',(-1.,0.,0.));
#7127=DIRECTION('center_axis',(-1.,0.,0.));
#7128=DIRECTION('ref_axis',(0.,1.,-7.16272919113004E-17));
#7129=DIRECTION('center_axis',(-1.,0.,0.));
#7130=DIRECTION('ref_axis',(0.,1.,7.352470361756E-17));
#7131=DIRECTION('center_axis',(1.,0.,0.));
#7132=DIRECTION('ref_axis',(0.,1.,6.98253474607017E-17));
#7133=DIRECTION('center_axis',(1.,0.,0.));
#7134=DIRECTION('ref_axis',(0.,1.,0.));
#7135=DIRECTION('',(0.,-1.,0.));
#7136=DIRECTION('center_axis',(1.,0.,0.));
#7137=DIRECTION('ref_axis',(0.,1.,6.98253474607017E-17));
#7138=DIRECTION('',(1.,0.,0.));
#7139=DIRECTION('center_axis',(0.,0.,1.));
#7140=DIRECTION('ref_axis',(0.,1.,0.));
#7141=DIRECTION('center_axis',(-1.,0.,0.));
#7142=DIRECTION('ref_axis',(0.,1.,0.));
#7143=DIRECTION('center_axis',(-1.,0.,0.));
#7144=DIRECTION('ref_axis',(0.,1.,-7.16272919113004E-17));
#7145=DIRECTION('center_axis',(1.,0.,0.));
#7146=DIRECTION('ref_axis',(0.,1.,6.98253474607017E-17));
#7147=DIRECTION('center_axis',(1.,0.,0.));
#7148=DIRECTION('ref_axis',(0.,1.,6.98253474607017E-17));
#7149=DIRECTION('',(1.,0.,0.));
#7150=DIRECTION('center_axis',(-1.,0.,0.));
#7151=DIRECTION('ref_axis',(0.,1.,6.98253474607017E-17));
#7152=DIRECTION('',(1.,0.,0.));
#7153=DIRECTION('center_axis',(0.,0.,-1.));
#7154=DIRECTION('ref_axis',(0.,-1.,0.));
#7155=DIRECTION('',(0.,1.,0.));
#7156=DIRECTION('',(-1.,0.,0.));
#7157=DIRECTION('',(0.,1.,0.));
#7158=DIRECTION('center_axis',(1.,0.,0.));
#7159=DIRECTION('ref_axis',(0.,1.,-7.16272919113004E-17));
#7160=DIRECTION('center_axis',(1.,0.,0.));
#7161=DIRECTION('ref_axis',(0.,1.,7.352470361756E-17));
#7162=DIRECTION('center_axis',(1.,0.,0.));
#7163=DIRECTION('ref_axis',(0.,1.,0.));
#7164=DIRECTION('',(0.,8.88178419700125E-16,-1.));
#7165=DIRECTION('center_axis',(0.,-1.,-8.88178419700125E-16));
#7166=DIRECTION('ref_axis',(0.,-8.88178419700125E-16,1.));
#7167=DIRECTION('',(0.,-8.88178419700125E-16,1.));
#7168=DIRECTION('center_axis',(1.,0.,0.));
#7169=DIRECTION('ref_axis',(0.,1.,0.));
#7170=CARTESIAN_POINT('',(0.,0.,0.));
#7171=CARTESIAN_POINT('Origin',(-114.8,0.,101.));
#7172=CARTESIAN_POINT('',(-114.3,-16.3,101.));
#7173=CARTESIAN_POINT('Origin',(-114.3,0.,101.));
#7174=CARTESIAN_POINT('',(-115.3,-15.3,101.));
#7175=CARTESIAN_POINT('',(-114.8,-15.8,101.));
#7176=CARTESIAN_POINT('Origin',(-115.3,0.,101.));
#7177=CARTESIAN_POINT('Origin',(-110.5,0.,101.));
#7178=CARTESIAN_POINT('',(-111.,-16.3,101.));
#7179=CARTESIAN_POINT('Origin',(-111.,0.,101.));
#7180=CARTESIAN_POINT('',(-110.5,-16.3,101.));
#7181=CARTESIAN_POINT('Origin',(-110.75,0.,101.));
#7182=CARTESIAN_POINT('',(-110.5,-15.8,101.));
#7183=CARTESIAN_POINT('',(-110.75,-16.05,101.));
#7184=CARTESIAN_POINT('Origin',(-110.5,0.,101.));
#7185=CARTESIAN_POINT('Origin',(-110.5,0.,101.));
#7186=CARTESIAN_POINT('Origin',(-119.5,0.,101.));
#7187=CARTESIAN_POINT('',(-120.5,-15.9,101.));
#7188=CARTESIAN_POINT('Origin',(-120.5,0.,101.));
#7189=CARTESIAN_POINT('',(-118.5,-15.3,101.));
#7190=CARTESIAN_POINT('',(-119.5,-15.6,101.));
#7191=CARTESIAN_POINT('Origin',(-118.5,0.,101.));
#7192=CARTESIAN_POINT('Origin',(-120.5,0.,101.));
#7193=CARTESIAN_POINT('',(-120.5,-15.3,101.));
#7194=CARTESIAN_POINT('Origin',(-120.5,-47.5,120.));
#7195=CARTESIAN_POINT('',(-120.5,-47.5,118.6));
#7196=CARTESIAN_POINT('',(-120.5,47.5,118.599999999994));
#7197=CARTESIAN_POINT('',(-120.5,-62.5000000000001,118.599999999999));
#7198=CARTESIAN_POINT('',(-120.5,47.5,-7.8159700933611E-13));
#7199=CARTESIAN_POINT('',(-120.5,47.5,120.));
#7200=CARTESIAN_POINT('',(-120.5,-47.5,-7.8159700933611E-13));
#7201=CARTESIAN_POINT('',(-120.5,-47.5,-7.8159700933611E-13));
#7202=CARTESIAN_POINT('',(-120.5,-47.5,120.));
#7203=CARTESIAN_POINT('Origin',(-64.5,86.1000000000001,116.));
#7204=CARTESIAN_POINT('',(-70.5,86.1000000000001,116.));
#7205=CARTESIAN_POINT('',(-71.9,87.5000000000001,116.));
#7206=CARTESIAN_POINT('Origin',(-71.9,86.1000000000001,116.));
#7207=CARTESIAN_POINT('',(-64.5,86.1000000000001,110.));
#7208=CARTESIAN_POINT('Origin',(-64.5,86.1000000000001,116.));
#7209=CARTESIAN_POINT('',(-64.5,87.5000000000001,108.6));
#7210=CARTESIAN_POINT('Origin',(-64.5,86.1000000000001,108.6));
#7211=CARTESIAN_POINT('Origin',(-64.5,87.5000000000001,116.));
#7212=CARTESIAN_POINT('Origin',(-71.9,86.1000000000001,115.));
#7213=CARTESIAN_POINT('',(-71.9,87.5000000000001,118.599999999992));
#7214=CARTESIAN_POINT('',(-71.9,87.5000000000001,115.));
#7215=CARTESIAN_POINT('',(-70.5,86.1000000000002,119.999999999992));
#7216=CARTESIAN_POINT('Origin',(-71.9,86.1000000000001,118.599999999992));
#7217=CARTESIAN_POINT('',(-70.5,86.1000000000001,115.));
#7218=CARTESIAN_POINT('Origin',(-80.5,-47.5,118.6));
#7219=CARTESIAN_POINT('',(-119.1,-47.4999999999999,119.999999999999));
#7220=CARTESIAN_POINT('Origin',(-119.1,-47.5,118.6));
#7221=CARTESIAN_POINT('',(-80.5,-87.5000000000002,118.6));
#7222=CARTESIAN_POINT('Origin',(-80.5,-47.5,118.6));
#7223=CARTESIAN_POINT('',(-80.5,-86.1000000000001,120.));
#7224=CARTESIAN_POINT('Origin',(-80.5,-86.1000000000002,118.6));
#7225=CARTESIAN_POINT('Origin',(-80.5,-47.4999999999999,119.999999999999));
#7226=CARTESIAN_POINT('Origin',(-119.1,-62.5000000000001,118.599999999999));
#7227=CARTESIAN_POINT('',(-119.1,47.5000000000001,119.999999999994));
#7228=CARTESIAN_POINT('Origin',(-119.1,47.5,118.599999999994));
#7229=CARTESIAN_POINT('',(-119.1,-62.5000000000001,119.999999999999));
#7230=CARTESIAN_POINT('Origin',(-80.5,47.5,118.6));
#7231=CARTESIAN_POINT('',(-80.5,87.5000000000001,118.599999999998));
#7232=CARTESIAN_POINT('',(-80.5,86.1000000000002,119.999999999992));
#7233=CARTESIAN_POINT('Origin',(-80.5,86.1000000000001,118.599999999998));
#7234=CARTESIAN_POINT('Origin',(-80.5,47.5,118.6));
#7235=CARTESIAN_POINT('Origin',(-80.5,47.5000000000001,119.999999999994));
#7236=CARTESIAN_POINT('Origin',(-40.25,86.1000000000001,118.599999999992));
#7237=CARTESIAN_POINT('',(-40.25,86.1000000000002,119.999999999992));
#7238=CARTESIAN_POINT('',(-40.25,87.5000000000001,118.599999999992));
#7239=CARTESIAN_POINT('Origin',(-80.5,47.5,59.9999999999999));
#7240=CARTESIAN_POINT('',(-80.5,87.5000000000001,-7.8159700933611E-13));
#7241=CARTESIAN_POINT('',(-80.5,87.5000000000001,120.));
#7242=CARTESIAN_POINT('Origin',(-80.5,47.5,-7.8159700933611E-13));
#7243=CARTESIAN_POINT('Origin',(-80.5,-47.5,59.9999999999999));
#7244=CARTESIAN_POINT('',(-80.5,-87.5000000000002,-7.8159700933611E-13));
#7245=CARTESIAN_POINT('Origin',(-80.5,-47.5,-7.8159700933611E-13));
#7246=CARTESIAN_POINT('',(-80.5,-87.5000000000002,120.));
#7247=CARTESIAN_POINT('Origin',(-80.5,-47.5,124.6));
#7248=CARTESIAN_POINT('',(-101.9,-47.5,126.));
#7249=CARTESIAN_POINT('',(-100.5,-47.5,124.6));
#7250=CARTESIAN_POINT('Origin',(-101.9,-47.5,124.6));
#7251=CARTESIAN_POINT('',(-80.5,-68.9000000000001,126.));
#7252=CARTESIAN_POINT('Origin',(-80.5,-47.5,126.));
#7253=CARTESIAN_POINT('',(-80.5,-67.5000000000001,124.6));
#7254=CARTESIAN_POINT('Origin',(-80.5,-68.9000000000001,124.6));
#7255=CARTESIAN_POINT('Origin',(-80.5,-47.5,124.6));
#7256=CARTESIAN_POINT('Origin',(-101.9,-57.5000000000001,124.6));
#7257=CARTESIAN_POINT('',(-101.9,47.5,126.));
#7258=CARTESIAN_POINT('',(-100.5,47.5,124.6));
#7259=CARTESIAN_POINT('Origin',(-101.9,47.5,124.6));
#7260=CARTESIAN_POINT('',(-101.9,-57.5000000000001,126.));
#7261=CARTESIAN_POINT('',(-100.5,-57.5000000000001,124.6));
#7262=CARTESIAN_POINT('Origin',(-80.5,47.5,124.6));
#7263=CARTESIAN_POINT('',(-80.5,68.9,126.));
#7264=CARTESIAN_POINT('',(-80.5,67.5000000000001,124.6));
#7265=CARTESIAN_POINT('Origin',(-80.5,68.9,124.6));
#7266=CARTESIAN_POINT('Origin',(-80.5,47.5,126.));
#7267=CARTESIAN_POINT('Origin',(-80.5,47.5,124.6));
#7268=CARTESIAN_POINT('Origin',(-64.5,85.5000000000001,116.));
#7269=CARTESIAN_POINT('',(-69.5,84.5000000000001,116.));
#7270=CARTESIAN_POINT('',(-70.5,85.5000000000001,116.));
#7271=CARTESIAN_POINT('Origin',(-69.5,85.5000000000001,116.));
#7272=CARTESIAN_POINT('',(-64.5,84.5000000000001,111.));
#7273=CARTESIAN_POINT('Origin',(-64.5,84.5000000000001,116.));
#7274=CARTESIAN_POINT('',(-64.5,85.5000000000001,110.));
#7275=CARTESIAN_POINT('Origin',(-64.5,85.5000000000001,111.));
#7276=CARTESIAN_POINT('Origin',(-64.5,85.5000000000001,116.));
#7277=CARTESIAN_POINT('Origin',(-69.5,85.5000000000001,115.));
#7278=CARTESIAN_POINT('',(-69.5,84.5000000000001,119.999999999993));
#7279=CARTESIAN_POINT('',(-70.5,85.5000000000001,119.999999999992));
#7280=CARTESIAN_POINT('Origin',(-69.5,85.5000000000001,120.));
#7281=CARTESIAN_POINT('',(-69.5,84.5000000000001,115.));
#7282=CARTESIAN_POINT('',(-70.5,85.5000000000001,115.));
#7283=CARTESIAN_POINT('Origin',(-80.5,-47.5,122.));
#7284=CARTESIAN_POINT('',(-112.5,-47.5000000000001,119.999999999999));
#7285=CARTESIAN_POINT('',(-110.5,-47.5,122.));
#7286=CARTESIAN_POINT('Origin',(-112.5,-47.5,122.));
#7287=CARTESIAN_POINT('',(-80.5,-79.5000000000002,120.));
#7288=CARTESIAN_POINT('Origin',(-80.5,-47.5000000000001,119.999999999999));
#7289=CARTESIAN_POINT('',(-80.5,-77.5000000000001,122.));
#7290=CARTESIAN_POINT('Origin',(-80.5,-79.5000000000001,122.));
#7291=CARTESIAN_POINT('Origin',(-80.5,-47.5,122.));
#7292=CARTESIAN_POINT('Origin',(-112.5,-62.5000000000001,121.999999999999));
#7293=CARTESIAN_POINT('',(-112.5,47.4999999999999,119.999999999994));
#7294=CARTESIAN_POINT('',(-110.5,47.5,121.999999999994));
#7295=CARTESIAN_POINT('Origin',(-112.5,47.5,121.999999999994));
#7296=CARTESIAN_POINT('',(-112.5,-62.5000000000002,119.999999999999));
#7297=CARTESIAN_POINT('',(-110.5,-62.5000000000001,121.999999999999));
#7298=CARTESIAN_POINT('Origin',(-80.5,47.5,122.));
#7299=CARTESIAN_POINT('',(-80.5,79.5,119.999999999993));
#7300=CARTESIAN_POINT('',(-80.5,77.5000000000001,121.999999999999));
#7301=CARTESIAN_POINT('Origin',(-80.5,79.5000000000001,121.999999999999));
#7302=CARTESIAN_POINT('Origin',(-80.5,47.4999999999999,119.999999999994));
#7303=CARTESIAN_POINT('Origin',(-80.5,47.5,122.));
#7304=CARTESIAN_POINT('Origin',(-80.5,-47.5,124.));
#7305=CARTESIAN_POINT('',(-110.5,-47.5,124.));
#7306=CARTESIAN_POINT('',(-108.5,-47.5,126.));
#7307=CARTESIAN_POINT('Origin',(-108.5,-47.5,124.));
#7308=CARTESIAN_POINT('',(-80.5,-77.5000000000001,124.));
#7309=CARTESIAN_POINT('Origin',(-80.5,-47.5,124.));
#7310=CARTESIAN_POINT('',(-80.5,-75.5000000000001,126.));
#7311=CARTESIAN_POINT('Origin',(-80.5,-75.5000000000001,124.));
#7312=CARTESIAN_POINT('Origin',(-80.5,-47.5,126.));
#7313=CARTESIAN_POINT('Origin',(-108.5,-57.5000000000001,124.));
#7314=CARTESIAN_POINT('',(-110.5,47.5,124.));
#7315=CARTESIAN_POINT('',(-108.5,47.5,126.));
#7316=CARTESIAN_POINT('Origin',(-108.5,47.5,124.));
#7317=CARTESIAN_POINT('',(-110.5,-57.5000000000001,124.));
#7318=CARTESIAN_POINT('',(-108.5,-57.5000000000001,126.));
#7319=CARTESIAN_POINT('Origin',(-80.5,47.5,124.));
#7320=CARTESIAN_POINT('',(-80.5,77.5000000000001,124.));
#7321=CARTESIAN_POINT('',(-80.5,75.5000000000001,126.));
#7322=CARTESIAN_POINT('Origin',(-80.5,75.5000000000001,124.));
#7323=CARTESIAN_POINT('Origin',(-80.5,47.5,124.));
#7324=CARTESIAN_POINT('Origin',(-80.5,47.5,126.));
#7325=CARTESIAN_POINT('Origin',(-64.5,87.5000000000001,116.));
#7326=CARTESIAN_POINT('',(-70.5,87.5000000000001,116.));
#7327=CARTESIAN_POINT('',(-64.5,87.5000000000001,110.));
#7328=CARTESIAN_POINT('Origin',(-70.5,87.5000000000001,110.));
#7329=CARTESIAN_POINT('',(-70.5,5.00000000000022,119.999999999996));
#7330=CARTESIAN_POINT('Origin',(-80.5,47.5,-17.6604444311905));
#7331=CARTESIAN_POINT('',(-113.355752193731,47.5,-15.3208888623803));
#7332=CARTESIAN_POINT('',(-107.779404685324,47.5,-20.0000000000007));
#7333=CARTESIAN_POINT('',(-107.779404685324,47.5,-20.0000000000007));
#7334=CARTESIAN_POINT('',(-80.5,80.3557521937309,-15.3208888623803));
#7335=CARTESIAN_POINT('Origin',(-80.5,47.5,-15.3208888623803));
#7336=CARTESIAN_POINT('',(-80.5,74.7794046853242,-20.0000000000007));
#7337=CARTESIAN_POINT('',(-80.5,74.7794046853242,-20.0000000000007));
#7338=CARTESIAN_POINT('Origin',(-80.5,47.5,-20.0000000000007));
#7339=CARTESIAN_POINT('Ctrl Pts',(-113.355752193731,47.5,-15.3208888623803));
#7340=CARTESIAN_POINT('Ctrl Pts',(-113.355752193731,80.3557521937309,-15.3208888623803));
#7341=CARTESIAN_POINT('Ctrl Pts',(-80.5,80.3557521937309,-15.3208888623803));
#7342=CARTESIAN_POINT('Ctrl Pts',(-120.5,47.5,-9.32615316310072));
#7343=CARTESIAN_POINT('Ctrl Pts',(-120.5,87.5000000000001,-9.32615316310072));
#7344=CARTESIAN_POINT('Ctrl Pts',(-80.5,87.5000000000001,-9.32615316310072));
#7345=CARTESIAN_POINT('Ctrl Pts',(-120.5,47.5,-7.8159700933611E-13));
#7346=CARTESIAN_POINT('Ctrl Pts',(-120.5,87.5000000000001,-7.8159700933611E-13));
#7347=CARTESIAN_POINT('Ctrl Pts',(-80.5,87.5000000000001,-7.8159700933611E-13));
#7348=CARTESIAN_POINT('Origin',(-100.5,47.5,-7.71918585739027E-13));
#7349=CARTESIAN_POINT('Origin',(-80.5,67.5000000000002,-7.71918585739027E-13));
#7350=CARTESIAN_POINT('Origin',(-80.5,47.5,123.));
#7351=CARTESIAN_POINT('',(-110.5,47.5,126.));
#7352=CARTESIAN_POINT('',(-80.5,77.5000000000001,126.));
#7353=CARTESIAN_POINT('Origin',(-80.5,47.5,68.));
#7354=CARTESIAN_POINT('',(-100.5,47.5,10.));
#7355=CARTESIAN_POINT('',(-100.5,47.5,10.));
#7356=CARTESIAN_POINT('',(-80.5,67.5,10.));
#7357=CARTESIAN_POINT('Origin',(-80.5,47.5,10.));
#7358=CARTESIAN_POINT('',(-80.5,67.5,10.));
#7359=CARTESIAN_POINT('Ctrl Pts',(-95.4999999999999,47.5,1.3397459621556));
#7360=CARTESIAN_POINT('Ctrl Pts',(-95.4999999999999,62.4999999999999,1.3397459621556));
#7361=CARTESIAN_POINT('Ctrl Pts',(-80.5,62.4999999999999,1.3397459621556));
#7362=CARTESIAN_POINT('Ctrl Pts',(-100.5,47.5,4.22649730810373));
#7363=CARTESIAN_POINT('Ctrl Pts',(-100.5,67.5,4.22649730810373));
#7364=CARTESIAN_POINT('Ctrl Pts',(-80.5,67.5,4.22649730810373));
#7365=CARTESIAN_POINT('Ctrl Pts',(-100.5,47.5,10.));
#7366=CARTESIAN_POINT('Ctrl Pts',(-100.5,67.5,10.));
#7367=CARTESIAN_POINT('Ctrl Pts',(-80.5,67.5,10.));
#7368=CARTESIAN_POINT('',(-95.5,47.5,1.33974596215561));
#7369=CARTESIAN_POINT('Origin',(-90.5,47.5,10.));
#7370=CARTESIAN_POINT('',(-80.5,62.5,1.33974596215561));
#7371=CARTESIAN_POINT('Origin',(-80.5,47.5,1.33974596215561));
#7372=CARTESIAN_POINT('Origin',(-80.5,57.5,10.));
#7373=CARTESIAN_POINT('Origin',(-80.5,47.5,0.669872981077793));
#7374=CARTESIAN_POINT('',(-93.1794919243116,47.5,-2.22044604886258E-14));
#7375=CARTESIAN_POINT('',(-93.1794919243116,47.5,-2.22044604886258E-14));
#7376=CARTESIAN_POINT('',(-80.5,60.1794919243116,-2.22044604886258E-14));
#7377=CARTESIAN_POINT('Origin',(-80.5,47.5,-2.22044604886258E-14));
#7378=CARTESIAN_POINT('',(-80.5,60.1794919243116,-2.22044604886258E-14));
#7379=CARTESIAN_POINT('Origin',(-113.355752193731,-47.5,-15.3208888623803));
#7380=CARTESIAN_POINT('',(-113.355752193731,-47.5,-15.3208888623803));
#7381=CARTESIAN_POINT('',(-107.779404685324,-47.5,-20.0000000000007));
#7382=CARTESIAN_POINT('',(-107.779404685324,-47.5,-20.0000000000007));
#7383=CARTESIAN_POINT('',(-113.355752193731,-47.5,-15.3208888623803));
#7384=CARTESIAN_POINT('',(-107.779404685324,-47.5,-20.0000000000007));
#7385=CARTESIAN_POINT('Origin',(-100.5,-47.5,-7.71918585739027E-13));
#7386=CARTESIAN_POINT('Origin',(-100.5,-47.5,-7.71918585739027E-13));
#7387=CARTESIAN_POINT('Origin',(-110.5,-47.5,126.));
#7388=CARTESIAN_POINT('',(-110.5,-47.5,126.));
#7389=CARTESIAN_POINT('Origin',(-100.5,-47.5,10.));
#7390=CARTESIAN_POINT('',(-100.5,-47.5,10.));
#7391=CARTESIAN_POINT('',(-100.5,-47.5,10.));
#7392=CARTESIAN_POINT('',(-100.5,-47.5,10.));
#7393=CARTESIAN_POINT('Origin',(-90.5,-47.5,10.));
#7394=CARTESIAN_POINT('',(-95.5,-47.5,1.33974596215561));
#7395=CARTESIAN_POINT('Origin',(-90.5,-47.5,10.));
#7396=CARTESIAN_POINT('',(-95.5,-47.5,1.33974596215561));
#7397=CARTESIAN_POINT('Origin',(-93.1794919243116,-47.5,-2.22044604886258E-14));
#7398=CARTESIAN_POINT('',(-93.1794919243116,-47.5,-2.22044604886258E-14));
#7399=CARTESIAN_POINT('',(-93.1794919243116,-47.5,-2.22044604886258E-14));
#7400=CARTESIAN_POINT('',(-93.1794919243116,-47.5,-2.22044604886258E-14));
#7401=CARTESIAN_POINT('Origin',(-80.5,-47.5,-17.6604444311905));
#7402=CARTESIAN_POINT('',(-80.5,-80.355752193731,-15.3208888623803));
#7403=CARTESIAN_POINT('',(-80.5,-74.7794046853242,-20.0000000000007));
#7404=CARTESIAN_POINT('',(-80.5,-74.7794046853242,-20.0000000000007));
#7405=CARTESIAN_POINT('Origin',(-80.5,-47.5,-15.3208888623803));
#7406=CARTESIAN_POINT('Origin',(-80.5,-47.5,-20.0000000000007));
#7407=CARTESIAN_POINT('Ctrl Pts',(-80.5,-80.355752193731,-15.3208888623803));
#7408=CARTESIAN_POINT('Ctrl Pts',(-113.355752193731,-80.355752193731,-15.3208888623803));
#7409=CARTESIAN_POINT('Ctrl Pts',(-113.355752193731,-47.5,-15.3208888623803));
#7410=CARTESIAN_POINT('Ctrl Pts',(-80.5,-87.5000000000002,-9.32615316310073));
#7411=CARTESIAN_POINT('Ctrl Pts',(-120.5,-87.5000000000002,-9.32615316310073));
#7412=CARTESIAN_POINT('Ctrl Pts',(-120.5,-47.5,-9.32615316310073));
#7413=CARTESIAN_POINT('Ctrl Pts',(-80.5,-87.5000000000002,-7.8159700933611E-13));
#7414=CARTESIAN_POINT('Ctrl Pts',(-120.5,-87.5000000000002,-7.8159700933611E-13));
#7415=CARTESIAN_POINT('Ctrl Pts',(-120.5,-47.5,-7.8159700933611E-13));
#7416=CARTESIAN_POINT('Origin',(-80.5,-67.5000000000002,-7.71918585739027E-13));
#7417=CARTESIAN_POINT('Origin',(-80.5,-47.5,123.));
#7418=CARTESIAN_POINT('',(-80.5,-77.5000000000001,126.));
#7419=CARTESIAN_POINT('Origin',(-80.5,-47.5,68.));
#7420=CARTESIAN_POINT('',(-80.5,-67.5,10.));
#7421=CARTESIAN_POINT('',(-80.5,-67.5,10.));
#7422=CARTESIAN_POINT('Origin',(-80.5,-47.5,10.));
#7423=CARTESIAN_POINT('Ctrl Pts',(-80.5,-62.5,1.33974596215561));
#7424=CARTESIAN_POINT('Ctrl Pts',(-95.5,-62.5,1.33974596215561));
#7425=CARTESIAN_POINT('Ctrl Pts',(-95.5,-47.5,1.33974596215561));
#7426=CARTESIAN_POINT('Ctrl Pts',(-80.5,-67.5,4.22649730810375));
#7427=CARTESIAN_POINT('Ctrl Pts',(-100.5,-67.5,4.22649730810375));
#7428=CARTESIAN_POINT('Ctrl Pts',(-100.5,-47.5,4.22649730810375));
#7429=CARTESIAN_POINT('Ctrl Pts',(-80.5,-67.5,10.));
#7430=CARTESIAN_POINT('Ctrl Pts',(-100.5,-67.5,10.));
#7431=CARTESIAN_POINT('Ctrl Pts',(-100.5,-47.5,10.));
#7432=CARTESIAN_POINT('',(-80.5,-62.5,1.33974596215561));
#7433=CARTESIAN_POINT('Origin',(-80.5,-57.5,10.));
#7434=CARTESIAN_POINT('Origin',(-80.5,-47.5,1.33974596215561));
#7435=CARTESIAN_POINT('Origin',(-80.5,-47.5,0.669872981077793));
#7436=CARTESIAN_POINT('',(-80.5,-60.1794919243116,-2.22044604886258E-14));
#7437=CARTESIAN_POINT('',(-80.5,-60.1794919243116,-2.22044604886258E-14));
#7438=CARTESIAN_POINT('Origin',(-80.5,-47.5,-2.22044604886258E-14));
#7439=CARTESIAN_POINT('Origin',(114.8,0.,101.));
#7440=CARTESIAN_POINT('',(114.3,-16.3,101.));
#7441=CARTESIAN_POINT('Origin',(114.3,0.,101.));
#7442=CARTESIAN_POINT('',(115.3,-15.3,101.));
#7443=CARTESIAN_POINT('',(114.8,-15.8,101.));
#7444=CARTESIAN_POINT('Origin',(115.3,0.,101.));
#7445=CARTESIAN_POINT('Origin',(110.5,0.,101.));
#7446=CARTESIAN_POINT('',(111.,-16.3,101.));
#7447=CARTESIAN_POINT('Origin',(111.,0.,101.));
#7448=CARTESIAN_POINT('',(110.5,-16.3,101.));
#7449=CARTESIAN_POINT('Origin',(110.75,0.,101.));
#7450=CARTESIAN_POINT('',(110.5,-15.8,101.));
#7451=CARTESIAN_POINT('',(110.75,-16.05,101.));
#7452=CARTESIAN_POINT('Origin',(110.5,0.,101.));
#7453=CARTESIAN_POINT('Origin',(110.5,0.,101.));
#7454=CARTESIAN_POINT('Origin',(119.5,0.,101.));
#7455=CARTESIAN_POINT('',(120.5,-15.9,101.));
#7456=CARTESIAN_POINT('Origin',(120.5,0.,101.));
#7457=CARTESIAN_POINT('',(118.5,-15.3,101.));
#7458=CARTESIAN_POINT('',(119.5,-15.6,101.));
#7459=CARTESIAN_POINT('Origin',(118.5,0.,101.));
#7460=CARTESIAN_POINT('Origin',(120.5,0.,101.));
#7461=CARTESIAN_POINT('',(120.5,-15.3,101.));
#7462=CARTESIAN_POINT('Origin',(120.5,-47.5,120.));
#7463=CARTESIAN_POINT('',(120.5,-47.5,118.6));
#7464=CARTESIAN_POINT('',(120.5,47.5,118.599999999994));
#7465=CARTESIAN_POINT('',(120.5,-62.5000000000001,118.599999999999));
#7466=CARTESIAN_POINT('',(120.5,-47.5,-7.8159700933611E-13));
#7467=CARTESIAN_POINT('',(120.5,-47.5,120.));
#7468=CARTESIAN_POINT('',(120.5,47.5,-7.8159700933611E-13));
#7469=CARTESIAN_POINT('',(120.5,-47.5,-7.8159700933611E-13));
#7470=CARTESIAN_POINT('',(120.5,47.5,120.));
#7471=CARTESIAN_POINT('Origin',(40.25,86.1000000000001,108.6));
#7472=CARTESIAN_POINT('',(64.5,86.1000000000001,110.));
#7473=CARTESIAN_POINT('',(40.25,86.1000000000001,110.));
#7474=CARTESIAN_POINT('',(64.5,87.5000000000001,108.6));
#7475=CARTESIAN_POINT('Origin',(64.5,86.1000000000001,108.6));
#7476=CARTESIAN_POINT('',(40.25,87.5000000000001,108.6));
#7477=CARTESIAN_POINT('Origin',(64.5,86.1000000000001,116.));
#7478=CARTESIAN_POINT('',(70.5,86.1000000000001,116.));
#7479=CARTESIAN_POINT('',(71.9,87.5000000000001,116.));
#7480=CARTESIAN_POINT('Origin',(71.9,86.1000000000001,116.));
#7481=CARTESIAN_POINT('Origin',(64.5,87.5000000000001,116.));
#7482=CARTESIAN_POINT('Origin',(64.5,86.1000000000001,116.));
#7483=CARTESIAN_POINT('Origin',(71.9,86.1000000000001,115.));
#7484=CARTESIAN_POINT('',(71.9,87.5000000000001,118.599999999992));
#7485=CARTESIAN_POINT('',(71.9,87.5000000000001,115.));
#7486=CARTESIAN_POINT('',(70.5,86.1000000000002,119.999999999992));
#7487=CARTESIAN_POINT('',(70.5,86.1000000000001,115.));
#7488=CARTESIAN_POINT('Origin',(71.9,86.1000000000001,118.599999999992));
#7489=CARTESIAN_POINT('Origin',(0.,-86.1000000000002,118.6));
#7490=CARTESIAN_POINT('',(80.5,-87.5000000000002,118.6));
#7491=CARTESIAN_POINT('',(0.,-87.5000000000002,118.6));
#7492=CARTESIAN_POINT('',(80.5,-86.1000000000001,120.));
#7493=CARTESIAN_POINT('Origin',(80.5,-86.1000000000002,118.6));
#7494=CARTESIAN_POINT('',(0.,-86.1000000000001,120.));
#7495=CARTESIAN_POINT('Origin',(80.5,-47.5,118.6));
#7496=CARTESIAN_POINT('',(119.1,-47.4999999999999,119.999999999999));
#7497=CARTESIAN_POINT('Origin',(119.1,-47.5,118.6));
#7498=CARTESIAN_POINT('Origin',(80.5,-47.4999999999999,119.999999999999));
#7499=CARTESIAN_POINT('Origin',(80.5,-47.5,118.6));
#7500=CARTESIAN_POINT('Origin',(119.1,-62.5000000000001,118.599999999999));
#7501=CARTESIAN_POINT('',(119.1,47.5000000000001,119.999999999994));
#7502=CARTESIAN_POINT('Origin',(119.1,47.5,118.599999999994));
#7503=CARTESIAN_POINT('',(119.1,-62.5000000000001,119.999999999999));
#7504=CARTESIAN_POINT('Origin',(80.5,47.5,118.6));
#7505=CARTESIAN_POINT('',(80.5,87.5000000000001,118.599999999998));
#7506=CARTESIAN_POINT('',(80.5,86.1000000000002,119.999999999992));
#7507=CARTESIAN_POINT('Origin',(80.5,86.1000000000001,118.599999999998));
#7508=CARTESIAN_POINT('Origin',(80.5,47.5000000000001,119.999999999994));
#7509=CARTESIAN_POINT('Origin',(80.5,47.5,118.6));
#7510=CARTESIAN_POINT('Origin',(40.25,86.1000000000001,118.599999999992));
#7511=CARTESIAN_POINT('',(40.25,86.1000000000002,119.999999999992));
#7512=CARTESIAN_POINT('',(40.25,87.5000000000001,118.599999999992));
#7513=CARTESIAN_POINT('Origin',(80.5,87.5000000000001,120.));
#7514=CARTESIAN_POINT('',(80.5,87.5000000000001,-7.8159700933611E-13));
#7515=CARTESIAN_POINT('',(80.5,87.5000000000001,120.));
#7516=CARTESIAN_POINT('',(80.5,87.5000000000001,-7.8159700933611E-13));
#7517=CARTESIAN_POINT('Origin',(80.5,47.5,59.9999999999999));
#7518=CARTESIAN_POINT('Origin',(80.5,47.5,-7.8159700933611E-13));
#7519=CARTESIAN_POINT('Origin',(80.5,-47.5,59.9999999999999));
#7520=CARTESIAN_POINT('',(80.5,-87.5000000000002,-7.8159700933611E-13));
#7521=CARTESIAN_POINT('',(80.5,-87.5000000000002,120.));
#7522=CARTESIAN_POINT('Origin',(80.5,-47.5,-7.8159700933611E-13));
#7523=CARTESIAN_POINT('Origin',(0.,-87.5000000000002,120.));
#7524=CARTESIAN_POINT('',(0.,-87.5000000000002,-7.8159700933611E-13));
#7525=CARTESIAN_POINT('Origin',(0.,-68.9000000000001,124.6));
#7526=CARTESIAN_POINT('',(80.5,-68.9000000000001,126.));
#7527=CARTESIAN_POINT('',(0.,-68.9000000000001,126.));
#7528=CARTESIAN_POINT('',(80.5,-67.5000000000001,124.6));
#7529=CARTESIAN_POINT('Origin',(80.5,-68.9000000000001,124.6));
#7530=CARTESIAN_POINT('',(0.,-67.5000000000001,124.6));
#7531=CARTESIAN_POINT('Origin',(80.5,-47.5,124.6));
#7532=CARTESIAN_POINT('',(101.9,-47.5,126.));
#7533=CARTESIAN_POINT('',(100.5,-47.5,124.6));
#7534=CARTESIAN_POINT('Origin',(101.9,-47.5,124.6));
#7535=CARTESIAN_POINT('Origin',(80.5,-47.5,124.6));
#7536=CARTESIAN_POINT('Origin',(80.5,-47.5,126.));
#7537=CARTESIAN_POINT('Origin',(101.9,-57.5000000000001,124.6));
#7538=CARTESIAN_POINT('',(101.9,47.5,126.));
#7539=CARTESIAN_POINT('',(100.5,47.5,124.6));
#7540=CARTESIAN_POINT('Origin',(101.9,47.5,124.6));
#7541=CARTESIAN_POINT('',(100.5,-57.5000000000001,124.6));
#7542=CARTESIAN_POINT('',(101.9,-57.5000000000001,126.));
#7543=CARTESIAN_POINT('Origin',(80.5,47.5,124.6));
#7544=CARTESIAN_POINT('',(80.5,68.9,126.));
#7545=CARTESIAN_POINT('',(80.5,67.5000000000001,124.6));
#7546=CARTESIAN_POINT('Origin',(80.5,68.9,124.6));
#7547=CARTESIAN_POINT('Origin',(80.5,47.5,124.6));
#7548=CARTESIAN_POINT('Origin',(80.5,47.5,126.));
#7549=CARTESIAN_POINT('Origin',(40.25,68.9000000000001,124.6));
#7550=CARTESIAN_POINT('',(40.25,67.5000000000001,124.6));
#7551=CARTESIAN_POINT('',(40.25,68.9000000000001,126.));
#7552=CARTESIAN_POINT('Origin',(0.,-67.5000000000001,126.));
#7553=CARTESIAN_POINT('',(80.5,75.5000000000001,126.));
#7554=CARTESIAN_POINT('',(40.25,75.5000000000001,126.));
#7555=CARTESIAN_POINT('',(80.5,-75.5000000000001,126.));
#7556=CARTESIAN_POINT('',(0.,-75.5000000000001,126.));
#7557=CARTESIAN_POINT('',(108.5,-47.5,126.));
#7558=CARTESIAN_POINT('Origin',(80.5,-47.5,126.));
#7559=CARTESIAN_POINT('',(108.5,47.5,126.));
#7560=CARTESIAN_POINT('',(108.5,-57.5000000000001,126.));
#7561=CARTESIAN_POINT('Origin',(80.5,47.5,126.));
#7562=CARTESIAN_POINT('Origin',(17.625,85.5000000000001,111.));
#7563=CARTESIAN_POINT('',(64.5,84.5000000000001,111.));
#7564=CARTESIAN_POINT('',(64.5,85.5000000000001,110.));
#7565=CARTESIAN_POINT('Origin',(64.5,85.5000000000001,111.));
#7566=CARTESIAN_POINT('',(17.625,85.5000000000001,110.));
#7567=CARTESIAN_POINT('',(17.625,84.5000000000001,111.));
#7568=CARTESIAN_POINT('Origin',(64.5,85.5000000000001,116.));
#7569=CARTESIAN_POINT('',(69.5,84.5000000000001,116.));
#7570=CARTESIAN_POINT('',(70.5,85.5000000000001,116.));
#7571=CARTESIAN_POINT('Origin',(69.5,85.5000000000001,116.));
#7572=CARTESIAN_POINT('Origin',(64.5,85.5000000000001,116.));
#7573=CARTESIAN_POINT('Origin',(64.5,84.5000000000001,116.));
#7574=CARTESIAN_POINT('Origin',(69.5,85.5000000000001,115.));
#7575=CARTESIAN_POINT('',(69.5,84.5000000000001,119.999999999993));
#7576=CARTESIAN_POINT('',(70.5,85.5000000000001,119.999999999992));
#7577=CARTESIAN_POINT('Origin',(69.5,85.5000000000001,120.));
#7578=CARTESIAN_POINT('',(70.5,85.5000000000001,115.));
#7579=CARTESIAN_POINT('',(69.5,84.5000000000001,115.));
#7580=CARTESIAN_POINT('Origin',(35.25,84.5000000000001,120.));
#7581=CARTESIAN_POINT('',(17.625,84.5000000000001,119.999999999993));
#7582=CARTESIAN_POINT('Origin',(0.,-79.5000000000001,122.));
#7583=CARTESIAN_POINT('',(80.5,-79.5000000000002,120.));
#7584=CARTESIAN_POINT('',(80.5,-77.5000000000001,122.));
#7585=CARTESIAN_POINT('Origin',(80.5,-79.5000000000001,122.));
#7586=CARTESIAN_POINT('',(0.,-77.5000000000001,122.));
#7587=CARTESIAN_POINT('',(0.,-79.5000000000002,120.));
#7588=CARTESIAN_POINT('Origin',(80.5,-47.5,122.));
#7589=CARTESIAN_POINT('',(112.5,-47.5000000000001,119.999999999999));
#7590=CARTESIAN_POINT('',(110.5,-47.5,122.));
#7591=CARTESIAN_POINT('Origin',(112.5,-47.5,122.));
#7592=CARTESIAN_POINT('Origin',(80.5,-47.5,122.));
#7593=CARTESIAN_POINT('Origin',(80.5,-47.5000000000001,119.999999999999));
#7594=CARTESIAN_POINT('Origin',(112.5,-62.5000000000001,121.999999999999));
#7595=CARTESIAN_POINT('',(112.5,47.4999999999999,119.999999999994));
#7596=CARTESIAN_POINT('',(110.5,47.5,121.999999999994));
#7597=CARTESIAN_POINT('Origin',(112.5,47.5,121.999999999994));
#7598=CARTESIAN_POINT('',(110.5,-62.5000000000001,121.999999999999));
#7599=CARTESIAN_POINT('',(112.5,-62.5000000000002,119.999999999999));
#7600=CARTESIAN_POINT('Origin',(80.5,47.5,122.));
#7601=CARTESIAN_POINT('',(80.5,79.5,119.999999999993));
#7602=CARTESIAN_POINT('',(80.5,77.5000000000001,121.999999999999));
#7603=CARTESIAN_POINT('Origin',(80.5,79.5000000000001,121.999999999999));
#7604=CARTESIAN_POINT('Origin',(80.5,47.5,122.));
#7605=CARTESIAN_POINT('Origin',(80.5,47.4999999999999,119.999999999994));
#7606=CARTESIAN_POINT('Origin',(40.25,79.5000000000001,121.999999999993));
#7607=CARTESIAN_POINT('',(40.25,77.5000000000001,121.999999999993));
#7608=CARTESIAN_POINT('',(40.25,79.5,119.999999999993));
#7609=CARTESIAN_POINT('Origin',(0.,-77.5000000000001,120.));
#7610=CARTESIAN_POINT('',(70.5,5.00000000000022,119.999999999996));
#7611=CARTESIAN_POINT('Origin',(0.,-75.5000000000001,124.));
#7612=CARTESIAN_POINT('',(80.5,-77.5000000000001,124.));
#7613=CARTESIAN_POINT('',(0.,-77.5000000000001,124.));
#7614=CARTESIAN_POINT('Origin',(80.5,-75.5000000000001,124.));
#7615=CARTESIAN_POINT('Origin',(80.5,-47.5,124.));
#7616=CARTESIAN_POINT('',(110.5,-47.5,124.));
#7617=CARTESIAN_POINT('Origin',(108.5,-47.5,124.));
#7618=CARTESIAN_POINT('Origin',(80.5,-47.5,124.));
#7619=CARTESIAN_POINT('Origin',(108.5,-57.5000000000001,124.));
#7620=CARTESIAN_POINT('',(110.5,47.5,124.));
#7621=CARTESIAN_POINT('Origin',(108.5,47.5,124.));
#7622=CARTESIAN_POINT('',(110.5,-57.5000000000001,124.));
#7623=CARTESIAN_POINT('Origin',(80.5,47.5,124.));
#7624=CARTESIAN_POINT('',(80.5,77.5000000000001,124.));
#7625=CARTESIAN_POINT('Origin',(80.5,75.5000000000001,124.));
#7626=CARTESIAN_POINT('Origin',(80.5,47.5,124.));
#7627=CARTESIAN_POINT('Origin',(40.25,75.5000000000001,124.));
#7628=CARTESIAN_POINT('',(40.25,77.5000000000001,124.));
#7629=CARTESIAN_POINT('Origin',(64.5,87.5000000000001,116.));
#7630=CARTESIAN_POINT('',(64.5,87.5000000000001,110.));
#7631=CARTESIAN_POINT('',(70.5,87.5000000000001,116.));
#7632=CARTESIAN_POINT('Origin',(0.,87.5000000000001,110.));
#7633=CARTESIAN_POINT('Origin',(70.5,87.5000000000001,110.));
#7634=CARTESIAN_POINT('Origin',(80.5,80.3557521937309,-15.3208888623803));
#7635=CARTESIAN_POINT('',(80.5,80.3557521937309,-15.3208888623803));
#7636=CARTESIAN_POINT('',(80.5,74.7794046853242,-20.0000000000007));
#7637=CARTESIAN_POINT('',(80.5,74.7794046853242,-20.0000000000007));
#7638=CARTESIAN_POINT('',(80.5,74.7794046853242,-20.0000000000007));
#7639=CARTESIAN_POINT('',(80.5,80.3557521937309,-15.3208888623803));
#7640=CARTESIAN_POINT('Origin',(80.5,67.5000000000002,-7.71918585739027E-13));
#7641=CARTESIAN_POINT('Origin',(80.5,67.5000000000002,-7.71918585739027E-13));
#7642=CARTESIAN_POINT('Origin',(80.5,77.5000000000001,126.));
#7643=CARTESIAN_POINT('',(80.5,77.5000000000001,126.));
#7644=CARTESIAN_POINT('Origin',(80.5,67.5,10.));
#7645=CARTESIAN_POINT('',(80.5,67.5,10.));
#7646=CARTESIAN_POINT('',(80.5,67.5,10.));
#7647=CARTESIAN_POINT('',(80.5,67.5,10.));
#7648=CARTESIAN_POINT('Origin',(80.5,57.5,10.));
#7649=CARTESIAN_POINT('',(80.5,62.5,1.33974596215561));
#7650=CARTESIAN_POINT('Origin',(80.5,57.5,10.));
#7651=CARTESIAN_POINT('',(80.5,62.5,1.33974596215561));
#7652=CARTESIAN_POINT('Origin',(80.5,60.1794919243116,-2.22044604886258E-14));
#7653=CARTESIAN_POINT('',(80.5,60.1794919243116,-2.22044604886258E-14));
#7654=CARTESIAN_POINT('',(80.5,60.1794919243116,-2.22044604886258E-14));
#7655=CARTESIAN_POINT('',(80.5,60.1794919243116,-2.22044604886258E-14));
#7656=CARTESIAN_POINT('Origin',(80.5,47.5,-17.6604444311905));
#7657=CARTESIAN_POINT('',(113.355752193731,47.5,-15.3208888623803));
#7658=CARTESIAN_POINT('',(107.779404685324,47.5,-20.0000000000007));
#7659=CARTESIAN_POINT('',(107.779404685324,47.5,-20.0000000000007));
#7660=CARTESIAN_POINT('Origin',(80.5,47.5,-20.0000000000007));
#7661=CARTESIAN_POINT('Origin',(80.5,47.5,-15.3208888623803));
#7662=CARTESIAN_POINT('Ctrl Pts',(113.355752193731,47.5,-15.3208888623803));
#7663=CARTESIAN_POINT('Ctrl Pts',(113.355752193731,80.3557521937309,-15.3208888623803));
#7664=CARTESIAN_POINT('Ctrl Pts',(80.5,80.3557521937309,-15.3208888623803));
#7665=CARTESIAN_POINT('Ctrl Pts',(120.5,47.5,-9.32615316310072));
#7666=CARTESIAN_POINT('Ctrl Pts',(120.5,87.5000000000001,-9.32615316310072));
#7667=CARTESIAN_POINT('Ctrl Pts',(80.5,87.5000000000001,-9.32615316310072));
#7668=CARTESIAN_POINT('Ctrl Pts',(120.5,47.5,-7.8159700933611E-13));
#7669=CARTESIAN_POINT('Ctrl Pts',(120.5,87.5000000000001,-7.8159700933611E-13));
#7670=CARTESIAN_POINT('Ctrl Pts',(80.5,87.5000000000001,-7.8159700933611E-13));
#7671=CARTESIAN_POINT('Origin',(100.5,47.5,-7.71918585739027E-13));
#7672=CARTESIAN_POINT('Origin',(80.5,47.5,123.));
#7673=CARTESIAN_POINT('',(110.5,47.5,126.));
#7674=CARTESIAN_POINT('Origin',(80.5,47.5,68.));
#7675=CARTESIAN_POINT('',(100.5,47.5,10.));
#7676=CARTESIAN_POINT('Origin',(80.5,47.5,10.));
#7677=CARTESIAN_POINT('',(100.5,47.5,10.));
#7678=CARTESIAN_POINT('Ctrl Pts',(95.4999999999999,47.5,1.3397459621556));
#7679=CARTESIAN_POINT('Ctrl Pts',(95.4999999999999,62.4999999999999,1.3397459621556));
#7680=CARTESIAN_POINT('Ctrl Pts',(80.5,62.4999999999999,1.3397459621556));
#7681=CARTESIAN_POINT('Ctrl Pts',(100.5,47.5,4.22649730810373));
#7682=CARTESIAN_POINT('Ctrl Pts',(100.5,67.5,4.22649730810373));
#7683=CARTESIAN_POINT('Ctrl Pts',(80.5,67.5,4.22649730810373));
#7684=CARTESIAN_POINT('Ctrl Pts',(100.5,47.5,10.));
#7685=CARTESIAN_POINT('Ctrl Pts',(100.5,67.5,10.));
#7686=CARTESIAN_POINT('Ctrl Pts',(80.5,67.5,10.));
#7687=CARTESIAN_POINT('',(95.5,47.5,1.33974596215561));
#7688=CARTESIAN_POINT('Origin',(90.5,47.5,10.));
#7689=CARTESIAN_POINT('Origin',(80.5,47.5,1.33974596215561));
#7690=CARTESIAN_POINT('Origin',(80.5,47.5,0.669872981077793));
#7691=CARTESIAN_POINT('',(93.1794919243116,47.5,-2.22044604886258E-14));
#7692=CARTESIAN_POINT('',(93.1794919243116,47.5,-2.22044604886258E-14));
#7693=CARTESIAN_POINT('Origin',(80.5,47.5,-2.22044604886258E-14));
#7694=CARTESIAN_POINT('Origin',(113.355752193731,-47.5,-15.3208888623803));
#7695=CARTESIAN_POINT('',(113.355752193731,-47.5,-15.3208888623803));
#7696=CARTESIAN_POINT('',(107.779404685324,-47.5,-20.0000000000007));
#7697=CARTESIAN_POINT('',(107.779404685324,-47.5,-20.0000000000007));
#7698=CARTESIAN_POINT('',(107.779404685324,-47.5,-20.0000000000007));
#7699=CARTESIAN_POINT('',(113.355752193731,-47.5,-15.3208888623803));
#7700=CARTESIAN_POINT('Origin',(100.5,-47.5,-7.71918585739027E-13));
#7701=CARTESIAN_POINT('Origin',(100.5,-47.5,-7.71918585739027E-13));
#7702=CARTESIAN_POINT('Origin',(110.5,-47.5,126.));
#7703=CARTESIAN_POINT('',(110.5,-47.5,126.));
#7704=CARTESIAN_POINT('Origin',(100.5,-47.5,10.));
#7705=CARTESIAN_POINT('',(100.5,-47.5,10.));
#7706=CARTESIAN_POINT('',(100.5,-47.5,10.));
#7707=CARTESIAN_POINT('',(100.5,-47.5,10.));
#7708=CARTESIAN_POINT('Origin',(90.5,-47.5,10.));
#7709=CARTESIAN_POINT('',(95.5,-47.5,1.33974596215561));
#7710=CARTESIAN_POINT('Origin',(90.5,-47.5,10.));
#7711=CARTESIAN_POINT('',(95.5,-47.5,1.33974596215561));
#7712=CARTESIAN_POINT('Origin',(93.1794919243116,-47.5,-2.22044604886258E-14));
#7713=CARTESIAN_POINT('',(93.1794919243116,-47.5,-2.22044604886258E-14));
#7714=CARTESIAN_POINT('',(93.1794919243116,-47.5,-2.22044604886258E-14));
#7715=CARTESIAN_POINT('',(93.1794919243116,-47.5,-2.22044604886258E-14));
#7716=CARTESIAN_POINT('Origin',(80.5,-47.5,-17.6604444311905));
#7717=CARTESIAN_POINT('',(80.5,-80.355752193731,-15.3208888623803));
#7718=CARTESIAN_POINT('',(80.5,-74.7794046853242,-20.0000000000007));
#7719=CARTESIAN_POINT('',(80.5,-74.7794046853242,-20.0000000000007));
#7720=CARTESIAN_POINT('Origin',(80.5,-47.5,-20.0000000000007));
#7721=CARTESIAN_POINT('Origin',(80.5,-47.5,-15.3208888623803));
#7722=CARTESIAN_POINT('Ctrl Pts',(80.5,-80.355752193731,-15.3208888623803));
#7723=CARTESIAN_POINT('Ctrl Pts',(113.355752193731,-80.355752193731,-15.3208888623803));
#7724=CARTESIAN_POINT('Ctrl Pts',(113.355752193731,-47.5,-15.3208888623803));
#7725=CARTESIAN_POINT('Ctrl Pts',(80.5,-87.5000000000002,-9.32615316310073));
#7726=CARTESIAN_POINT('Ctrl Pts',(120.5,-87.5000000000002,-9.32615316310073));
#7727=CARTESIAN_POINT('Ctrl Pts',(120.5,-47.5,-9.32615316310073));
#7728=CARTESIAN_POINT('Ctrl Pts',(80.5,-87.5000000000002,-7.8159700933611E-13));
#7729=CARTESIAN_POINT('Ctrl Pts',(120.5,-87.5000000000002,-7.8159700933611E-13));
#7730=CARTESIAN_POINT('Ctrl Pts',(120.5,-47.5,-7.8159700933611E-13));
#7731=CARTESIAN_POINT('Origin',(80.5,-67.5000000000002,-7.71918585739027E-13));
#7732=CARTESIAN_POINT('Origin',(80.5,-47.5,123.));
#7733=CARTESIAN_POINT('',(80.5,-77.5000000000001,126.));
#7734=CARTESIAN_POINT('Origin',(80.5,-47.5,68.));
#7735=CARTESIAN_POINT('',(80.5,-67.5,10.));
#7736=CARTESIAN_POINT('Origin',(80.5,-47.5,10.));
#7737=CARTESIAN_POINT('',(80.5,-67.5,10.));
#7738=CARTESIAN_POINT('Ctrl Pts',(80.5,-62.5,1.33974596215561));
#7739=CARTESIAN_POINT('Ctrl Pts',(95.5,-62.5,1.33974596215561));
#7740=CARTESIAN_POINT('Ctrl Pts',(95.5,-47.5,1.33974596215561));
#7741=CARTESIAN_POINT('Ctrl Pts',(80.5,-67.5,4.22649730810375));
#7742=CARTESIAN_POINT('Ctrl Pts',(100.5,-67.5,4.22649730810375));
#7743=CARTESIAN_POINT('Ctrl Pts',(100.5,-47.5,4.22649730810375));
#7744=CARTESIAN_POINT('Ctrl Pts',(80.5,-67.5,10.));
#7745=CARTESIAN_POINT('Ctrl Pts',(100.5,-67.5,10.));
#7746=CARTESIAN_POINT('Ctrl Pts',(100.5,-47.5,10.));
#7747=CARTESIAN_POINT('',(80.5,-62.5,1.33974596215561));
#7748=CARTESIAN_POINT('Origin',(80.5,-57.5,10.));
#7749=CARTESIAN_POINT('Origin',(80.5,-47.5,1.33974596215561));
#7750=CARTESIAN_POINT('Origin',(80.5,-47.5,0.669872981077793));
#7751=CARTESIAN_POINT('',(80.5,-60.1794919243116,-2.22044604886258E-14));
#7752=CARTESIAN_POINT('',(80.5,-60.1794919243116,-2.22044604886258E-14));
#7753=CARTESIAN_POINT('Origin',(80.5,-47.5,-2.22044604886258E-14));
#7754=CARTESIAN_POINT('Origin',(80.5,-47.5,-5.81707229594993E-15));
#7755=CARTESIAN_POINT('',(0.,-60.1794919243116,-2.22044604886258E-14));
#7756=CARTESIAN_POINT('Origin',(0.,-80.355752193731,-15.3208888623803));
#7757=CARTESIAN_POINT('',(0.,-74.7794046853242,-20.0000000000007));
#7758=CARTESIAN_POINT('',(0.,-80.355752193731,-15.3208888623803));
#7759=CARTESIAN_POINT('Origin',(0.,-67.5000000000002,-7.71918585739027E-13));
#7760=CARTESIAN_POINT('Origin',(0.,-77.5000000000001,126.));
#7761=CARTESIAN_POINT('Origin',(0.,-67.5,10.));
#7762=CARTESIAN_POINT('',(0.,-67.5,10.));
#7763=CARTESIAN_POINT('Origin',(0.,-57.5,10.));
#7764=CARTESIAN_POINT('',(0.,-62.5,1.33974596215561));
#7765=CARTESIAN_POINT('Origin',(0.,-60.1794919243116,-2.22044604886258E-14));
#7766=CARTESIAN_POINT('Origin',(0.,-74.7794046853242,-20.0000000000008));
#7767=CARTESIAN_POINT('Ctrl Pts',(-124.091751709536,0.408248290463854,126.183503419072));
#7768=CARTESIAN_POINT('Ctrl Pts',(-124.383872346073,0.116127653927502,125.891382782536));
#7769=CARTESIAN_POINT('Ctrl Pts',(-124.675992982609,-0.175992982608851,
125.599262146));
#7770=CARTESIAN_POINT('Ctrl Pts',(-124.968113619145,-0.468113619145202,
125.307141509463));
#7771=CARTESIAN_POINT('Ctrl Pts',(-123.947426722868,-0.272081467659348,
126.719508190527));
#7772=CARTESIAN_POINT('Ctrl Pts',(-124.236525609602,-0.564140148087137,
126.42430384808));
#7773=CARTESIAN_POINT('Ctrl Pts',(-124.524756310488,-0.856150449387947,
126.128182940658));
#7774=CARTESIAN_POINT('Ctrl Pts',(-124.812075746097,-1.1480272032069,125.831017220476));
#7775=CARTESIAN_POINT('Ctrl Pts',(-123.803101736199,-0.95241122578255,127.255512961982));
#7776=CARTESIAN_POINT('Ctrl Pts',(-124.089178873131,-1.24440795010178,126.957224913623));
#7777=CARTESIAN_POINT('Ctrl Pts',(-124.373519638367,-1.53630791616704,126.657103735316));
#7778=CARTESIAN_POINT('Ctrl Pts',(-124.656037873049,-1.82794078726859,126.35489293149));
#7779=CARTESIAN_POINT('Ctrl Pts',(-123.658776749531,-1.63274098390575,127.791517733436));
#7780=CARTESIAN_POINT('Ctrl Pts',(-123.94183213666,-1.92467575211642,127.490145979167));
#7781=CARTESIAN_POINT('Ctrl Pts',(-124.222282966246,-2.21646538294614,127.186024529973));
#7782=CARTESIAN_POINT('Ctrl Pts',(-124.5,-2.50785437133028,126.878768642503));
#7783=CARTESIAN_POINT('',(-123.658776749531,-1.63274098390575,127.791517733436));
#7784=CARTESIAN_POINT('',(-124.091751709536,0.408248290463854,126.183503419072));
#7785=CARTESIAN_POINT('Ctrl Pts',(-123.658776749531,-1.63274098390575,127.791517733436));
#7786=CARTESIAN_POINT('Ctrl Pts',(-123.803101736199,-0.95241122578255,127.255512961982));
#7787=CARTESIAN_POINT('Ctrl Pts',(-123.947426722868,-0.272081467659348,
126.719508190527));
#7788=CARTESIAN_POINT('Ctrl Pts',(-124.091751709536,0.408248290463854,126.183503419072));
#7789=CARTESIAN_POINT('',(-124.276276622131,0.223723377869009,125.998978506477));
#7790=CARTESIAN_POINT('Ctrl Pts',(-124.276276622131,0.22372337786901,125.998978506477));
#7791=CARTESIAN_POINT('Ctrl Pts',(-124.214768317933,0.285231682067292,126.060486810676));
#7792=CARTESIAN_POINT('Ctrl Pts',(-124.153260013735,0.346739986265573,126.121995114874));
#7793=CARTESIAN_POINT('Ctrl Pts',(-124.091751709536,0.408248290463854,126.183503419072));
#7794=CARTESIAN_POINT('',(-124.5,-0.270389081389768,125.899266260144));
#7795=CARTESIAN_POINT('Ctrl Pts',(-124.499999896458,-0.270389331528226,
125.89926640674));
#7796=CARTESIAN_POINT('Ctrl Pts',(-124.425265037534,-0.106003906804796,
125.933876989453));
#7797=CARTESIAN_POINT('Ctrl Pts',(-124.350658280545,0.0586966776489014,
125.967097668892));
#7798=CARTESIAN_POINT('Ctrl Pts',(-124.276276622131,0.223723377869023,125.998978506477));
#7799=CARTESIAN_POINT('',(-124.5,-2.5078543713303,126.878768642503));
#7800=CARTESIAN_POINT('Ctrl Pts',(-124.5,-2.50785437133027,126.878768642503));
#7801=CARTESIAN_POINT('Ctrl Pts',(-124.5,-2.08715420802308,126.703612877052));
#7802=CARTESIAN_POINT('Ctrl Pts',(-124.499999711441,-1.6668887691172,126.522895590061));
#7803=CARTESIAN_POINT('Ctrl Pts',(-124.499999691653,-1.2499681262385,126.33908752584));
#7804=CARTESIAN_POINT('Ctrl Pts',(-124.499999676128,-0.922856122247202,
126.194873452337));
#7805=CARTESIAN_POINT('Ctrl Pts',(-124.499999836912,-0.595921235573065,
126.04792654549));
#7806=CARTESIAN_POINT('Ctrl Pts',(-124.499999896458,-0.27038933152812,125.89926640674));
#7807=CARTESIAN_POINT('Ctrl Pts',(-123.658776749531,-1.63274098390575,127.791517733436));
#7808=CARTESIAN_POINT('Ctrl Pts',(-123.94183213666,-1.92467575211642,127.490145979167));
#7809=CARTESIAN_POINT('Ctrl Pts',(-124.222282966246,-2.21646538294614,127.186024529973));
#7810=CARTESIAN_POINT('Ctrl Pts',(-124.5,-2.50785437133028,126.878768642503));
#7811=CARTESIAN_POINT('Ctrl Pts',(-120.5,3.99999999999999,129.554589587105));
#7812=CARTESIAN_POINT('Ctrl Pts',(-121.772185831516,2.7278141684837,128.429622230771));
#7813=CARTESIAN_POINT('Ctrl Pts',(-122.969463570965,1.53053642903473,127.305791557643));
#7814=CARTESIAN_POINT('Ctrl Pts',(-124.091751709536,0.408248290463858,126.183503419072));
#7815=CARTESIAN_POINT('Ctrl Pts',(-120.367185599892,3.3437160726778,130.146562778151));
#7816=CARTESIAN_POINT('Ctrl Pts',(-121.635751894705,2.0631356401589,129.004160818692));
#7817=CARTESIAN_POINT('Ctrl Pts',(-122.829195813994,0.857757472066243,127.861684119094));
#7818=CARTESIAN_POINT('Ctrl Pts',(-123.947426722868,-0.272081467659345,
126.719508190527));
#7819=CARTESIAN_POINT('Ctrl Pts',(-120.234371199784,2.6874321453556,130.738535969198));
#7820=CARTESIAN_POINT('Ctrl Pts',(-121.499317957894,1.39845711183411,129.578699406613));
#7821=CARTESIAN_POINT('Ctrl Pts',(-122.688928057023,0.184978515097754,128.417576680544));
#7822=CARTESIAN_POINT('Ctrl Pts',(-123.803101736199,-0.952411225782548,
127.255512961982));
#7823=CARTESIAN_POINT('Ctrl Pts',(-120.101556799676,2.03114821803341,131.330509160245));
#7824=CARTESIAN_POINT('Ctrl Pts',(-121.362884021083,0.733778583509319,130.153237994535));
#7825=CARTESIAN_POINT('Ctrl Pts',(-122.548660300052,-0.487800441870735,
128.973469241994));
#7826=CARTESIAN_POINT('Ctrl Pts',(-123.658776749531,-1.63274098390575,127.791517733436));
#7827=CARTESIAN_POINT('',(-120.499999990543,1.62125621189803,130.95616011072));
#7828=CARTESIAN_POINT('Ctrl Pts',(-120.499999862106,1.62125586888618,130.956159226446));
#7829=CARTESIAN_POINT('Ctrl Pts',(-121.613347740367,0.475737822282169,129.903173366258));
#7830=CARTESIAN_POINT('Ctrl Pts',(-122.666299306004,-0.609129755838552,
128.848217877044));
#7831=CARTESIAN_POINT('Ctrl Pts',(-123.658776749531,-1.63274098390575,127.791517733436));
#7832=CARTESIAN_POINT('',(-120.500000001423,3.99999999857739,129.554589584589));
#7833=CARTESIAN_POINT('Ctrl Pts',(-120.5,1.62125620242312,130.956160106497));
#7834=CARTESIAN_POINT('Ctrl Pts',(-120.5,2.01948242941843,130.726415279278));
#7835=CARTESIAN_POINT('Ctrl Pts',(-120.5,2.41667585711267,130.4947811417));
#7836=CARTESIAN_POINT('Ctrl Pts',(-120.5,3.20955378183879,130.027567989296));
#7837=CARTESIAN_POINT('Ctrl Pts',(-120.5,3.60531872079554,129.791933131094));
#7838=CARTESIAN_POINT('Ctrl Pts',(-120.5,3.99999999999999,129.554589587105));
#7839=CARTESIAN_POINT('Ctrl Pts',(-124.091751709536,0.408248290463858,126.183503419072));
#7840=CARTESIAN_POINT('Ctrl Pts',(-122.969463571501,1.53053642849882,127.305791557107));
#7841=CARTESIAN_POINT('Ctrl Pts',(-121.77218583266,2.72781416734025,128.429622229698));
#7842=CARTESIAN_POINT('Ctrl Pts',(-120.500000001823,3.99999999817752,129.554589585493));
#7843=CARTESIAN_POINT('Origin',(-122.5,2.,131.));
#7844=CARTESIAN_POINT('',(-120.499999999322,4.0000000006785,125.671286888447));
#7845=CARTESIAN_POINT('',(-120.5,4.,131.));
#7846=CARTESIAN_POINT('Ctrl Pts',(-120.499999999312,4.00000000068768,125.671286888558));
#7847=CARTESIAN_POINT('Ctrl Pts',(-121.748121054256,2.75187894574373,125.877804012345));
#7848=CARTESIAN_POINT('Ctrl Pts',(-123.011766596485,1.4882334035152,125.98724056641));
#7849=CARTESIAN_POINT('Ctrl Pts',(-124.276277095825,0.223722904174802,125.998875542573));
#7850=CARTESIAN_POINT('Ctrl Pts',(-125.944645687722,-1.44464568772149,125.95737143267));
#7851=CARTESIAN_POINT('Ctrl Pts',(-124.126754131332,0.373245868668477,126.064748565886));
#7852=CARTESIAN_POINT('Ctrl Pts',(-122.297281506383,2.20271849361724,125.968669426899));
#7853=CARTESIAN_POINT('Ctrl Pts',(-120.499999999312,4.00000000068768,125.671286888558));
#7854=CARTESIAN_POINT('Ctrl Pts',(-125.463097125148,-1.90406454227298,125.582716157806));
#7855=CARTESIAN_POINT('Ctrl Pts',(-123.658638372546,-0.102693234175671,
125.724116436239));
#7856=CARTESIAN_POINT('Ctrl Pts',(-121.840606215629,1.71614977450727,125.66423890134));
#7857=CARTESIAN_POINT('Ctrl Pts',(-120.052913777012,3.50853965411004,125.40310438732));
#7858=CARTESIAN_POINT('Ctrl Pts',(-124.981548562574,-2.36348339682447,125.208060882942));
#7859=CARTESIAN_POINT('Ctrl Pts',(-123.190522613761,-0.578632337019823,
125.383484306591));
#7860=CARTESIAN_POINT('Ctrl Pts',(-121.383930924875,1.2295810553973,125.359808375782));
#7861=CARTESIAN_POINT('Ctrl Pts',(-119.605827554713,3.01707930753239,125.134921886082));
#7862=CARTESIAN_POINT('Ctrl Pts',(-124.5,-2.82290225137596,124.833405608078));
#7863=CARTESIAN_POINT('Ctrl Pts',(-122.722406854976,-1.05457143986397,125.042852176944));
#7864=CARTESIAN_POINT('Ctrl Pts',(-120.927255634121,0.743012336287328,125.055377850224));
#7865=CARTESIAN_POINT('Ctrl Pts',(-119.158741332413,2.52561896095474,124.866739384844));
#7866=CARTESIAN_POINT('',(-120.499999990999,1.17591589054468,124.971174810976));
#7867=CARTESIAN_POINT('Ctrl Pts',(-120.5,3.99999999999999,125.671286888671));
#7868=CARTESIAN_POINT('Ctrl Pts',(-120.5,3.53165020514568,125.57437471194));
#7869=CARTESIAN_POINT('Ctrl Pts',(-120.500000887432,3.06515172724788,125.468401396989));
#7870=CARTESIAN_POINT('Ctrl Pts',(-120.50000214863,2.60087553930831,125.353532648924));
#7871=CARTESIAN_POINT('Ctrl Pts',(-120.50000344554,2.12345270858712,125.235411228341));
#7872=CARTESIAN_POINT('Ctrl Pts',(-120.500005127353,1.64833589969232,125.107872650968));
#7873=CARTESIAN_POINT('Ctrl Pts',(-120.500006725383,1.17592212318112,124.971088927664));
#7874=CARTESIAN_POINT('',(-124.5,-2.82290225137596,124.833405608078));
#7875=CARTESIAN_POINT('Ctrl Pts',(-124.5,-2.82290225137596,124.833405608078));
#7876=CARTESIAN_POINT('Ctrl Pts',(-123.170328155002,-1.50015879948321,124.990075432347));
#7877=CARTESIAN_POINT('Ctrl Pts',(-121.830832020936,-0.161047404800409,
125.03656189596));
#7878=CARTESIAN_POINT('Ctrl Pts',(-120.500008943246,1.17591988764704,124.971089034625));
#7879=CARTESIAN_POINT('Ctrl Pts',(-124.500003284589,-0.270391207868209,
125.899189826951));
#7880=CARTESIAN_POINT('Ctrl Pts',(-124.500002516459,-0.64952181044057,125.756369024162));
#7881=CARTESIAN_POINT('Ctrl Pts',(-124.500002014134,-1.02645280375993,125.607675966605));
#7882=CARTESIAN_POINT('Ctrl Pts',(-124.500001414581,-1.40097336644224,125.453185051907));
#7883=CARTESIAN_POINT('Ctrl Pts',(-124.500000649383,-1.87896647478372,125.256011385397));
#7884=CARTESIAN_POINT('Ctrl Pts',(-124.5,-2.3530932976811,125.049369235591));
#7885=CARTESIAN_POINT('Ctrl Pts',(-124.5,-2.82290225137595,124.833405608078));
#7886=CARTESIAN_POINT('Origin',(-124.5,-6.36396103067894,127.239283526804));
#7887=CARTESIAN_POINT('',(-124.5,-7.28560970457822,123.867441729073));
#7888=CARTESIAN_POINT('Origin',(-124.5,-3.19015485911526E-14,101.));
#7889=CARTESIAN_POINT('',(-124.5,-8.21383349054701,125.668460417901));
#7890=CARTESIAN_POINT('',(-124.5,-8.63951052295661,126.494395178854));
#7891=CARTESIAN_POINT('Origin',(-124.5,-3.19015485911526E-14,101.));
#7892=CARTESIAN_POINT('Origin',(-122.5,-10.4172883007344,125.578149484272));
#7893=CARTESIAN_POINT('',(-120.5,-13.7436854187256,127.666666666667));
#7894=CARTESIAN_POINT('Ctrl Pts',(-124.5,-8.21383349054697,125.668460417901));
#7895=CARTESIAN_POINT('Ctrl Pts',(-122.654767421335,-10.8411884134495,126.738466034014));
#7896=CARTESIAN_POINT('Ctrl Pts',(-120.5,-13.7436854187255,127.666666666667));
#7897=CARTESIAN_POINT('',(-120.5,-10.9949483349804,122.333333333333));
#7898=CARTESIAN_POINT('Origin',(-120.5,-3.19015485911526E-14,101.));
#7899=CARTESIAN_POINT('',(-120.5,-17.8883614332602,135.708519368733));
#7900=CARTESIAN_POINT('Origin',(-122.5,-3.19015485911526E-14,101.));
#7901=CARTESIAN_POINT('Origin',(-120.5,-3.19015485911526E-14,101.));
#7902=CARTESIAN_POINT('Origin',(-120.5,-3.19015485911526E-14,101.));
#7903=CARTESIAN_POINT('Origin',(-120.5,-3.19015485911526E-14,101.));
#7904=CARTESIAN_POINT('Origin',(-71.9,86.1000000000001,122.));
#7905=CARTESIAN_POINT('',(-70.5,86.1000000000001,119.999999999992));
#7906=CARTESIAN_POINT('',(-70.5,86.1000000000001,124.));
#7907=CARTESIAN_POINT('',(-70.5,86.1000000000001,122.));
#7908=CARTESIAN_POINT('',(-71.9,87.5000000000001,121.399999999992));
#7909=CARTESIAN_POINT('Origin',(-71.9,86.1000000000001,121.399999999992));
#7910=CARTESIAN_POINT('',(-71.9,87.5000000000001,124.));
#7911=CARTESIAN_POINT('',(-71.9,87.5000000000001,122.));
#7912=CARTESIAN_POINT('Origin',(-71.9,86.1000000000001,124.));
#7913=CARTESIAN_POINT('Origin',(-80.5,-47.5,121.4));
#7914=CARTESIAN_POINT('',(-119.1,-47.5000000000001,119.999999999999));
#7915=CARTESIAN_POINT('',(-120.5,-47.5,121.4));
#7916=CARTESIAN_POINT('Origin',(-119.1,-47.5,121.4));
#7917=CARTESIAN_POINT('',(-80.5,-86.1000000000002,120.));
#7918=CARTESIAN_POINT('Origin',(-80.5,-47.5000000000001,119.999999999999));
#7919=CARTESIAN_POINT('',(-80.5,-87.5000000000002,121.4));
#7920=CARTESIAN_POINT('Origin',(-80.5,-86.1000000000002,121.4));
#7921=CARTESIAN_POINT('Origin',(-80.5,-47.5,121.4));
#7922=CARTESIAN_POINT('Origin',(-119.1,-67.5000000000003,121.4));
#7923=CARTESIAN_POINT('',(-119.1,47.4999999999999,119.999999999994));
#7924=CARTESIAN_POINT('',(-120.5,47.5,121.399999999994));
#7925=CARTESIAN_POINT('Origin',(-119.1,47.5,121.399999999994));
#7926=CARTESIAN_POINT('',(-119.1,-67.5000000000004,120.));
#7927=CARTESIAN_POINT('',(-120.5,-67.5000000000003,121.4));
#7928=CARTESIAN_POINT('Origin',(-80.5,47.5,121.4));
#7929=CARTESIAN_POINT('',(-80.5,86.1000000000001,119.999999999992));
#7930=CARTESIAN_POINT('',(-80.5,87.5000000000001,121.399999999999));
#7931=CARTESIAN_POINT('Origin',(-80.5,86.1000000000001,121.399999999999));
#7932=CARTESIAN_POINT('Origin',(-80.5,47.5,119.999999999994));
#7933=CARTESIAN_POINT('Origin',(-80.5,47.5,121.4));
#7934=CARTESIAN_POINT('Origin',(-40.25,86.1000000000001,121.399999999992));
#7935=CARTESIAN_POINT('',(-40.25,87.5000000000001,121.399999999992));
#7936=CARTESIAN_POINT('',(-40.25,86.1000000000001,119.999999999992));
#7937=CARTESIAN_POINT('Origin',(-64.5,86.1000000000001,124.));
#7938=CARTESIAN_POINT('',(-64.5,86.1000000000001,130.));
#7939=CARTESIAN_POINT('',(-64.5,87.5000000000001,131.4));
#7940=CARTESIAN_POINT('Origin',(-64.5,86.1000000000001,131.4));
#7941=CARTESIAN_POINT('Origin',(-64.5,86.1000000000001,124.));
#7942=CARTESIAN_POINT('Origin',(-64.5,87.5000000000001,124.));
#7943=CARTESIAN_POINT('Origin',(-64.5,87.5000000000001,124.));
#7944=CARTESIAN_POINT('',(-64.5,85.5000000000001,130.));
#7945=CARTESIAN_POINT('',(-64.5,87.5000000000001,130.));
#7946=CARTESIAN_POINT('',(-70.5,85.5000000000001,124.));
#7947=CARTESIAN_POINT('Origin',(-64.5,85.5000000000001,124.));
#7948=CARTESIAN_POINT('',(-70.5,87.5000000000001,124.));
#7949=CARTESIAN_POINT('Origin',(-70.5,87.5000000000001,110.));
#7950=CARTESIAN_POINT('',(-70.5,85.5000000000001,119.999999999992));
#7951=CARTESIAN_POINT('',(-70.5,85.5000000000001,115.));
#7952=CARTESIAN_POINT('',(-70.5,2.13162820727854E-13,119.999999999996));
#7953=CARTESIAN_POINT('Origin',(-69.5,85.5000000000001,115.));
#7954=CARTESIAN_POINT('',(-69.5,84.5000000000001,124.));
#7955=CARTESIAN_POINT('Origin',(-69.5,85.5000000000001,124.));
#7956=CARTESIAN_POINT('',(-69.5,84.5000000000001,119.999999999993));
#7957=CARTESIAN_POINT('',(-69.5,84.5000000000001,115.));
#7958=CARTESIAN_POINT('Origin',(-69.5,85.5000000000001,120.));
#7959=CARTESIAN_POINT('Origin',(-64.5,85.5000000000001,124.));
#7960=CARTESIAN_POINT('',(-64.5,84.5000000000001,129.));
#7961=CARTESIAN_POINT('Origin',(-64.5,85.5000000000001,129.));
#7962=CARTESIAN_POINT('Origin',(-64.5,84.5000000000001,124.));
#7963=CARTESIAN_POINT('Origin',(-80.5,-47.5,122.));
#7964=CARTESIAN_POINT('',(-110.9,-47.5,122.));
#7965=CARTESIAN_POINT('',(-112.9,-47.5000000000001,119.999999999999));
#7966=CARTESIAN_POINT('Origin',(-112.9,-47.5,122.));
#7967=CARTESIAN_POINT('',(-80.5,-77.9000000000001,122.));
#7968=CARTESIAN_POINT('Origin',(-80.5,-47.5,122.));
#7969=CARTESIAN_POINT('',(-80.5,-79.9000000000002,120.));
#7970=CARTESIAN_POINT('Origin',(-80.5,-79.9000000000001,122.));
#7971=CARTESIAN_POINT('Origin',(-80.5,-47.5000000000001,119.999999999999));
#7972=CARTESIAN_POINT('Origin',(-112.9,-67.5,122.));
#7973=CARTESIAN_POINT('',(-110.9,47.5,121.999999999994));
#7974=CARTESIAN_POINT('',(-112.9,47.4999999999999,119.999999999994));
#7975=CARTESIAN_POINT('Origin',(-112.9,47.5,121.999999999994));
#7976=CARTESIAN_POINT('',(-110.9,-67.5,122.));
#7977=CARTESIAN_POINT('',(-112.9,-67.5000000000001,120.));
#7978=CARTESIAN_POINT('Origin',(-80.5,47.5,122.));
#7979=CARTESIAN_POINT('',(-80.5,77.9000000000001,121.999999999999));
#7980=CARTESIAN_POINT('',(-80.5,79.9,119.999999999993));
#7981=CARTESIAN_POINT('Origin',(-80.5,79.9000000000001,121.999999999999));
#7982=CARTESIAN_POINT('Origin',(-80.5,47.5,122.));
#7983=CARTESIAN_POINT('Origin',(-80.5,47.4999999999999,119.999999999994));
#7984=CARTESIAN_POINT('Origin',(-80.5,47.5,123.));
#7985=CARTESIAN_POINT('',(-80.5,77.9000000000001,124.));
#7986=CARTESIAN_POINT('',(-80.5,77.9000000000001,126.));
#7987=CARTESIAN_POINT('',(-110.9,47.5,124.));
#7988=CARTESIAN_POINT('Origin',(-80.5,47.5,124.));
#7989=CARTESIAN_POINT('',(-110.9,47.5,126.));
#7990=CARTESIAN_POINT('Origin',(-110.9,-47.5,120.));
#7991=CARTESIAN_POINT('',(-110.9,-47.5,124.));
#7992=CARTESIAN_POINT('',(-110.9,-62.5000000000001,124.));
#7993=CARTESIAN_POINT('',(-110.9,-47.5,126.));
#7994=CARTESIAN_POINT('Origin',(-80.5,-47.5,123.));
#7995=CARTESIAN_POINT('',(-80.5,-77.9000000000001,124.));
#7996=CARTESIAN_POINT('Origin',(-80.5,-47.5,124.));
#7997=CARTESIAN_POINT('',(-80.5,-77.9000000000001,126.));
#7998=CARTESIAN_POINT('Origin',(-80.5,-47.5,124.));
#7999=CARTESIAN_POINT('',(-108.9,-47.5,126.));
#8000=CARTESIAN_POINT('Origin',(-108.9,-47.5,124.));
#8001=CARTESIAN_POINT('',(-80.5,-75.9000000000001,126.));
#8002=CARTESIAN_POINT('Origin',(-80.5,-47.5,126.));
#8003=CARTESIAN_POINT('Origin',(-80.5,-75.9000000000001,124.));
#8004=CARTESIAN_POINT('Origin',(-108.9,-62.5000000000001,124.));
#8005=CARTESIAN_POINT('',(-108.9,47.5,126.));
#8006=CARTESIAN_POINT('Origin',(-108.9,47.5,124.));
#8007=CARTESIAN_POINT('',(-108.9,-62.5000000000001,126.));
#8008=CARTESIAN_POINT('Origin',(-80.5,47.5,124.));
#8009=CARTESIAN_POINT('',(-80.5,75.9000000000001,126.));
#8010=CARTESIAN_POINT('Origin',(-80.5,75.9000000000001,124.));
#8011=CARTESIAN_POINT('Origin',(-80.5,47.5,126.));
#8012=CARTESIAN_POINT('Origin',(-80.5,47.5,127.));
#8013=CARTESIAN_POINT('',(-120.5,47.5,134.));
#8014=CARTESIAN_POINT('',(-120.5,47.5,120.));
#8015=CARTESIAN_POINT('',(-80.5,87.5000000000001,134.));
#8016=CARTESIAN_POINT('Origin',(-80.5,47.5,134.));
#8017=CARTESIAN_POINT('',(-80.5,87.5000000000001,120.));
#8018=CARTESIAN_POINT('Origin',(-80.5,47.5,134.));
#8019=CARTESIAN_POINT('',(-116.213451316239,47.5,143.192533317428));
#8020=CARTESIAN_POINT('Origin',(-108.5,47.5,134.));
#8021=CARTESIAN_POINT('',(-80.5,83.2134513162386,143.192533317428));
#8022=CARTESIAN_POINT('Origin',(-80.5,47.5,143.192533317428));
#8023=CARTESIAN_POINT('Origin',(-80.5,75.5000000000001,134.));
#8024=CARTESIAN_POINT('Origin',(-80.5,47.5,144.596266658714));
#8025=CARTESIAN_POINT('',(-112.867642811195,47.5,146.));
#8026=CARTESIAN_POINT('',(-112.867642811195,47.5,146.));
#8027=CARTESIAN_POINT('',(-80.5,79.8676428111947,146.));
#8028=CARTESIAN_POINT('Origin',(-80.5,47.5,146.));
#8029=CARTESIAN_POINT('',(-80.5,79.8676428111947,146.));
#8030=CARTESIAN_POINT('Origin',(-120.5,-47.5,134.));
#8031=CARTESIAN_POINT('',(-120.5,-47.5,134.));
#8032=CARTESIAN_POINT('',(-120.5,-47.5,120.));
#8033=CARTESIAN_POINT('',(-120.5,-47.5,134.));
#8034=CARTESIAN_POINT('Origin',(-108.5,-47.5,134.));
#8035=CARTESIAN_POINT('',(-116.213451316239,-47.5,143.192533317428));
#8036=CARTESIAN_POINT('Origin',(-108.5,-47.5,134.));
#8037=CARTESIAN_POINT('',(-116.213451316239,-47.5,143.192533317428));
#8038=CARTESIAN_POINT('Origin',(-112.867642811195,-47.5,146.));
#8039=CARTESIAN_POINT('',(-112.867642811195,-47.5,146.));
#8040=CARTESIAN_POINT('',(-112.867642811195,-47.5,146.));
#8041=CARTESIAN_POINT('',(-112.867642811195,-47.5,146.));
#8042=CARTESIAN_POINT('Origin',(-80.5,-47.5,127.));
#8043=CARTESIAN_POINT('',(-80.5,-87.5000000000002,134.));
#8044=CARTESIAN_POINT('',(-80.5,-87.5000000000002,120.));
#8045=CARTESIAN_POINT('Origin',(-80.5,-47.5,134.));
#8046=CARTESIAN_POINT('Origin',(-80.5,-47.5,134.));
#8047=CARTESIAN_POINT('',(-80.5,-83.2134513162386,143.192533317428));
#8048=CARTESIAN_POINT('Origin',(-80.5,-75.5000000000001,134.));
#8049=CARTESIAN_POINT('Origin',(-80.5,-47.5,143.192533317428));
#8050=CARTESIAN_POINT('Origin',(-80.5,-47.5,144.596266658714));
#8051=CARTESIAN_POINT('',(-80.5,-79.8676428111947,146.));
#8052=CARTESIAN_POINT('',(-80.5,-79.8676428111947,146.));
#8053=CARTESIAN_POINT('Origin',(-80.5,-47.5,146.));
#8054=CARTESIAN_POINT('Ctrl Pts',(124.091751709536,0.408248290463854,126.183503419072));
#8055=CARTESIAN_POINT('Ctrl Pts',(124.383872346073,0.116127653927502,125.891382782536));
#8056=CARTESIAN_POINT('Ctrl Pts',(124.675992982609,-0.175992982608851,125.599262146));
#8057=CARTESIAN_POINT('Ctrl Pts',(124.968113619145,-0.468113619145203,125.307141509463));
#8058=CARTESIAN_POINT('Ctrl Pts',(123.947426722868,-0.272081467659348,126.719508190527));
#8059=CARTESIAN_POINT('Ctrl Pts',(124.236525609602,-0.564140148087138,126.42430384808));
#8060=CARTESIAN_POINT('Ctrl Pts',(124.524756310488,-0.856150449387947,126.128182940658));
#8061=CARTESIAN_POINT('Ctrl Pts',(124.812075746097,-1.1480272032069,125.831017220476));
#8062=CARTESIAN_POINT('Ctrl Pts',(123.803101736199,-0.95241122578255,127.255512961982));
#8063=CARTESIAN_POINT('Ctrl Pts',(124.089178873131,-1.24440795010178,126.957224913623));
#8064=CARTESIAN_POINT('Ctrl Pts',(124.373519638367,-1.53630791616704,126.657103735316));
#8065=CARTESIAN_POINT('Ctrl Pts',(124.656037873049,-1.82794078726859,126.35489293149));
#8066=CARTESIAN_POINT('Ctrl Pts',(123.658776749531,-1.63274098390575,127.791517733436));
#8067=CARTESIAN_POINT('Ctrl Pts',(123.94183213666,-1.92467575211642,127.490145979167));
#8068=CARTESIAN_POINT('Ctrl Pts',(124.222282966246,-2.21646538294614,127.186024529973));
#8069=CARTESIAN_POINT('Ctrl Pts',(124.5,-2.50785437133028,126.878768642503));
#8070=CARTESIAN_POINT('',(123.658776749531,-1.63274098390575,127.791517733436));
#8071=CARTESIAN_POINT('',(124.091751709536,0.408248290463854,126.183503419072));
#8072=CARTESIAN_POINT('Ctrl Pts',(123.658776749531,-1.63274098390575,127.791517733436));
#8073=CARTESIAN_POINT('Ctrl Pts',(123.803101736199,-0.95241122578255,127.255512961982));
#8074=CARTESIAN_POINT('Ctrl Pts',(123.947426722868,-0.272081467659348,126.719508190527));
#8075=CARTESIAN_POINT('Ctrl Pts',(124.091751709536,0.408248290463854,126.183503419072));
#8076=CARTESIAN_POINT('',(124.5,-2.5078543713303,126.878768642503));
#8077=CARTESIAN_POINT('Ctrl Pts',(123.658776749531,-1.63274098390575,127.791517733436));
#8078=CARTESIAN_POINT('Ctrl Pts',(123.94183213666,-1.92467575211642,127.490145979167));
#8079=CARTESIAN_POINT('Ctrl Pts',(124.222282966246,-2.21646538294614,127.186024529973));
#8080=CARTESIAN_POINT('Ctrl Pts',(124.5,-2.50785437133028,126.878768642503));
#8081=CARTESIAN_POINT('',(124.5,-0.270389081389768,125.899266260144));
#8082=CARTESIAN_POINT('Ctrl Pts',(124.5,-2.50785437133027,126.878768642503));
#8083=CARTESIAN_POINT('Ctrl Pts',(124.5,-2.08715420802308,126.703612877052));
#8084=CARTESIAN_POINT('Ctrl Pts',(124.499999711441,-1.6668887691172,126.522895590061));
#8085=CARTESIAN_POINT('Ctrl Pts',(124.499999691653,-1.2499681262385,126.33908752584));
#8086=CARTESIAN_POINT('Ctrl Pts',(124.499999676128,-0.922856122247202,126.194873452337));
#8087=CARTESIAN_POINT('Ctrl Pts',(124.499999836912,-0.595921235573065,126.04792654549));
#8088=CARTESIAN_POINT('Ctrl Pts',(124.499999896458,-0.27038933152812,125.89926640674));
#8089=CARTESIAN_POINT('',(124.276276622131,0.223723377869009,125.998978506477));
#8090=CARTESIAN_POINT('Ctrl Pts',(124.499999896458,-0.270389331528226,125.89926640674));
#8091=CARTESIAN_POINT('Ctrl Pts',(124.425265037534,-0.106003906804796,125.933876989453));
#8092=CARTESIAN_POINT('Ctrl Pts',(124.350658280545,0.0586966776489012,125.967097668892));
#8093=CARTESIAN_POINT('Ctrl Pts',(124.276276622131,0.223723377869023,125.998978506477));
#8094=CARTESIAN_POINT('Ctrl Pts',(124.276276622131,0.22372337786901,125.998978506477));
#8095=CARTESIAN_POINT('Ctrl Pts',(124.214768317933,0.285231682067291,126.060486810676));
#8096=CARTESIAN_POINT('Ctrl Pts',(124.153260013735,0.346739986265573,126.121995114874));
#8097=CARTESIAN_POINT('Ctrl Pts',(124.091751709536,0.408248290463854,126.183503419072));
#8098=CARTESIAN_POINT('Ctrl Pts',(120.5,3.99999999999999,129.554589587105));
#8099=CARTESIAN_POINT('Ctrl Pts',(121.772185831516,2.7278141684837,128.429622230771));
#8100=CARTESIAN_POINT('Ctrl Pts',(122.969463570965,1.53053642903473,127.305791557643));
#8101=CARTESIAN_POINT('Ctrl Pts',(124.091751709536,0.408248290463858,126.183503419072));
#8102=CARTESIAN_POINT('Ctrl Pts',(120.367185599892,3.3437160726778,130.146562778151));
#8103=CARTESIAN_POINT('Ctrl Pts',(121.635751894705,2.0631356401589,129.004160818692));
#8104=CARTESIAN_POINT('Ctrl Pts',(122.829195813994,0.857757472066242,127.861684119094));
#8105=CARTESIAN_POINT('Ctrl Pts',(123.947426722868,-0.272081467659345,126.719508190527));
#8106=CARTESIAN_POINT('Ctrl Pts',(120.234371199784,2.6874321453556,130.738535969198));
#8107=CARTESIAN_POINT('Ctrl Pts',(121.499317957894,1.39845711183411,129.578699406613));
#8108=CARTESIAN_POINT('Ctrl Pts',(122.688928057023,0.184978515097755,128.417576680544));
#8109=CARTESIAN_POINT('Ctrl Pts',(123.803101736199,-0.952411225782548,127.255512961982));
#8110=CARTESIAN_POINT('Ctrl Pts',(120.101556799676,2.03114821803341,131.330509160245));
#8111=CARTESIAN_POINT('Ctrl Pts',(121.362884021083,0.733778583509319,130.153237994535));
#8112=CARTESIAN_POINT('Ctrl Pts',(122.548660300052,-0.487800441870735,128.973469241994));
#8113=CARTESIAN_POINT('Ctrl Pts',(123.658776749531,-1.63274098390575,127.791517733436));
#8114=CARTESIAN_POINT('',(120.500000001423,3.99999999857739,129.554589584589));
#8115=CARTESIAN_POINT('Ctrl Pts',(124.091751709536,0.408248290463858,126.183503419072));
#8116=CARTESIAN_POINT('Ctrl Pts',(122.969463571501,1.53053642849882,127.305791557107));
#8117=CARTESIAN_POINT('Ctrl Pts',(121.77218583266,2.72781416734025,128.429622229698));
#8118=CARTESIAN_POINT('Ctrl Pts',(120.500000001823,3.99999999817752,129.554589585493));
#8119=CARTESIAN_POINT('',(120.499999990543,1.62125621189803,130.95616011072));
#8120=CARTESIAN_POINT('Ctrl Pts',(120.5,1.62125620242312,130.956160106497));
#8121=CARTESIAN_POINT('Ctrl Pts',(120.5,2.01948242941843,130.726415279278));
#8122=CARTESIAN_POINT('Ctrl Pts',(120.5,2.41667585711267,130.4947811417));
#8123=CARTESIAN_POINT('Ctrl Pts',(120.5,3.20955378183879,130.027567989296));
#8124=CARTESIAN_POINT('Ctrl Pts',(120.5,3.60531872079554,129.791933131094));
#8125=CARTESIAN_POINT('Ctrl Pts',(120.5,3.99999999999999,129.554589587105));
#8126=CARTESIAN_POINT('Ctrl Pts',(120.499999862106,1.62125586888618,130.956159226446));
#8127=CARTESIAN_POINT('Ctrl Pts',(121.613347740367,0.475737822282169,129.903173366258));
#8128=CARTESIAN_POINT('Ctrl Pts',(122.666299306004,-0.609129755838552,128.848217877044));
#8129=CARTESIAN_POINT('Ctrl Pts',(123.658776749531,-1.63274098390575,127.791517733436));
#8130=CARTESIAN_POINT('Origin',(122.5,2.,131.));
#8131=CARTESIAN_POINT('',(120.499999999322,4.0000000006785,125.671286888447));
#8132=CARTESIAN_POINT('Ctrl Pts',(120.499999999312,4.00000000068768,125.671286888558));
#8133=CARTESIAN_POINT('Ctrl Pts',(121.748121054256,2.75187894574373,125.877804012345));
#8134=CARTESIAN_POINT('Ctrl Pts',(123.011766596485,1.4882334035152,125.98724056641));
#8135=CARTESIAN_POINT('Ctrl Pts',(124.276277095825,0.223722904174802,125.998875542573));
#8136=CARTESIAN_POINT('',(120.5,4.,131.));
#8137=CARTESIAN_POINT('Ctrl Pts',(125.944645687722,-1.44464568772149,125.95737143267));
#8138=CARTESIAN_POINT('Ctrl Pts',(124.126754131332,0.373245868668477,126.064748565886));
#8139=CARTESIAN_POINT('Ctrl Pts',(122.297281506383,2.20271849361724,125.968669426899));
#8140=CARTESIAN_POINT('Ctrl Pts',(120.499999999312,4.00000000068768,125.671286888558));
#8141=CARTESIAN_POINT('Ctrl Pts',(125.463097125148,-1.90406454227298,125.582716157806));
#8142=CARTESIAN_POINT('Ctrl Pts',(123.658638372546,-0.102693234175671,125.724116436239));
#8143=CARTESIAN_POINT('Ctrl Pts',(121.840606215629,1.71614977450727,125.66423890134));
#8144=CARTESIAN_POINT('Ctrl Pts',(120.052913777012,3.50853965411004,125.40310438732));
#8145=CARTESIAN_POINT('Ctrl Pts',(124.981548562574,-2.36348339682447,125.208060882942));
#8146=CARTESIAN_POINT('Ctrl Pts',(123.190522613761,-0.578632337019823,125.383484306591));
#8147=CARTESIAN_POINT('Ctrl Pts',(121.383930924875,1.2295810553973,125.359808375782));
#8148=CARTESIAN_POINT('Ctrl Pts',(119.605827554713,3.01707930753239,125.134921886082));
#8149=CARTESIAN_POINT('Ctrl Pts',(124.5,-2.82290225137596,124.833405608078));
#8150=CARTESIAN_POINT('Ctrl Pts',(122.722406854976,-1.05457143986397,125.042852176944));
#8151=CARTESIAN_POINT('Ctrl Pts',(120.927255634121,0.743012336287328,125.055377850224));
#8152=CARTESIAN_POINT('Ctrl Pts',(119.158741332413,2.52561896095474,124.866739384844));
#8153=CARTESIAN_POINT('',(124.5,-2.82290225137596,124.833405608078));
#8154=CARTESIAN_POINT('Ctrl Pts',(124.500003284589,-0.270391207868209,125.899189826951));
#8155=CARTESIAN_POINT('Ctrl Pts',(124.500002516459,-0.649521810440571,125.756369024162));
#8156=CARTESIAN_POINT('Ctrl Pts',(124.500002014134,-1.02645280375993,125.607675966605));
#8157=CARTESIAN_POINT('Ctrl Pts',(124.500001414581,-1.40097336644224,125.453185051907));
#8158=CARTESIAN_POINT('Ctrl Pts',(124.500000649383,-1.87896647478372,125.256011385397));
#8159=CARTESIAN_POINT('Ctrl Pts',(124.5,-2.3530932976811,125.049369235591));
#8160=CARTESIAN_POINT('Ctrl Pts',(124.5,-2.82290225137595,124.833405608078));
#8161=CARTESIAN_POINT('',(120.499999990999,1.17591589054468,124.971174810976));
#8162=CARTESIAN_POINT('Ctrl Pts',(124.5,-2.82290225137596,124.833405608078));
#8163=CARTESIAN_POINT('Ctrl Pts',(123.170328155002,-1.50015879948321,124.990075432347));
#8164=CARTESIAN_POINT('Ctrl Pts',(121.830832020936,-0.161047404800409,125.03656189596));
#8165=CARTESIAN_POINT('Ctrl Pts',(120.500008943246,1.17591988764705,124.971089034625));
#8166=CARTESIAN_POINT('Ctrl Pts',(120.5,3.99999999999999,125.671286888671));
#8167=CARTESIAN_POINT('Ctrl Pts',(120.5,3.53165020514568,125.57437471194));
#8168=CARTESIAN_POINT('Ctrl Pts',(120.500000887432,3.06515172724788,125.468401396989));
#8169=CARTESIAN_POINT('Ctrl Pts',(120.50000214863,2.60087553930831,125.353532648924));
#8170=CARTESIAN_POINT('Ctrl Pts',(120.50000344554,2.12345270858712,125.235411228341));
#8171=CARTESIAN_POINT('Ctrl Pts',(120.500005127353,1.64833589969232,125.107872650968));
#8172=CARTESIAN_POINT('Ctrl Pts',(120.500006725383,1.17592212318112,124.971088927664));
#8173=CARTESIAN_POINT('Origin',(124.5,-6.36396103067894,127.239283526804));
#8174=CARTESIAN_POINT('',(124.5,-8.21383349054701,125.668460417901));
#8175=CARTESIAN_POINT('Origin',(124.5,-3.19015485911526E-14,101.));
#8176=CARTESIAN_POINT('',(124.5,-7.28560970457822,123.867441729073));
#8177=CARTESIAN_POINT('',(124.5,-8.63951052295661,126.494395178854));
#8178=CARTESIAN_POINT('Origin',(124.5,-3.19015485911526E-14,101.));
#8179=CARTESIAN_POINT('Origin',(122.5,-10.4172883007344,125.578149484272));
#8180=CARTESIAN_POINT('',(120.5,-13.7436854187256,127.666666666667));
#8181=CARTESIAN_POINT('Ctrl Pts',(124.5,-8.21383349054697,125.668460417901));
#8182=CARTESIAN_POINT('Ctrl Pts',(122.654767421335,-10.8411884134495,126.738466034014));
#8183=CARTESIAN_POINT('Ctrl Pts',(120.5,-13.7436854187255,127.666666666667));
#8184=CARTESIAN_POINT('',(120.5,-10.9949483349804,122.333333333333));
#8185=CARTESIAN_POINT('',(120.5,-17.8883614332602,135.708519368733));
#8186=CARTESIAN_POINT('Origin',(120.5,-3.19015485911526E-14,101.));
#8187=CARTESIAN_POINT('Origin',(122.5,-3.19015485911526E-14,101.));
#8188=CARTESIAN_POINT('Origin',(120.5,-3.19015485911526E-14,101.));
#8189=CARTESIAN_POINT('Origin',(120.5,-3.19015485911526E-14,101.));
#8190=CARTESIAN_POINT('Origin',(120.5,-3.19015485911526E-14,101.));
#8191=CARTESIAN_POINT('Origin',(71.9,86.1000000000001,122.));
#8192=CARTESIAN_POINT('',(70.5,86.1000000000001,119.999999999992));
#8193=CARTESIAN_POINT('',(70.5,86.1000000000001,124.));
#8194=CARTESIAN_POINT('',(70.5,86.1000000000001,122.));
#8195=CARTESIAN_POINT('',(71.9,87.5000000000001,124.));
#8196=CARTESIAN_POINT('Origin',(71.9,86.1000000000001,124.));
#8197=CARTESIAN_POINT('',(71.9,87.5000000000001,121.399999999992));
#8198=CARTESIAN_POINT('',(71.9,87.5000000000001,122.));
#8199=CARTESIAN_POINT('Origin',(71.9,86.1000000000001,121.399999999992));
#8200=CARTESIAN_POINT('Origin',(0.,-86.1000000000002,121.4));
#8201=CARTESIAN_POINT('',(80.5,-86.1000000000002,120.));
#8202=CARTESIAN_POINT('',(0.,-86.1000000000002,120.));
#8203=CARTESIAN_POINT('',(80.5,-87.5000000000002,121.4));
#8204=CARTESIAN_POINT('Origin',(80.5,-86.1000000000002,121.4));
#8205=CARTESIAN_POINT('',(0.,-87.5000000000002,121.4));
#8206=CARTESIAN_POINT('Origin',(80.5,-47.5,121.4));
#8207=CARTESIAN_POINT('',(119.1,-47.5000000000001,119.999999999999));
#8208=CARTESIAN_POINT('',(120.5,-47.5,121.4));
#8209=CARTESIAN_POINT('Origin',(119.1,-47.5,121.4));
#8210=CARTESIAN_POINT('Origin',(80.5,-47.5,121.4));
#8211=CARTESIAN_POINT('Origin',(80.5,-47.5000000000001,119.999999999999));
#8212=CARTESIAN_POINT('Origin',(119.1,-67.5000000000003,121.4));
#8213=CARTESIAN_POINT('',(119.1,47.4999999999999,119.999999999994));
#8214=CARTESIAN_POINT('',(120.5,47.5,121.399999999994));
#8215=CARTESIAN_POINT('Origin',(119.1,47.5,121.399999999994));
#8216=CARTESIAN_POINT('',(120.5,-67.5000000000003,121.4));
#8217=CARTESIAN_POINT('',(119.1,-67.5000000000004,120.));
#8218=CARTESIAN_POINT('Origin',(80.5,47.5,121.4));
#8219=CARTESIAN_POINT('',(80.5,86.1000000000001,119.999999999992));
#8220=CARTESIAN_POINT('',(80.5,87.5000000000001,121.399999999999));
#8221=CARTESIAN_POINT('Origin',(80.5,86.1000000000001,121.399999999999));
#8222=CARTESIAN_POINT('Origin',(80.5,47.5,121.4));
#8223=CARTESIAN_POINT('Origin',(80.5,47.5,119.999999999994));
#8224=CARTESIAN_POINT('Origin',(40.25,86.1000000000001,121.399999999992));
#8225=CARTESIAN_POINT('',(40.25,87.5000000000001,121.399999999992));
#8226=CARTESIAN_POINT('',(40.25,86.1000000000001,119.999999999992));
#8227=CARTESIAN_POINT('Origin',(64.5,86.1000000000001,124.));
#8228=CARTESIAN_POINT('',(64.5,86.1000000000001,130.));
#8229=CARTESIAN_POINT('',(64.5,87.5000000000001,131.4));
#8230=CARTESIAN_POINT('Origin',(64.5,86.1000000000001,131.4));
#8231=CARTESIAN_POINT('Origin',(64.5,87.5000000000001,124.));
#8232=CARTESIAN_POINT('Origin',(64.5,86.1000000000001,124.));
#8233=CARTESIAN_POINT('Origin',(75.5,86.1000000000001,131.4));
#8234=CARTESIAN_POINT('',(75.5,87.5000000000001,131.4));
#8235=CARTESIAN_POINT('',(75.5,86.1000000000001,130.));
#8236=CARTESIAN_POINT('Origin',(70.5,87.5000000000001,130.));
#8237=CARTESIAN_POINT('',(64.5,85.5000000000001,130.));
#8238=CARTESIAN_POINT('',(64.5,87.5000000000001,130.));
#8239=CARTESIAN_POINT('',(52.875,85.5000000000001,130.));
#8240=CARTESIAN_POINT('Origin',(64.5,87.5000000000001,124.));
#8241=CARTESIAN_POINT('',(70.5,85.5000000000001,124.));
#8242=CARTESIAN_POINT('',(70.5,87.5000000000001,124.));
#8243=CARTESIAN_POINT('Origin',(64.5,85.5000000000001,124.));
#8244=CARTESIAN_POINT('Origin',(70.5,87.5000000000001,110.));
#8245=CARTESIAN_POINT('',(70.5,85.5000000000001,119.999999999992));
#8246=CARTESIAN_POINT('',(70.5,2.13162820727854E-13,119.999999999996));
#8247=CARTESIAN_POINT('',(70.5,85.5000000000001,115.));
#8248=CARTESIAN_POINT('Origin',(0.,-87.5000000000002,120.));
#8249=CARTESIAN_POINT('',(69.5,84.5000000000001,119.999999999993));
#8250=CARTESIAN_POINT('',(17.625,84.5000000000001,119.999999999993));
#8251=CARTESIAN_POINT('Origin',(69.5,85.5000000000001,120.));
#8252=CARTESIAN_POINT('',(80.5,-79.9000000000002,120.));
#8253=CARTESIAN_POINT('',(0.,-79.9000000000002,120.));
#8254=CARTESIAN_POINT('',(112.9,-47.5000000000001,119.999999999999));
#8255=CARTESIAN_POINT('Origin',(80.5,-47.5000000000001,119.999999999999));
#8256=CARTESIAN_POINT('',(112.9,47.4999999999999,119.999999999994));
#8257=CARTESIAN_POINT('',(112.9,-67.5000000000001,120.));
#8258=CARTESIAN_POINT('',(80.5,79.9,119.999999999993));
#8259=CARTESIAN_POINT('Origin',(80.5,47.4999999999999,119.999999999994));
#8260=CARTESIAN_POINT('',(40.25,79.9,119.999999999993));
#8261=CARTESIAN_POINT('Origin',(69.5,85.5000000000001,115.));
#8262=CARTESIAN_POINT('',(69.5,84.5000000000001,124.));
#8263=CARTESIAN_POINT('Origin',(69.5,85.5000000000001,124.));
#8264=CARTESIAN_POINT('',(69.5,84.5000000000001,115.));
#8265=CARTESIAN_POINT('Origin',(64.5,85.5000000000001,124.));
#8266=CARTESIAN_POINT('',(64.5,84.5000000000001,129.));
#8267=CARTESIAN_POINT('Origin',(64.5,85.5000000000001,129.));
#8268=CARTESIAN_POINT('Origin',(64.5,84.5000000000001,124.));
#8269=CARTESIAN_POINT('Origin',(52.875,85.5000000000001,129.));
#8270=CARTESIAN_POINT('',(52.875,84.5000000000001,129.));
#8271=CARTESIAN_POINT('Origin',(35.25,84.5000000000001,120.));
#8272=CARTESIAN_POINT('Origin',(0.,-79.9000000000001,122.));
#8273=CARTESIAN_POINT('',(80.5,-77.9000000000001,122.));
#8274=CARTESIAN_POINT('',(0.,-77.9000000000001,122.));
#8275=CARTESIAN_POINT('Origin',(80.5,-79.9000000000001,122.));
#8276=CARTESIAN_POINT('Origin',(80.5,-47.5,122.));
#8277=CARTESIAN_POINT('',(110.9,-47.5,122.));
#8278=CARTESIAN_POINT('Origin',(112.9,-47.5,122.));
#8279=CARTESIAN_POINT('Origin',(80.5,-47.5,122.));
#8280=CARTESIAN_POINT('Origin',(112.9,-67.5,122.));
#8281=CARTESIAN_POINT('',(110.9,47.5,121.999999999994));
#8282=CARTESIAN_POINT('Origin',(112.9,47.5,121.999999999994));
#8283=CARTESIAN_POINT('',(110.9,-67.5,122.));
#8284=CARTESIAN_POINT('Origin',(80.5,47.5,122.));
#8285=CARTESIAN_POINT('',(80.5,77.9000000000001,121.999999999999));
#8286=CARTESIAN_POINT('Origin',(80.5,79.9000000000001,121.999999999999));
#8287=CARTESIAN_POINT('Origin',(80.5,47.5,122.));
#8288=CARTESIAN_POINT('Origin',(40.25,79.9000000000001,121.999999999993));
#8289=CARTESIAN_POINT('',(40.25,77.9000000000001,121.999999999993));
#8290=CARTESIAN_POINT('Origin',(80.5,77.9000000000001,120.));
#8291=CARTESIAN_POINT('',(80.5,77.9000000000001,124.));
#8292=CARTESIAN_POINT('',(80.5,77.9000000000001,126.));
#8293=CARTESIAN_POINT('',(40.25,77.9000000000001,124.));
#8294=CARTESIAN_POINT('Origin',(80.5,47.5,123.));
#8295=CARTESIAN_POINT('',(110.9,47.5,124.));
#8296=CARTESIAN_POINT('',(110.9,47.5,126.));
#8297=CARTESIAN_POINT('Origin',(80.5,47.5,124.));
#8298=CARTESIAN_POINT('Origin',(110.9,-47.5,120.));
#8299=CARTESIAN_POINT('',(110.9,-47.5,124.));
#8300=CARTESIAN_POINT('',(110.9,-47.5,126.));
#8301=CARTESIAN_POINT('',(110.9,-62.5000000000001,124.));
#8302=CARTESIAN_POINT('Origin',(80.5,-47.5,123.));
#8303=CARTESIAN_POINT('',(80.5,-77.9000000000001,124.));
#8304=CARTESIAN_POINT('',(80.5,-77.9000000000001,126.));
#8305=CARTESIAN_POINT('Origin',(80.5,-47.5,124.));
#8306=CARTESIAN_POINT('Origin',(0.,-77.9000000000001,120.));
#8307=CARTESIAN_POINT('',(0.,-77.9000000000001,124.));
#8308=CARTESIAN_POINT('Origin',(0.,-75.9000000000001,124.));
#8309=CARTESIAN_POINT('',(80.5,-75.9000000000001,126.));
#8310=CARTESIAN_POINT('Origin',(80.5,-75.9000000000001,124.));
#8311=CARTESIAN_POINT('',(0.,-75.9000000000001,126.));
#8312=CARTESIAN_POINT('Origin',(80.5,-47.5,124.));
#8313=CARTESIAN_POINT('',(108.9,-47.5,126.));
#8314=CARTESIAN_POINT('Origin',(108.9,-47.5,124.));
#8315=CARTESIAN_POINT('Origin',(80.5,-47.5,126.));
#8316=CARTESIAN_POINT('Origin',(108.9,-62.5000000000001,124.));
#8317=CARTESIAN_POINT('',(108.9,47.5,126.));
#8318=CARTESIAN_POINT('Origin',(108.9,47.5,124.));
#8319=CARTESIAN_POINT('',(108.9,-62.5000000000001,126.));
#8320=CARTESIAN_POINT('Origin',(80.5,47.5,124.));
#8321=CARTESIAN_POINT('',(80.5,75.9000000000001,126.));
#8322=CARTESIAN_POINT('Origin',(80.5,75.9000000000001,124.));
#8323=CARTESIAN_POINT('Origin',(80.5,47.5,126.));
#8324=CARTESIAN_POINT('Origin',(40.25,75.9000000000001,124.));
#8325=CARTESIAN_POINT('',(40.25,75.9000000000001,126.));
#8326=CARTESIAN_POINT('Origin',(0.,-77.5000000000001,126.));
#8327=CARTESIAN_POINT('Origin',(80.5,87.5000000000001,134.));
#8328=CARTESIAN_POINT('',(80.5,87.5000000000001,134.));
#8329=CARTESIAN_POINT('',(80.5,87.5000000000001,134.));
#8330=CARTESIAN_POINT('',(80.5,87.5000000000001,120.));
#8331=CARTESIAN_POINT('Origin',(80.5,75.5000000000001,134.));
#8332=CARTESIAN_POINT('',(80.5,83.2134513162386,143.192533317428));
#8333=CARTESIAN_POINT('Origin',(80.5,75.5000000000001,134.));
#8334=CARTESIAN_POINT('',(80.5,83.2134513162386,143.192533317428));
#8335=CARTESIAN_POINT('Origin',(80.5,79.8676428111947,146.));
#8336=CARTESIAN_POINT('',(80.5,79.8676428111947,146.));
#8337=CARTESIAN_POINT('',(80.5,79.8676428111947,146.));
#8338=CARTESIAN_POINT('',(80.5,79.8676428111947,146.));
#8339=CARTESIAN_POINT('Origin',(80.5,47.5,127.));
#8340=CARTESIAN_POINT('',(120.5,47.5,134.));
#8341=CARTESIAN_POINT('Origin',(80.5,47.5,134.));
#8342=CARTESIAN_POINT('',(120.5,47.5,120.));
#8343=CARTESIAN_POINT('Origin',(80.5,47.5,134.));
#8344=CARTESIAN_POINT('',(116.213451316239,47.5,143.192533317428));
#8345=CARTESIAN_POINT('Origin',(108.5,47.5,134.));
#8346=CARTESIAN_POINT('Origin',(80.5,47.5,143.192533317428));
#8347=CARTESIAN_POINT('Origin',(80.5,47.5,144.596266658714));
#8348=CARTESIAN_POINT('',(112.867642811195,47.5,146.));
#8349=CARTESIAN_POINT('',(112.867642811195,47.5,146.));
#8350=CARTESIAN_POINT('Origin',(80.5,47.5,146.));
#8351=CARTESIAN_POINT('Origin',(120.5,-47.5,134.));
#8352=CARTESIAN_POINT('',(120.5,-47.5,134.));
#8353=CARTESIAN_POINT('',(120.5,-47.5,134.));
#8354=CARTESIAN_POINT('',(120.5,-47.5,120.));
#8355=CARTESIAN_POINT('Origin',(108.5,-47.5,134.));
#8356=CARTESIAN_POINT('',(116.213451316239,-47.5,143.192533317428));
#8357=CARTESIAN_POINT('Origin',(108.5,-47.5,134.));
#8358=CARTESIAN_POINT('',(116.213451316239,-47.5,143.192533317428));
#8359=CARTESIAN_POINT('Origin',(112.867642811195,-47.5,146.));
#8360=CARTESIAN_POINT('',(112.867642811195,-47.5,146.));
#8361=CARTESIAN_POINT('',(112.867642811195,-47.5,146.));
#8362=CARTESIAN_POINT('',(112.867642811195,-47.5,146.));
#8363=CARTESIAN_POINT('Origin',(80.5,-47.5,127.));
#8364=CARTESIAN_POINT('',(80.5,-87.5000000000002,134.));
#8365=CARTESIAN_POINT('Origin',(80.5,-47.5,134.));
#8366=CARTESIAN_POINT('',(80.5,-87.5000000000002,120.));
#8367=CARTESIAN_POINT('Origin',(80.5,-47.5,134.));
#8368=CARTESIAN_POINT('',(80.5,-83.2134513162386,143.192533317428));
#8369=CARTESIAN_POINT('Origin',(80.5,-75.5000000000001,134.));
#8370=CARTESIAN_POINT('Origin',(80.5,-47.5,143.192533317428));
#8371=CARTESIAN_POINT('Origin',(80.5,-47.5,144.596266658714));
#8372=CARTESIAN_POINT('',(80.5,-79.8676428111947,146.));
#8373=CARTESIAN_POINT('',(80.5,-79.8676428111947,146.));
#8374=CARTESIAN_POINT('Origin',(80.5,-47.5,146.));
#8375=CARTESIAN_POINT('Origin',(80.5,-47.5,146.));
#8376=CARTESIAN_POINT('',(0.,-79.8676428111947,146.));
#8377=CARTESIAN_POINT('Origin',(0.,-87.5000000000002,134.));
#8378=CARTESIAN_POINT('',(0.,-87.5000000000002,134.));
#8379=CARTESIAN_POINT('Origin',(0.,-75.5000000000001,134.));
#8380=CARTESIAN_POINT('',(0.,-83.2134513162386,143.192533317428));
#8381=CARTESIAN_POINT('Origin',(0.,-79.8676428111947,146.));
#8382=CARTESIAN_POINT('Origin',(-123.5,0.,101.));
#8383=CARTESIAN_POINT('',(-124.964101615138,15.,128.383196954757));
#8384=CARTESIAN_POINT('',(-127.5,15.,124.048861143232));
#8385=CARTESIAN_POINT('Ctrl Pts',(-127.5,15.,124.048861143232));
#8386=CARTESIAN_POINT('Ctrl Pts',(-127.5,15.,124.355654976359));
#8387=CARTESIAN_POINT('Ctrl Pts',(-127.473656177076,15.,124.691328549974));
#8388=CARTESIAN_POINT('Ctrl Pts',(-127.356503167229,15.,125.350894761113));
#8389=CARTESIAN_POINT('Ctrl Pts',(-127.265502801187,15.,125.674753426861));
#8390=CARTESIAN_POINT('Ctrl Pts',(-127.058226249498,15.,126.21997162305));
#8391=CARTESIAN_POINT('Ctrl Pts',(-126.927987172703,15.,126.494031371601));
#8392=CARTESIAN_POINT('Ctrl Pts',(-126.614578443558,15.,127.009475025417));
#8393=CARTESIAN_POINT('Ctrl Pts',(-126.431207487646,15.,127.250736503776));
#8394=CARTESIAN_POINT('Ctrl Pts',(-126.07283113903,15.,127.639078202196));
#8395=CARTESIAN_POINT('Ctrl Pts',(-125.868514671688,15.,127.825184863778));
#8396=CARTESIAN_POINT('Ctrl Pts',(-125.427590418753,15.,128.145998343529));
#8397=CARTESIAN_POINT('Ctrl Pts',(-125.191377257633,15.,128.281271839723));
#8398=CARTESIAN_POINT('Ctrl Pts',(-124.964101615138,15.,128.383196954757));
#8399=CARTESIAN_POINT('',(-123.500000014206,13.7016903776407,129.363950373586));
#8400=CARTESIAN_POINT('Ctrl Pts',(-124.964101615139,15.0000000000005,128.383196954756));
#8401=CARTESIAN_POINT('Ctrl Pts',(-124.56532652266,14.7255152010492,128.71239113605));
#8402=CARTESIAN_POINT('Ctrl Pts',(-124.15553481976,14.3903161789355,128.986503636737));
#8403=CARTESIAN_POINT('Ctrl Pts',(-123.67036506344,13.8902735322433,129.269308689931));
#8404=CARTESIAN_POINT('Ctrl Pts',(-123.584182351158,13.7971441585675,129.317839794881));
#8405=CARTESIAN_POINT('Ctrl Pts',(-123.500000022919,13.7016903714124,129.363950376595));
#8406=CARTESIAN_POINT('',(-123.5,-15.,73.300722031071));
#8407=CARTESIAN_POINT('Origin',(-123.5,0.,101.));
#8408=CARTESIAN_POINT('',(-127.5,-15.,77.9511388567678));
#8409=CARTESIAN_POINT('Ctrl Pts',(-127.5,-15.,77.9511388567679));
#8410=CARTESIAN_POINT('Ctrl Pts',(-127.5,-15.,77.6443450236414));
#8411=CARTESIAN_POINT('Ctrl Pts',(-127.473656177076,-15.,77.3086714500261));
#8412=CARTESIAN_POINT('Ctrl Pts',(-127.356503167229,-15.,76.6491052388873));
#8413=CARTESIAN_POINT('Ctrl Pts',(-127.265502801187,-15.,76.325246573139));
#8414=CARTESIAN_POINT('Ctrl Pts',(-127.058226249498,-15.,75.7800283769502));
#8415=CARTESIAN_POINT('Ctrl Pts',(-126.927987172703,-15.,75.5059686283992));
#8416=CARTESIAN_POINT('Ctrl Pts',(-126.614578443558,-15.,74.9905249745831));
#8417=CARTESIAN_POINT('Ctrl Pts',(-126.431207487646,-15.,74.7492634962237));
#8418=CARTESIAN_POINT('Ctrl Pts',(-126.07283113903,-15.,74.3609217978045));
#8419=CARTESIAN_POINT('Ctrl Pts',(-125.868514671688,-15.,74.1748151362223));
#8420=CARTESIAN_POINT('Ctrl Pts',(-125.424535055,-15.,73.8517785946397));
#8421=CARTESIAN_POINT('Ctrl Pts',(-125.184761434563,-15.,73.7150005727806));
#8422=CARTESIAN_POINT('Ctrl Pts',(-124.739293502063,-15.,73.516727079702));
#8423=CARTESIAN_POINT('Ctrl Pts',(-124.49449065588,-15.,73.4340558642089));
#8424=CARTESIAN_POINT('Ctrl Pts',(-123.992681990836,-15.,73.3260191193943));
#8425=CARTESIAN_POINT('Ctrl Pts',(-123.735661439434,-15.,73.300722031071));
#8426=CARTESIAN_POINT('Ctrl Pts',(-123.5,-15.,73.300722031071));
#8427=CARTESIAN_POINT('Origin',(-127.5,0.,101.));
#8428=CARTESIAN_POINT('Origin',(-121.5,0.,101.));
#8429=CARTESIAN_POINT('',(-121.5,8.41018772329561,131.356527180475));
#8430=CARTESIAN_POINT('Ctrl Pts',(-121.5,8.41018772329562,131.356527180475));
#8431=CARTESIAN_POINT('Ctrl Pts',(-121.5,9.45341617574834,131.067503766458));
#8432=CARTESIAN_POINT('Ctrl Pts',(-121.714975605828,10.5468886608117,130.701168489643));
#8433=CARTESIAN_POINT('Ctrl Pts',(-122.477968725201,12.3396348442337,129.995109541379));
#8434=CARTESIAN_POINT('Ctrl Pts',(-122.948402741781,13.0762378498368,129.666085892941));
#8435=CARTESIAN_POINT('Ctrl Pts',(-123.500000022918,13.7016903714112,129.363950376596));
#8436=CARTESIAN_POINT('',(-121.5,-15.,73.300722031071));
#8437=CARTESIAN_POINT('Origin',(-121.5,0.,101.));
#8438=CARTESIAN_POINT('',(-121.5,-15.,73.300722031071));
#8439=CARTESIAN_POINT('Origin',(-129.5,-8.4101877232956,114.849638984465));
#8440=CARTESIAN_POINT('',(-123.042538529314,-13.132601459946,125.177524609708));
#8441=CARTESIAN_POINT('',(-124.964101615138,-15.,123.31698230065));
#8442=CARTESIAN_POINT('Ctrl Pts',(-123.04253854467,-13.1326014655382,125.177524583758));
#8443=CARTESIAN_POINT('Ctrl Pts',(-123.164178929138,-13.2989333748089,125.07661543015));
#8444=CARTESIAN_POINT('Ctrl Pts',(-123.289886622182,-13.4573377516875,124.967992878243));
#8445=CARTESIAN_POINT('Ctrl Pts',(-123.418734319115,-13.60806899466,124.85267373247));
#8446=CARTESIAN_POINT('Ctrl Pts',(-123.541145713407,-13.7512707906958,124.74311510039));
#8447=CARTESIAN_POINT('Ctrl Pts',(-123.666390913425,-13.8875470467513,124.627513178203));
#8448=CARTESIAN_POINT('Ctrl Pts',(-123.793719713239,-14.0171248662389,124.506731734512));
#8449=CARTESIAN_POINT('Ctrl Pts',(-123.914636266317,-14.1401771789183,124.39203281433));
#8450=CARTESIAN_POINT('Ctrl Pts',(-124.037431790637,-14.257188838397,124.272663446667));
#8451=CARTESIAN_POINT('Ctrl Pts',(-124.1615079156,-14.3683608183642,124.149345421363));
#8452=CARTESIAN_POINT('Ctrl Pts',(-124.18214116752,-14.3868481741697,124.128838237703));
#8453=CARTESIAN_POINT('Ctrl Pts',(-124.20280993738,-14.4051740523362,124.108221806042));
#8454=CARTESIAN_POINT('Ctrl Pts',(-124.223511600238,-14.4233393926139,124.087499380342));
#8455=CARTESIAN_POINT('Ctrl Pts',(-124.346059650559,-14.5308731231004,123.964828419807));
#8456=CARTESIAN_POINT('Ctrl Pts',(-124.469872124139,-14.6328875111958,123.838331110262));
#8457=CARTESIAN_POINT('Ctrl Pts',(-124.594466412235,-14.7296106635386,123.708623773658));
#8458=CARTESIAN_POINT('Ctrl Pts',(-124.717072540714,-14.8247903978932,123.580986185936));
#8459=CARTESIAN_POINT('Ctrl Pts',(-124.840435665312,-14.9148464595597,123.450240474853));
#8460=CARTESIAN_POINT('Ctrl Pts',(-124.964137129012,-15.,123.316947058636));
#8461=CARTESIAN_POINT('',(-121.5,-8.41018772329559,128.812744688295));
#8462=CARTESIAN_POINT('Ctrl Pts',(-121.5,-8.41018772329558,128.812744688295));
#8463=CARTESIAN_POINT('Ctrl Pts',(-121.5,-8.80818732106817,128.692395137447));
#8464=CARTESIAN_POINT('Ctrl Pts',(-121.530250731565,-9.20307957879315,128.531841414306));
#8465=CARTESIAN_POINT('Ctrl Pts',(-121.685152737315,-10.2505413423272,128.000657046867));
#8466=CARTESIAN_POINT('Ctrl Pts',(-121.866232131258,-10.8656702355562,127.561017518887));
#8467=CARTESIAN_POINT('Ctrl Pts',(-122.335881395922,-12.0415260799409,126.536446122719));
#8468=CARTESIAN_POINT('Ctrl Pts',(-122.668063578991,-12.6205417857037,125.88181357397));
#8469=CARTESIAN_POINT('Ctrl Pts',(-123.042538533462,-13.1326014502126,125.177524604837));
#8470=CARTESIAN_POINT('',(-121.5,-8.4101877232956,171.5));
#8471=CARTESIAN_POINT('',(-121.5,-8.4101877232956,114.849638984465));
#8472=CARTESIAN_POINT('',(-124.964101615138,-15.,171.5));
#8473=CARTESIAN_POINT('Origin',(-129.5,-8.4101877232956,171.5));
#8474=CARTESIAN_POINT('',(-124.964101615138,-15.,114.849638984465));
#8475=CARTESIAN_POINT('Origin',(-91.5,-8.4101877232956,171.5));
#8476=CARTESIAN_POINT('',(-91.5,-15.,204.964101615138));
#8477=CARTESIAN_POINT('',(-91.5,-8.41018772329559,201.5));
#8478=CARTESIAN_POINT('Origin',(-91.5,-8.41018772329559,209.5));
#8479=CARTESIAN_POINT('Origin',(-91.5,-15.,171.5));
#8480=CARTESIAN_POINT('Origin',(-91.5,-8.4101877232956,171.5));
#8481=CARTESIAN_POINT('Origin',(-91.5,8.41018772329561,171.5));
#8482=CARTESIAN_POINT('',(-124.964101615138,15.,171.5));
#8483=CARTESIAN_POINT('',(-121.5,8.41018772329561,171.5));
#8484=CARTESIAN_POINT('Origin',(-129.5,8.41018772329561,171.5));
#8485=CARTESIAN_POINT('',(-91.5,15.,204.964101615138));
#8486=CARTESIAN_POINT('Origin',(-91.5,15.,171.5));
#8487=CARTESIAN_POINT('',(-91.5,8.41018772329565,201.5));
#8488=CARTESIAN_POINT('Origin',(-91.5,8.41018772329564,209.5));
#8489=CARTESIAN_POINT('Origin',(-91.5,8.41018772329561,171.5));
#8490=CARTESIAN_POINT('Origin',(-129.5,8.41018772329561,125.125));
#8491=CARTESIAN_POINT('',(-124.964101615138,15.,125.125));
#8492=CARTESIAN_POINT('',(-121.5,8.41018772329561,125.125));
#8493=CARTESIAN_POINT('Origin',(-121.5,8.25000000000002,101.));
#8494=CARTESIAN_POINT('',(-121.5,1.77635683940025E-14,71.9435028842545));
#8495=CARTESIAN_POINT('Origin',(-121.5,0.,101.));
#8496=CARTESIAN_POINT('',(-121.5,0.,77.2000000000001));
#8497=CARTESIAN_POINT('',(-121.5,0.,87.5000000000001));
#8498=CARTESIAN_POINT('',(-121.5,-13.3956277890985,120.672243291906));
#8499=CARTESIAN_POINT('Origin',(-121.5,0.,101.));
#8500=CARTESIAN_POINT('',(-121.5,-15.,118.478095139922));
#8501=CARTESIAN_POINT('',(-121.5,-14.7126803710511,118.871035025444));
#8502=CARTESIAN_POINT('',(-121.5,-15.,128.699277968929));
#8503=CARTESIAN_POINT('',(-121.5,-15.,171.5));
#8504=CARTESIAN_POINT('',(-121.5,-13.7698039201726,110.969578727308));
#8505=CARTESIAN_POINT('',(-121.5,16.248076809272,106.));
#8506=CARTESIAN_POINT('Origin',(-121.5,0.,101.));
#8507=CARTESIAN_POINT('',(-121.5,-13.7698039201726,106.));
#8508=CARTESIAN_POINT('',(-121.5,-15.0933760305639,106.));
#8509=CARTESIAN_POINT('',(-121.5,-13.7698039201726,108.95));
#8510=CARTESIAN_POINT('',(-121.5,16.248076809272,96.0000000000001));
#8511=CARTESIAN_POINT('',(-121.5,-13.7698039201726,91.0304212726917));
#8512=CARTESIAN_POINT('Origin',(-121.5,0.,101.));
#8513=CARTESIAN_POINT('',(-121.5,-13.7698039201726,96.0000000000001));
#8514=CARTESIAN_POINT('',(-121.5,-13.7698039201726,108.95));
#8515=CARTESIAN_POINT('',(-121.5,-15.0933760305639,96.0000000000001));
#8516=CARTESIAN_POINT('Ctrl Pts',(-125.304336823287,-13.1581346464677,122.553076162382));
#8517=CARTESIAN_POINT('Ctrl Pts',(-124.610638698203,-13.1491962830665,123.371288296255));
#8518=CARTESIAN_POINT('Ctrl Pts',(-123.861293186737,-13.1406843506506,124.241393569714));
#8519=CARTESIAN_POINT('Ctrl Pts',(-123.042538525132,-13.1326014653453,125.177524606097));
#8520=CARTESIAN_POINT('Ctrl Pts',(-125.361339239878,-13.7720897643118,122.599506196638));
#8521=CARTESIAN_POINT('Ctrl Pts',(-124.672799328957,-13.7661308553777,123.422533892272));
#8522=CARTESIAN_POINT('Ctrl Pts',(-123.928544421469,-13.7604562337671,124.297533290421));
#8523=CARTESIAN_POINT('Ctrl Pts',(-123.114812403733,-13.7550676435636,125.238605855156));
#8524=CARTESIAN_POINT('Ctrl Pts',(-125.418341656469,-14.3860448821559,122.645936230893));
#8525=CARTESIAN_POINT('Ctrl Pts',(-124.73495995971,-14.3830654276888,123.473779488289));
#8526=CARTESIAN_POINT('Ctrl Pts',(-123.9957956562,-14.3802281168835,124.353673011129));
#8527=CARTESIAN_POINT('Ctrl Pts',(-123.187086282334,-14.3775338217818,125.299687104215));
#8528=CARTESIAN_POINT('Ctrl Pts',(-125.47534407306,-15.,122.692366265149));
#8529=CARTESIAN_POINT('Ctrl Pts',(-124.797120590463,-15.,123.525025084306));
#8530=CARTESIAN_POINT('Ctrl Pts',(-124.063046890931,-15.,124.409812731837));
#8531=CARTESIAN_POINT('Ctrl Pts',(-123.259360160936,-15.,125.360768353275));
#8532=CARTESIAN_POINT('',(-125.47534407306,-15.,122.692366265149));
#8533=CARTESIAN_POINT('Ctrl Pts',(-125.47534407306,-15.,122.692366265149));
#8534=CARTESIAN_POINT('Ctrl Pts',(-125.308394343161,-15.,122.897331396147));
#8535=CARTESIAN_POINT('Ctrl Pts',(-125.138060455032,-15.,123.105455193543));
#8536=CARTESIAN_POINT('Ctrl Pts',(-124.964137129012,-15.,123.316947058636));
#8537=CARTESIAN_POINT('',(-125.424115256396,-14.4482305127921,122.650638986643));
#8538=CARTESIAN_POINT('Ctrl Pts',(-125.47534407306,-15.,122.692366265149));
#8539=CARTESIAN_POINT('Ctrl Pts',(-125.458267800839,-14.8160768375974,122.678457172314));
#8540=CARTESIAN_POINT('Ctrl Pts',(-125.441191528618,-14.6321536751947,122.664548079479));
#8541=CARTESIAN_POINT('Ctrl Pts',(-125.424115256396,-14.4482305127921,122.650638986643));
#8542=CARTESIAN_POINT('',(-124.775769839333,-13.1515396786794,123.173923941899));
#8543=CARTESIAN_POINT('Ctrl Pts',(-125.424115256392,-14.4482305127533,122.650638986641));
#8544=CARTESIAN_POINT('Ctrl Pts',(-125.362972257733,-14.3259350227186,122.701822357644));
#8545=CARTESIAN_POINT('Ctrl Pts',(-125.301222664823,-14.2024417431191,122.752972776976));
#8546=CARTESIAN_POINT('Ctrl Pts',(-125.239317907744,-14.0786265497251,122.803710398724));
#8547=CARTESIAN_POINT('Ctrl Pts',(-125.085294133354,-13.7705648705728,122.92994948557));
#8548=CARTESIAN_POINT('Ctrl Pts',(-124.930730375765,-13.4614112055198,123.053315847595));
#8549=CARTESIAN_POINT('Ctrl Pts',(-124.775805937033,-13.1515397609427,123.173888282788));
#8550=CARTESIAN_POINT('',(-124.699999999999,-13.1506284940459,123.262511388165));
#8551=CARTESIAN_POINT('Ctrl Pts',(-124.7758059401,-13.1515397609798,123.173888279201));
#8552=CARTESIAN_POINT('Ctrl Pts',(-124.750623560102,-13.151235518472,123.203347667715));
#8553=CARTESIAN_POINT('Ctrl Pts',(-124.725369367117,-13.1509317951562,123.232874417494));
#8554=CARTESIAN_POINT('Ctrl Pts',(-124.700042777835,-13.1506285911433,123.262469127568));
#8555=CARTESIAN_POINT('Ctrl Pts',(-123.042538525132,-13.1326014653453,125.177524606097));
#8556=CARTESIAN_POINT('Ctrl Pts',(-123.628961059279,-13.1383907283642,124.507032747677));
#8557=CARTESIAN_POINT('Ctrl Pts',(-124.179776997491,-13.1444000907082,123.870411822082));
#8558=CARTESIAN_POINT('Ctrl Pts',(-124.700042777835,-13.1506285911433,123.262469127568));
#8559=CARTESIAN_POINT('Origin',(-125.5,-23.3333545190419,125.60379903464));
#8560=CARTESIAN_POINT('',(-130.035898384862,-15.,97.9903810567666));
#8561=CARTESIAN_POINT('',(-130.035898384862,-12.9903810567666,94.5096189432334));
#8562=CARTESIAN_POINT('',(-130.035898384862,-29.0402993568385,122.308892896288));
#8563=CARTESIAN_POINT('',(-133.5,-8.41018772329559,99.7561159345823));
#8564=CARTESIAN_POINT('Origin',(-125.5,-8.41018772329559,99.7561159345823));
#8565=CARTESIAN_POINT('',(-133.5,-7.28343621897002,97.8045250815857));
#8566=CARTESIAN_POINT('',(-133.5,-23.3333545190419,125.60379903464));
#8567=CARTESIAN_POINT('Origin',(-125.5,-7.28343621897,97.8045250815857));
#8568=CARTESIAN_POINT('Origin',(-125.5,-8.41018772329557,150.099638984465));
#8569=CARTESIAN_POINT('',(-133.5,-8.4101877232956,171.5));
#8570=CARTESIAN_POINT('',(-133.5,-8.41018772329557,150.099638984465));
#8571=CARTESIAN_POINT('',(-130.035898384862,-15.,171.5));
#8572=CARTESIAN_POINT('',(-130.035898384862,-15.,150.099638984465));
#8573=CARTESIAN_POINT('Origin',(-125.5,-8.4101877232956,171.5));
#8574=CARTESIAN_POINT('Origin',(-91.5,-8.4101877232956,171.5));
#8575=CARTESIAN_POINT('',(-91.5,-8.41018772329555,213.5));
#8576=CARTESIAN_POINT('',(-91.5,-15.,210.035898384862));
#8577=CARTESIAN_POINT('Origin',(-91.5,-8.41018772329559,205.5));
#8578=CARTESIAN_POINT('Origin',(-91.5,-8.4101877232956,171.5));
#8579=CARTESIAN_POINT('Origin',(-91.5,-15.,171.5));
#8580=CARTESIAN_POINT('Origin',(-125.5,3.5527136788005E-14,102.009618943233));
#8581=CARTESIAN_POINT('',(-130.035898384862,15.,102.009618943233));
#8582=CARTESIAN_POINT('',(-133.5,8.41018772329564,102.009618943233));
#8583=CARTESIAN_POINT('Origin',(-125.5,8.41018772329565,102.009618943233));
#8584=CARTESIAN_POINT('Origin',(-130.035898384862,3.5527136788005E-14,102.009618943233));
#8585=CARTESIAN_POINT('Origin',(-133.5,3.5527136788005E-14,102.009618943233));
#8586=CARTESIAN_POINT('Origin',(-125.5,8.4101877232956,160.375));
#8587=CARTESIAN_POINT('',(-133.5,8.41018772329563,171.5));
#8588=CARTESIAN_POINT('',(-133.5,8.4101877232956,160.375));
#8589=CARTESIAN_POINT('',(-130.035898384862,15.,171.5));
#8590=CARTESIAN_POINT('Origin',(-125.5,8.41018772329563,171.5));
#8591=CARTESIAN_POINT('',(-130.035898384862,15.,160.375));
#8592=CARTESIAN_POINT('Origin',(-91.5,8.41018772329561,171.5));
#8593=CARTESIAN_POINT('',(-91.5,15.,210.035898384862));
#8594=CARTESIAN_POINT('',(-91.5,8.41018772329562,213.5));
#8595=CARTESIAN_POINT('Origin',(-91.5,8.4101877232956,205.5));
#8596=CARTESIAN_POINT('Origin',(-91.5,15.,171.5));
#8597=CARTESIAN_POINT('Origin',(-91.5,8.41018772329561,171.5));
#8598=CARTESIAN_POINT('Origin',(-66.75,3.5527136788005E-14,102.009618943233));
#8599=CARTESIAN_POINT('',(-127.5,15.,102.009618943233));
#8600=CARTESIAN_POINT('',(-66.75,15.,102.009618943233));
#8601=CARTESIAN_POINT('',(-127.5,-12.9903810567666,94.5096189432334));
#8602=CARTESIAN_POINT('Origin',(-127.5,3.5527136788005E-14,102.009618943233));
#8603=CARTESIAN_POINT('',(-66.75,-12.9903810567666,94.5096189432334));
#8604=CARTESIAN_POINT('Origin',(-127.5,-11.25,91.4951905283833));
#8605=CARTESIAN_POINT('',(-127.5,-15.,97.9903810567666));
#8606=CARTESIAN_POINT('',(-127.5,-10.8703516151377,90.8376202367905));
#8607=CARTESIAN_POINT('',(-127.5,-15.,97.9903810567666));
#8608=CARTESIAN_POINT('Origin',(-120.5,-14.1978138945492,119.575169215914));
#8609=CARTESIAN_POINT('',(-124.897813894549,-13.3956277890985,120.672243291906));
#8610=CARTESIAN_POINT('',(-120.5,-13.3956277890985,120.672243291906));
#8611=CARTESIAN_POINT('',(-125.7,-15.,118.478095139922));
#8612=CARTESIAN_POINT('',(-125.7,-15.,118.478095139922));
#8613=CARTESIAN_POINT('',(-120.5,-15.,118.478095139922));
#8614=CARTESIAN_POINT('Origin',(-125.2,-14.,124.395580530483));
#8615=CARTESIAN_POINT('',(-125.7,-15.,122.416554908506));
#8616=CARTESIAN_POINT('',(-125.7,-15.,124.395580530483));
#8617=CARTESIAN_POINT('',(-124.7,-13.,120.935897271003));
#8618=CARTESIAN_POINT('Origin',(-118.2,0.,101.));
#8619=CARTESIAN_POINT('',(-124.7,-13.,123.350804081656));
#8620=CARTESIAN_POINT('',(-124.7,-13.,124.395580530483));
#8621=CARTESIAN_POINT('Origin',(-107.414500961418,21.5709980771635,101.));
#8622=CARTESIAN_POINT('Ctrl Pts',(-125.7,-15.,122.416554908506));
#8623=CARTESIAN_POINT('Ctrl Pts',(-125.610315915781,-14.820631831562,122.4936371174));
#8624=CARTESIAN_POINT('Ctrl Pts',(-125.51789511898,-14.635790237959,122.572133238251));
#8625=CARTESIAN_POINT('Ctrl Pts',(-125.424115256396,-14.448230512792,122.650638986643));
#8626=CARTESIAN_POINT('Ctrl Pts',(-125.650334610808,-14.4490881800035,122.376101084626));
#8627=CARTESIAN_POINT('Ctrl Pts',(-125.57494958839,-14.4488126536135,122.467631173184));
#8628=CARTESIAN_POINT('Ctrl Pts',(-125.499542974977,-14.4485265590323,122.559143675283));
#8629=CARTESIAN_POINT('Ctrl Pts',(-125.424115256393,-14.4482305127533,122.65063898664));
#8630=CARTESIAN_POINT('Ctrl Pts',(-125.666889740539,-14.6327254533357,122.389585692586));
#8631=CARTESIAN_POINT('Ctrl Pts',(-125.591671289267,-14.6325417690757,122.481251457918));
#8632=CARTESIAN_POINT('Ctrl Pts',(-125.516438443998,-14.6323510393549,122.572905498945));
#8633=CARTESIAN_POINT('Ctrl Pts',(-125.441191528615,-14.6321536751689,122.664548079477));
#8634=CARTESIAN_POINT('Ctrl Pts',(-125.683444870269,-14.8163627266678,122.403070300546));
#8635=CARTESIAN_POINT('Ctrl Pts',(-125.608392990143,-14.8162708845379,122.494871742653));
#8636=CARTESIAN_POINT('Ctrl Pts',(-125.533333913019,-14.8161755196774,122.586667322606));
#8637=CARTESIAN_POINT('Ctrl Pts',(-125.458267800838,-14.8160768375844,122.678457172313));
#8638=CARTESIAN_POINT('Ctrl Pts',(-125.7,-15.,122.416554908506));
#8639=CARTESIAN_POINT('Ctrl Pts',(-125.62511469102,-15.,122.508492027387));
#8640=CARTESIAN_POINT('Ctrl Pts',(-125.55022938204,-15.,122.600429146268));
#8641=CARTESIAN_POINT('Ctrl Pts',(-125.47534407306,-15.,122.692366265149));
#8642=CARTESIAN_POINT('Ctrl Pts',(-125.7,-15.,122.416554908506));
#8643=CARTESIAN_POINT('Ctrl Pts',(-125.62511469102,-15.,122.508492027387));
#8644=CARTESIAN_POINT('Ctrl Pts',(-125.55022938204,-15.,122.600429146268));
#8645=CARTESIAN_POINT('Ctrl Pts',(-125.47534407306,-15.,122.692366265149));
#8646=CARTESIAN_POINT('Origin',(-120.5,0.,101.));
#8647=CARTESIAN_POINT('',(-124.7,0.,77.2000000000001));
#8648=CARTESIAN_POINT('',(-120.5,0.,77.2000000000001));
#8649=CARTESIAN_POINT('Origin',(-124.7,0.,101.));
#8650=CARTESIAN_POINT('Origin',(-124.7,19.0918830920368,120.091883092037));
#8651=CARTESIAN_POINT('',(-124.7,1.77635683940025E-14,75.1435028842545));
#8652=CARTESIAN_POINT('',(-124.7,1.77635683940025E-14,74.0000000000001));
#8653=CARTESIAN_POINT('Origin',(-124.7,0.,101.));
#8654=CARTESIAN_POINT('Origin',(-122.528248557873,0.,101.));
#8655=CARTESIAN_POINT('',(-122.528248557873,1.77635683940025E-14,72.9717514421273));
#8656=CARTESIAN_POINT('Origin',(-122.6,1.77635683940025E-14,74.0000000000001));
#8657=CARTESIAN_POINT('Origin',(-91.5,-15.,171.5));
#8658=CARTESIAN_POINT('',(-91.5,-15.,201.5));
#8659=CARTESIAN_POINT('Origin',(-133.5,-15.,171.5));
#8660=CARTESIAN_POINT('',(-133.5,-15.,171.5));
#8661=CARTESIAN_POINT('Origin',(-91.5,-15.,171.5));
#8662=CARTESIAN_POINT('',(-91.5,-15.,213.5));
#8663=CARTESIAN_POINT('Origin',(-119.5,0.,101.));
#8664=CARTESIAN_POINT('',(-119.5,-13.7698039201726,95.0508403954845));
#8665=CARTESIAN_POINT('Ctrl Pts',(-121.5,-13.7698039201726,91.0304212726917));
#8666=CARTESIAN_POINT('Ctrl Pts',(-121.5,-13.7698039201726,91.5492796441983));
#8667=CARTESIAN_POINT('Ctrl Pts',(-121.415169820201,-13.7698039201726,92.1661037800247));
#8668=CARTESIAN_POINT('Ctrl Pts',(-121.161846219092,-13.7698039201726,93.1297005665554));
#8669=CARTESIAN_POINT('Ctrl Pts',(-120.957667805184,-13.7698039201726,93.6650636972705));
#8670=CARTESIAN_POINT('Ctrl Pts',(-120.552555223075,-13.7698039201726,94.3558190471547));
#8671=CARTESIAN_POINT('Ctrl Pts',(-120.320409856418,-13.7698039201726,94.6666677878643));
#8672=CARTESIAN_POINT('Ctrl Pts',(-119.973323258245,-13.7698039201726,94.9135874515068));
#8673=CARTESIAN_POINT('Ctrl Pts',(-119.865191380462,-13.7698039201726,94.9725859501459));
#8674=CARTESIAN_POINT('Ctrl Pts',(-119.686851981075,-13.7698039201725,95.032993916303));
#8675=CARTESIAN_POINT('Ctrl Pts',(-119.585642449757,-13.7698039201726,95.0508403954845));
#8676=CARTESIAN_POINT('Ctrl Pts',(-119.5,-13.7698039201726,95.0508403954845));
#8677=CARTESIAN_POINT('',(-119.5,14.142135623731,96.0000000000001));
#8678=CARTESIAN_POINT('Ctrl Pts',(-119.5,14.142135623731,96.0000000000001));
#8679=CARTESIAN_POINT('Ctrl Pts',(-119.742542347763,14.142135623731,96.0000000000001));
#8680=CARTESIAN_POINT('Ctrl Pts',(-120.027489063197,14.2014310503933,96.0000000000001));
#8681=CARTESIAN_POINT('Ctrl Pts',(-120.48013436398,14.3955303641016,96.0000000000001));
#8682=CARTESIAN_POINT('Ctrl Pts',(-120.726103052094,14.5672083969789,96.0000000000001));
#8683=CARTESIAN_POINT('Ctrl Pts',(-121.079019542821,14.932382131382,96.0000000000001));
#8684=CARTESIAN_POINT('Ctrl Pts',(-121.246257504747,15.1927510520943,96.0000000000001));
#8685=CARTESIAN_POINT('Ctrl Pts',(-121.440350566524,15.6758044984886,96.0000000000001));
#8686=CARTESIAN_POINT('Ctrl Pts',(-121.5,15.9853645881481,96.0000000000001));
#8687=CARTESIAN_POINT('Ctrl Pts',(-121.5,16.248076809272,96.0000000000001));
#8688=CARTESIAN_POINT('Origin',(-119.5,0.,101.));
#8689=CARTESIAN_POINT('Origin',(-121.5,0.,101.));
#8690=CARTESIAN_POINT('',(-114.5,14.142135623731,96.0000000000001));
#8691=CARTESIAN_POINT('',(-121.5,14.142135623731,96.0000000000001));
#8692=CARTESIAN_POINT('',(-114.5,-13.7698039201726,95.0508403954845));
#8693=CARTESIAN_POINT('Origin',(-114.5,0.,101.));
#8694=CARTESIAN_POINT('',(-121.5,-13.7698039201726,95.0508403954845));
#8695=CARTESIAN_POINT('Origin',(-119.5,0.,101.));
#8696=CARTESIAN_POINT('',(-119.5,14.142135623731,106.));
#8697=CARTESIAN_POINT('Ctrl Pts',(-121.5,16.2480768092719,106.));
#8698=CARTESIAN_POINT('Ctrl Pts',(-121.5,15.9853645881481,106.));
#8699=CARTESIAN_POINT('Ctrl Pts',(-121.440350566524,15.6758044984886,106.));
#8700=CARTESIAN_POINT('Ctrl Pts',(-121.246257504747,15.1927510520943,106.));
#8701=CARTESIAN_POINT('Ctrl Pts',(-121.079019542821,14.932382131382,106.));
#8702=CARTESIAN_POINT('Ctrl Pts',(-120.726103052094,14.5672083969789,106.));
#8703=CARTESIAN_POINT('Ctrl Pts',(-120.48013436398,14.3955303641016,106.));
#8704=CARTESIAN_POINT('Ctrl Pts',(-120.027489063197,14.2014310503933,106.));
#8705=CARTESIAN_POINT('Ctrl Pts',(-119.742542347763,14.142135623731,106.));
#8706=CARTESIAN_POINT('Ctrl Pts',(-119.5,14.142135623731,106.));
#8707=CARTESIAN_POINT('',(-119.5,-13.7698039201726,106.949159604516));
#8708=CARTESIAN_POINT('Ctrl Pts',(-119.5,-13.7698039201726,106.949159604516));
#8709=CARTESIAN_POINT('Ctrl Pts',(-119.585642449757,-13.7698039201726,106.949159604516));
#8710=CARTESIAN_POINT('Ctrl Pts',(-119.686851981075,-13.7698039201726,106.967006083697));
#8711=CARTESIAN_POINT('Ctrl Pts',(-119.865191380462,-13.7698039201726,107.027414049854));
#8712=CARTESIAN_POINT('Ctrl Pts',(-119.973323258245,-13.7698039201726,107.086412548493));
#8713=CARTESIAN_POINT('Ctrl Pts',(-120.320409856418,-13.7698039201726,107.333332212136));
#8714=CARTESIAN_POINT('Ctrl Pts',(-120.552555223075,-13.7698039201726,107.644180952845));
#8715=CARTESIAN_POINT('Ctrl Pts',(-120.957667805184,-13.7698039201726,108.33493630273));
#8716=CARTESIAN_POINT('Ctrl Pts',(-121.161846219092,-13.7698039201726,108.870299433445));
#8717=CARTESIAN_POINT('Ctrl Pts',(-121.415169820201,-13.7698039201726,109.833896219975));
#8718=CARTESIAN_POINT('Ctrl Pts',(-121.5,-13.7698039201726,110.450720355802));
#8719=CARTESIAN_POINT('Ctrl Pts',(-121.5,-13.7698039201726,110.969578727308));
#8720=CARTESIAN_POINT('Origin',(-119.5,0.,101.));
#8721=CARTESIAN_POINT('Origin',(-121.5,0.,101.));
#8722=CARTESIAN_POINT('',(-114.5,-13.7698039201726,106.949159604516));
#8723=CARTESIAN_POINT('',(-121.5,-13.7698039201726,106.949159604516));
#8724=CARTESIAN_POINT('',(-114.5,14.142135623731,106.));
#8725=CARTESIAN_POINT('Origin',(-114.5,0.,101.));
#8726=CARTESIAN_POINT('',(-121.5,14.142135623731,106.));
#8727=CARTESIAN_POINT('Origin',(-127.5,8.25000000000002,101.));
#8728=CARTESIAN_POINT('',(-127.5,-15.,128.699277968929));
#8729=CARTESIAN_POINT('',(-127.5,15.,125.125));
#8730=CARTESIAN_POINT('Origin',(-110.9,0.,101.));
#8731=CARTESIAN_POINT('',(-110.5,14.2481577756565,96.0000000000001));
#8732=CARTESIAN_POINT('',(-111.3,15.0933760305639,96.0000000000001));
#8733=CARTESIAN_POINT('Ctrl Pts',(-110.5,14.2481577756565,96.0000000000001));
#8734=CARTESIAN_POINT('Ctrl Pts',(-110.888477517764,14.6598608611078,96.0000000000001));
#8735=CARTESIAN_POINT('Ctrl Pts',(-111.3,15.0933760305639,96.0000000000001));
#8736=CARTESIAN_POINT('',(-110.5,-13.7698039201726,94.8030249314686));
#8737=CARTESIAN_POINT('Origin',(-110.5,0.,101.));
#8738=CARTESIAN_POINT('',(-111.3,-13.7698039201725,93.0500000000001));
#8739=CARTESIAN_POINT('Ctrl Pts',(-111.3,-13.7698039201725,93.0500000000001));
#8740=CARTESIAN_POINT('Ctrl Pts',(-110.850433928865,-13.7698039201726,93.9491321422693));
#8741=CARTESIAN_POINT('Ctrl Pts',(-110.5,-13.7698039201726,94.8030249314686));
#8742=CARTESIAN_POINT('Origin',(-111.3,0.,101.));
#8743=CARTESIAN_POINT('Origin',(-110.5,0.186165851779201,91.0000000000001));
#8744=CARTESIAN_POINT('',(-110.5,-13.7698039201726,96.0000000000001));
#8745=CARTESIAN_POINT('',(-110.5,-15.0933760305639,96.0000000000001));
#8746=CARTESIAN_POINT('',(-110.5,-13.7698039201726,108.95));
#8747=CARTESIAN_POINT('Origin',(-121.5,-13.7698039201726,95.0508403954845));
#8748=CARTESIAN_POINT('',(-121.5,-13.7698039201726,96.0000000000001));
#8749=CARTESIAN_POINT('',(-114.5,-13.7698039201726,94.8030249314686));
#8750=CARTESIAN_POINT('',(-114.5,-13.7698039201726,108.95));
#8751=CARTESIAN_POINT('',(-113.7,-13.7698039201725,93.0500000000001));
#8752=CARTESIAN_POINT('Ctrl Pts',(-114.5,-13.7698039201726,94.8030249314687));
#8753=CARTESIAN_POINT('Ctrl Pts',(-114.149566071135,-13.7698039201726,93.9491321422694));
#8754=CARTESIAN_POINT('Ctrl Pts',(-113.7,-13.7698039201725,93.0500000000001));
#8755=CARTESIAN_POINT('',(-110.5,-13.7698039201725,93.0500000000001));
#8756=CARTESIAN_POINT('Origin',(-114.1,0.,101.));
#8757=CARTESIAN_POINT('',(-113.7,15.0933760305639,96.0000000000001));
#8758=CARTESIAN_POINT('',(-114.5,14.2481577756565,96.0000000000001));
#8759=CARTESIAN_POINT('Ctrl Pts',(-113.7,15.0933760305639,96.0000000000001));
#8760=CARTESIAN_POINT('Ctrl Pts',(-114.111522482232,14.6598608611118,96.0000000000001));
#8761=CARTESIAN_POINT('Ctrl Pts',(-114.5,14.2481577756565,96.0000000000001));
#8762=CARTESIAN_POINT('Origin',(-113.7,0.,101.));
#8763=CARTESIAN_POINT('Origin',(-114.5,0.,101.));
#8764=CARTESIAN_POINT('Origin',(-114.5,0.661786055195659,90.5500000000001));
#8765=CARTESIAN_POINT('',(-114.5,-15.0933760305639,96.0000000000001));
#8766=CARTESIAN_POINT('Origin',(-110.5,0.,101.));
#8767=CARTESIAN_POINT('',(-110.5,15.0933760305639,96.0000000000001));
#8768=CARTESIAN_POINT('Origin',(-121.5,-13.7698039201726,96.0000000000001));
#8769=CARTESIAN_POINT('Origin',(-114.3,0.,101.));
#8770=CARTESIAN_POINT('',(-114.1,-13.7698039201726,108.95));
#8771=CARTESIAN_POINT('',(-114.5,-13.7698039201726,108.116354403766));
#8772=CARTESIAN_POINT('Ctrl Pts',(-114.1,-13.7698039201726,108.95));
#8773=CARTESIAN_POINT('Ctrl Pts',(-114.31106632134,-13.7698039201726,108.527867357321));
#8774=CARTESIAN_POINT('Ctrl Pts',(-114.5,-13.7698039201726,108.116354403766));
#8775=CARTESIAN_POINT('',(-114.1,15.0933760305639,106.));
#8776=CARTESIAN_POINT('Origin',(-114.1,0.,101.));
#8777=CARTESIAN_POINT('',(-114.5,14.6714007511212,106.));
#8778=CARTESIAN_POINT('Ctrl Pts',(-114.5,14.6714007511212,106.));
#8779=CARTESIAN_POINT('Ctrl Pts',(-114.302835400314,14.8797006501551,106.));
#8780=CARTESIAN_POINT('Ctrl Pts',(-114.1,15.0933760305639,106.));
#8781=CARTESIAN_POINT('Origin',(-114.5,0.,101.));
#8782=CARTESIAN_POINT('Origin',(-110.5,0.,101.));
#8783=CARTESIAN_POINT('',(-111.3,-13.7698039201726,108.95));
#8784=CARTESIAN_POINT('',(-110.5,-13.7698039201726,108.95));
#8785=CARTESIAN_POINT('',(-111.3,15.0933760305639,106.));
#8786=CARTESIAN_POINT('Origin',(-111.3,0.,101.));
#8787=CARTESIAN_POINT('',(-110.5,15.0933760305639,106.));
#8788=CARTESIAN_POINT('Origin',(-121.5,14.142135623731,106.));
#8789=CARTESIAN_POINT('',(-110.5,14.2481577756565,106.));
#8790=CARTESIAN_POINT('Ctrl Pts',(-111.3,15.0933760305639,106.));
#8791=CARTESIAN_POINT('Ctrl Pts',(-110.888477517764,14.6598608611078,106.));
#8792=CARTESIAN_POINT('Ctrl Pts',(-110.5,14.2481577756565,106.));
#8793=CARTESIAN_POINT('',(-110.5,-13.7698039201726,106.));
#8794=CARTESIAN_POINT('',(-110.5,-15.0933760305639,106.));
#8795=CARTESIAN_POINT('',(-121.5,-13.7698039201726,106.));
#8796=CARTESIAN_POINT('',(-114.5,-15.0933760305639,106.));
#8797=CARTESIAN_POINT('Origin',(-110.9,0.,101.));
#8798=CARTESIAN_POINT('',(-110.5,-13.7698039201726,107.196975068531));
#8799=CARTESIAN_POINT('Ctrl Pts',(-110.5,-13.7698039201726,107.196975068531));
#8800=CARTESIAN_POINT('Ctrl Pts',(-110.850433928865,-13.7698039201726,108.050867857731));
#8801=CARTESIAN_POINT('Ctrl Pts',(-111.3,-13.7698039201726,108.95));
#8802=CARTESIAN_POINT('Origin',(-110.5,0.,101.));
#8803=CARTESIAN_POINT('Origin',(-114.5,0.661786055195659,111.45));
#8804=CARTESIAN_POINT('',(-114.5,-13.7698039201726,108.95));
#8805=CARTESIAN_POINT('Origin',(-121.5,-13.7698039201726,106.));
#8806=CARTESIAN_POINT('',(-110.5,-13.7698039201726,108.95));
#8807=CARTESIAN_POINT('Origin',(-110.5,0.186165851779183,111.));
#8808=CARTESIAN_POINT('Origin',(123.5,0.,101.));
#8809=CARTESIAN_POINT('',(124.964101615138,15.,128.383196954757));
#8810=CARTESIAN_POINT('',(127.5,15.,124.048861143232));
#8811=CARTESIAN_POINT('Ctrl Pts',(127.5,15.,124.048861143232));
#8812=CARTESIAN_POINT('Ctrl Pts',(127.5,15.,124.355654976359));
#8813=CARTESIAN_POINT('Ctrl Pts',(127.473656177076,15.,124.691328549974));
#8814=CARTESIAN_POINT('Ctrl Pts',(127.356503167229,15.,125.350894761113));
#8815=CARTESIAN_POINT('Ctrl Pts',(127.265502801187,15.,125.674753426861));
#8816=CARTESIAN_POINT('Ctrl Pts',(127.058226249498,15.,126.21997162305));
#8817=CARTESIAN_POINT('Ctrl Pts',(126.927987172703,15.,126.494031371601));
#8818=CARTESIAN_POINT('Ctrl Pts',(126.614578443558,15.,127.009475025417));
#8819=CARTESIAN_POINT('Ctrl Pts',(126.431207487646,15.,127.250736503776));
#8820=CARTESIAN_POINT('Ctrl Pts',(126.07283113903,15.,127.639078202196));
#8821=CARTESIAN_POINT('Ctrl Pts',(125.868514671688,15.,127.825184863778));
#8822=CARTESIAN_POINT('Ctrl Pts',(125.427590418753,15.,128.145998343529));
#8823=CARTESIAN_POINT('Ctrl Pts',(125.191377257633,15.,128.281271839723));
#8824=CARTESIAN_POINT('Ctrl Pts',(124.964101615138,15.,128.383196954757));
#8825=CARTESIAN_POINT('',(127.5,-15.,77.9511388567678));
#8826=CARTESIAN_POINT('Origin',(127.5,0.,101.));
#8827=CARTESIAN_POINT('',(123.5,-15.,73.300722031071));
#8828=CARTESIAN_POINT('Ctrl Pts',(127.5,-15.,77.9511388567679));
#8829=CARTESIAN_POINT('Ctrl Pts',(127.5,-15.,77.6443450236414));
#8830=CARTESIAN_POINT('Ctrl Pts',(127.473656177076,-15.,77.3086714500261));
#8831=CARTESIAN_POINT('Ctrl Pts',(127.356503167229,-15.,76.6491052388873));
#8832=CARTESIAN_POINT('Ctrl Pts',(127.265502801187,-15.,76.325246573139));
#8833=CARTESIAN_POINT('Ctrl Pts',(127.058226249498,-15.,75.7800283769502));
#8834=CARTESIAN_POINT('Ctrl Pts',(126.927987172703,-15.,75.5059686283992));
#8835=CARTESIAN_POINT('Ctrl Pts',(126.614578443558,-15.,74.9905249745831));
#8836=CARTESIAN_POINT('Ctrl Pts',(126.431207487646,-15.,74.7492634962237));
#8837=CARTESIAN_POINT('Ctrl Pts',(126.07283113903,-15.,74.3609217978045));
#8838=CARTESIAN_POINT('Ctrl Pts',(125.868514671688,-15.,74.1748151362223));
#8839=CARTESIAN_POINT('Ctrl Pts',(125.424535055,-15.,73.8517785946397));
#8840=CARTESIAN_POINT('Ctrl Pts',(125.184761434563,-15.,73.7150005727806));
#8841=CARTESIAN_POINT('Ctrl Pts',(124.739293502063,-15.,73.516727079702));
#8842=CARTESIAN_POINT('Ctrl Pts',(124.49449065588,-15.,73.4340558642089));
#8843=CARTESIAN_POINT('Ctrl Pts',(123.992681990836,-15.,73.3260191193943));
#8844=CARTESIAN_POINT('Ctrl Pts',(123.735661439434,-15.,73.300722031071));
#8845=CARTESIAN_POINT('Ctrl Pts',(123.5,-15.,73.300722031071));
#8846=CARTESIAN_POINT('',(123.500000014206,13.7016903776407,129.363950373586));
#8847=CARTESIAN_POINT('Origin',(123.5,0.,101.));
#8848=CARTESIAN_POINT('Ctrl Pts',(124.964101615139,15.0000000000005,128.383196954756));
#8849=CARTESIAN_POINT('Ctrl Pts',(124.56532652266,14.7255152010492,128.71239113605));
#8850=CARTESIAN_POINT('Ctrl Pts',(124.15553481976,14.3903161789355,128.986503636737));
#8851=CARTESIAN_POINT('Ctrl Pts',(123.67036506344,13.8902735322433,129.269308689931));
#8852=CARTESIAN_POINT('Ctrl Pts',(123.584182351158,13.7971441585675,129.317839794881));
#8853=CARTESIAN_POINT('Ctrl Pts',(123.500000022919,13.7016903714124,129.363950376595));
#8854=CARTESIAN_POINT('Origin',(121.5,0.,101.));
#8855=CARTESIAN_POINT('',(121.5,-15.,73.300722031071));
#8856=CARTESIAN_POINT('',(121.5,-15.,73.300722031071));
#8857=CARTESIAN_POINT('',(121.5,8.41018772329561,131.356527180475));
#8858=CARTESIAN_POINT('Origin',(121.5,0.,101.));
#8859=CARTESIAN_POINT('Ctrl Pts',(121.5,8.41018772329562,131.356527180475));
#8860=CARTESIAN_POINT('Ctrl Pts',(121.5,9.45341617574834,131.067503766458));
#8861=CARTESIAN_POINT('Ctrl Pts',(121.714975605828,10.5468886608117,130.701168489643));
#8862=CARTESIAN_POINT('Ctrl Pts',(122.477968725201,12.3396348442337,129.995109541379));
#8863=CARTESIAN_POINT('Ctrl Pts',(122.948402741781,13.0762378498368,129.666085892941));
#8864=CARTESIAN_POINT('Ctrl Pts',(123.500000022918,13.7016903714112,129.363950376596));
#8865=CARTESIAN_POINT('Origin',(121.5,-15.,128.699277968929));
#8866=CARTESIAN_POINT('',(127.5,-15.,97.9903810567666));
#8867=CARTESIAN_POINT('',(127.5,-15.,128.699277968929));
#8868=CARTESIAN_POINT('',(130.035898384862,-15.,97.9903810567666));
#8869=CARTESIAN_POINT('',(127.5,-15.,97.9903810567666));
#8870=CARTESIAN_POINT('',(130.035898384862,-15.,171.5));
#8871=CARTESIAN_POINT('',(130.035898384862,-15.,150.099638984465));
#8872=CARTESIAN_POINT('',(91.5,-15.,210.035898384862));
#8873=CARTESIAN_POINT('Origin',(91.5,-15.,171.5));
#8874=CARTESIAN_POINT('',(60.7500000000001,-15.,210.035898384862));
#8875=CARTESIAN_POINT('',(91.5,-15.,204.964101615138));
#8876=CARTESIAN_POINT('',(106.5,-15.,204.964101615138));
#8877=CARTESIAN_POINT('',(124.964101615138,-15.,171.5));
#8878=CARTESIAN_POINT('Origin',(91.5,-15.,171.5));
#8879=CARTESIAN_POINT('',(124.964101615138,-15.,123.31698230065));
#8880=CARTESIAN_POINT('',(124.964101615138,-15.,114.849638984465));
#8881=CARTESIAN_POINT('',(125.47534407306,-15.,122.692366265149));
#8882=CARTESIAN_POINT('Ctrl Pts',(125.47534407306,-15.,122.692366265149));
#8883=CARTESIAN_POINT('Ctrl Pts',(125.308394343161,-15.,122.897331396147));
#8884=CARTESIAN_POINT('Ctrl Pts',(125.138060455032,-15.,123.105455193543));
#8885=CARTESIAN_POINT('Ctrl Pts',(124.964137129012,-15.,123.316947058636));
#8886=CARTESIAN_POINT('',(125.7,-15.,122.416554908506));
#8887=CARTESIAN_POINT('Ctrl Pts',(125.7,-15.,122.416554908506));
#8888=CARTESIAN_POINT('Ctrl Pts',(125.62511469102,-15.,122.508492027387));
#8889=CARTESIAN_POINT('Ctrl Pts',(125.55022938204,-15.,122.600429146268));
#8890=CARTESIAN_POINT('Ctrl Pts',(125.47534407306,-15.,122.692366265149));
#8891=CARTESIAN_POINT('',(125.7,-15.,118.478095139922));
#8892=CARTESIAN_POINT('',(125.7,-15.,124.395580530483));
#8893=CARTESIAN_POINT('',(121.5,-15.,118.478095139922));
#8894=CARTESIAN_POINT('',(120.5,-15.,118.478095139922));
#8895=CARTESIAN_POINT('',(121.5,-15.,128.699277968929));
#8896=CARTESIAN_POINT('Origin',(129.5,-8.4101877232956,114.849638984465));
#8897=CARTESIAN_POINT('',(123.042538529314,-13.132601459946,125.177524609708));
#8898=CARTESIAN_POINT('Ctrl Pts',(123.04253854467,-13.1326014655382,125.177524583758));
#8899=CARTESIAN_POINT('Ctrl Pts',(123.164178929138,-13.2989333748089,125.07661543015));
#8900=CARTESIAN_POINT('Ctrl Pts',(123.289886622182,-13.4573377516875,124.967992878243));
#8901=CARTESIAN_POINT('Ctrl Pts',(123.418734319115,-13.60806899466,124.85267373247));
#8902=CARTESIAN_POINT('Ctrl Pts',(123.541145713407,-13.7512707906958,124.74311510039));
#8903=CARTESIAN_POINT('Ctrl Pts',(123.666390913425,-13.8875470467513,124.627513178203));
#8904=CARTESIAN_POINT('Ctrl Pts',(123.793719713239,-14.0171248662389,124.506731734512));
#8905=CARTESIAN_POINT('Ctrl Pts',(123.914636266317,-14.1401771789183,124.39203281433));
#8906=CARTESIAN_POINT('Ctrl Pts',(124.037431790637,-14.257188838397,124.272663446667));
#8907=CARTESIAN_POINT('Ctrl Pts',(124.1615079156,-14.3683608183642,124.149345421363));
#8908=CARTESIAN_POINT('Ctrl Pts',(124.18214116752,-14.3868481741697,124.128838237703));
#8909=CARTESIAN_POINT('Ctrl Pts',(124.20280993738,-14.4051740523362,124.108221806042));
#8910=CARTESIAN_POINT('Ctrl Pts',(124.223511600238,-14.4233393926139,124.087499380342));
#8911=CARTESIAN_POINT('Ctrl Pts',(124.346059650559,-14.5308731231004,123.964828419807));
#8912=CARTESIAN_POINT('Ctrl Pts',(124.469872124139,-14.6328875111958,123.838331110262));
#8913=CARTESIAN_POINT('Ctrl Pts',(124.594466412235,-14.7296106635386,123.708623773658));
#8914=CARTESIAN_POINT('Ctrl Pts',(124.717072540714,-14.8247903978932,123.580986185936));
#8915=CARTESIAN_POINT('Ctrl Pts',(124.840435665312,-14.9148464595597,123.450240474853));
#8916=CARTESIAN_POINT('Ctrl Pts',(124.964137129012,-15.,123.316947058636));
#8917=CARTESIAN_POINT('',(121.5,-8.4101877232956,171.5));
#8918=CARTESIAN_POINT('Origin',(129.5,-8.4101877232956,171.5));
#8919=CARTESIAN_POINT('',(121.5,-8.41018772329559,128.812744688295));
#8920=CARTESIAN_POINT('',(121.5,-8.4101877232956,114.849638984465));
#8921=CARTESIAN_POINT('Ctrl Pts',(121.5,-8.41018772329558,128.812744688295));
#8922=CARTESIAN_POINT('Ctrl Pts',(121.5,-8.80818732106817,128.692395137447));
#8923=CARTESIAN_POINT('Ctrl Pts',(121.530250731565,-9.20307957879315,128.531841414306));
#8924=CARTESIAN_POINT('Ctrl Pts',(121.685152737315,-10.2505413423272,128.000657046867));
#8925=CARTESIAN_POINT('Ctrl Pts',(121.866232131258,-10.8656702355562,127.561017518887));
#8926=CARTESIAN_POINT('Ctrl Pts',(122.335881395922,-12.0415260799409,126.536446122719));
#8927=CARTESIAN_POINT('Ctrl Pts',(122.668063578991,-12.6205417857037,125.88181357397));
#8928=CARTESIAN_POINT('Ctrl Pts',(123.042538533462,-13.1326014502126,125.177524604837));
#8929=CARTESIAN_POINT('Origin',(91.5,-8.4101877232956,171.5));
#8930=CARTESIAN_POINT('',(91.5,-8.41018772329559,201.5));
#8931=CARTESIAN_POINT('Origin',(91.5,-8.41018772329559,209.5));
#8932=CARTESIAN_POINT('Origin',(91.5,-8.4101877232956,171.5));
#8933=CARTESIAN_POINT('Origin',(106.5,-8.41018772329562,209.5));
#8934=CARTESIAN_POINT('',(-106.5,-8.41018772329562,201.5));
#8935=CARTESIAN_POINT('Origin',(91.5,-15.,201.5));
#8936=CARTESIAN_POINT('',(91.5,8.41018772329565,201.5));
#8937=CARTESIAN_POINT('',(-79.125,8.41018772329565,201.5));
#8938=CARTESIAN_POINT('',(91.5,-15.,201.5));
#8939=CARTESIAN_POINT('Origin',(79.125,8.41018772329564,209.5));
#8940=CARTESIAN_POINT('',(91.5,15.,204.964101615138));
#8941=CARTESIAN_POINT('',(-79.125,15.,204.964101615138));
#8942=CARTESIAN_POINT('Origin',(91.5,8.41018772329564,209.5));
#8943=CARTESIAN_POINT('Origin',(91.5,8.41018772329561,171.5));
#8944=CARTESIAN_POINT('',(124.964101615138,15.,171.5));
#8945=CARTESIAN_POINT('',(121.5,8.41018772329561,171.5));
#8946=CARTESIAN_POINT('Origin',(129.5,8.41018772329561,171.5));
#8947=CARTESIAN_POINT('Origin',(91.5,8.41018772329561,171.5));
#8948=CARTESIAN_POINT('Origin',(91.5,15.,171.5));
#8949=CARTESIAN_POINT('Origin',(129.5,8.41018772329561,125.125));
#8950=CARTESIAN_POINT('',(121.5,8.41018772329561,125.125));
#8951=CARTESIAN_POINT('',(124.964101615138,15.,125.125));
#8952=CARTESIAN_POINT('Origin',(121.5,8.25000000000002,101.));
#8953=CARTESIAN_POINT('',(121.5,-15.,171.5));
#8954=CARTESIAN_POINT('',(121.5,-13.3956277890985,120.672243291906));
#8955=CARTESIAN_POINT('',(121.5,-14.7126803710511,118.871035025444));
#8956=CARTESIAN_POINT('',(121.5,0.,77.2000000000001));
#8957=CARTESIAN_POINT('Origin',(121.5,0.,101.));
#8958=CARTESIAN_POINT('',(121.5,1.77635683940025E-14,71.9435028842545));
#8959=CARTESIAN_POINT('',(121.5,0.,87.5000000000001));
#8960=CARTESIAN_POINT('Origin',(121.5,0.,101.));
#8961=CARTESIAN_POINT('',(121.5,-13.7698039201726,110.969578727308));
#8962=CARTESIAN_POINT('',(121.5,16.248076809272,106.));
#8963=CARTESIAN_POINT('Origin',(121.5,0.,101.));
#8964=CARTESIAN_POINT('',(121.5,-13.7698039201726,106.));
#8965=CARTESIAN_POINT('',(121.5,-13.7698039201726,108.95));
#8966=CARTESIAN_POINT('',(121.5,-15.0933760305639,106.));
#8967=CARTESIAN_POINT('',(121.5,16.248076809272,96.0000000000001));
#8968=CARTESIAN_POINT('',(121.5,-13.7698039201726,91.0304212726917));
#8969=CARTESIAN_POINT('Origin',(121.5,0.,101.));
#8970=CARTESIAN_POINT('',(121.5,-13.7698039201726,96.0000000000001));
#8971=CARTESIAN_POINT('',(121.5,-15.0933760305639,96.0000000000001));
#8972=CARTESIAN_POINT('',(121.5,-13.7698039201726,108.95));
#8973=CARTESIAN_POINT('Origin',(66.75,15.,149.25));
#8974=CARTESIAN_POINT('',(91.5,15.,210.035898384862));
#8975=CARTESIAN_POINT('',(-33.375,15.,210.035898384862));
#8976=CARTESIAN_POINT('',(130.035898384862,15.,171.5));
#8977=CARTESIAN_POINT('Origin',(91.5,15.,171.5));
#8978=CARTESIAN_POINT('',(130.035898384862,15.,102.009618943233));
#8979=CARTESIAN_POINT('',(130.035898384862,15.,160.375));
#8980=CARTESIAN_POINT('',(127.5,15.,102.009618943233));
#8981=CARTESIAN_POINT('',(66.75,15.,102.009618943233));
#8982=CARTESIAN_POINT('',(127.5,15.,125.125));
#8983=CARTESIAN_POINT('Ctrl Pts',(125.304336823287,-13.1581346464677,122.553076162382));
#8984=CARTESIAN_POINT('Ctrl Pts',(124.610638698203,-13.1491962830665,123.371288296255));
#8985=CARTESIAN_POINT('Ctrl Pts',(123.861293186737,-13.1406843506506,124.241393569714));
#8986=CARTESIAN_POINT('Ctrl Pts',(123.042538525132,-13.1326014653453,125.177524606097));
#8987=CARTESIAN_POINT('Ctrl Pts',(125.361339239878,-13.7720897643118,122.599506196638));
#8988=CARTESIAN_POINT('Ctrl Pts',(124.672799328957,-13.7661308553777,123.422533892272));
#8989=CARTESIAN_POINT('Ctrl Pts',(123.928544421469,-13.7604562337671,124.297533290421));
#8990=CARTESIAN_POINT('Ctrl Pts',(123.114812403733,-13.7550676435636,125.238605855156));
#8991=CARTESIAN_POINT('Ctrl Pts',(125.418341656469,-14.3860448821559,122.645936230893));
#8992=CARTESIAN_POINT('Ctrl Pts',(124.73495995971,-14.3830654276888,123.473779488289));
#8993=CARTESIAN_POINT('Ctrl Pts',(123.9957956562,-14.3802281168835,124.353673011129));
#8994=CARTESIAN_POINT('Ctrl Pts',(123.187086282334,-14.3775338217818,125.299687104215));
#8995=CARTESIAN_POINT('Ctrl Pts',(125.47534407306,-15.,122.692366265149));
#8996=CARTESIAN_POINT('Ctrl Pts',(124.797120590463,-15.,123.525025084306));
#8997=CARTESIAN_POINT('Ctrl Pts',(124.063046890931,-15.,124.409812731837));
#8998=CARTESIAN_POINT('Ctrl Pts',(123.259360160936,-15.,125.360768353275));
#8999=CARTESIAN_POINT('',(124.699999999999,-13.1506284940459,123.262511388165));
#9000=CARTESIAN_POINT('Ctrl Pts',(123.042538525132,-13.1326014653453,125.177524606097));
#9001=CARTESIAN_POINT('Ctrl Pts',(123.628961059279,-13.1383907283642,124.507032747677));
#9002=CARTESIAN_POINT('Ctrl Pts',(124.179776997491,-13.1444000907082,123.870411822082));
#9003=CARTESIAN_POINT('Ctrl Pts',(124.700042777835,-13.1506285911433,123.262469127568));
#9004=CARTESIAN_POINT('',(124.775769839333,-13.1515396786794,123.173923941899));
#9005=CARTESIAN_POINT('Ctrl Pts',(124.7758059401,-13.1515397609798,123.173888279201));
#9006=CARTESIAN_POINT('Ctrl Pts',(124.750623560102,-13.151235518472,123.203347667715));
#9007=CARTESIAN_POINT('Ctrl Pts',(124.725369367117,-13.1509317951562,123.232874417494));
#9008=CARTESIAN_POINT('Ctrl Pts',(124.700042777835,-13.1506285911433,123.262469127568));
#9009=CARTESIAN_POINT('',(125.424115256396,-14.4482305127921,122.650638986643));
#9010=CARTESIAN_POINT('Ctrl Pts',(125.424115256392,-14.4482305127533,122.650638986641));
#9011=CARTESIAN_POINT('Ctrl Pts',(125.362972257733,-14.3259350227186,122.701822357644));
#9012=CARTESIAN_POINT('Ctrl Pts',(125.301222664823,-14.2024417431191,122.752972776976));
#9013=CARTESIAN_POINT('Ctrl Pts',(125.239317907744,-14.0786265497251,122.803710398724));
#9014=CARTESIAN_POINT('Ctrl Pts',(125.085294133354,-13.7705648705728,122.92994948557));
#9015=CARTESIAN_POINT('Ctrl Pts',(124.930730375765,-13.4614112055198,123.053315847595));
#9016=CARTESIAN_POINT('Ctrl Pts',(124.775805937033,-13.1515397609427,123.173888282788));
#9017=CARTESIAN_POINT('Ctrl Pts',(125.47534407306,-15.,122.692366265149));
#9018=CARTESIAN_POINT('Ctrl Pts',(125.458267800839,-14.8160768375974,122.678457172314));
#9019=CARTESIAN_POINT('Ctrl Pts',(125.441191528618,-14.6321536751947,122.664548079479));
#9020=CARTESIAN_POINT('Ctrl Pts',(125.424115256396,-14.4482305127921,122.650638986643));
#9021=CARTESIAN_POINT('Origin',(125.5,-23.3333545190419,125.60379903464));
#9022=CARTESIAN_POINT('',(130.035898384862,-12.9903810567666,94.5096189432334));
#9023=CARTESIAN_POINT('',(130.035898384862,-29.0402993568385,122.308892896288));
#9024=CARTESIAN_POINT('',(133.5,-7.28343621897002,97.8045250815857));
#9025=CARTESIAN_POINT('Origin',(125.5,-7.28343621897,97.8045250815857));
#9026=CARTESIAN_POINT('',(133.5,-8.41018772329559,99.7561159345823));
#9027=CARTESIAN_POINT('',(133.5,-23.3333545190419,125.60379903464));
#9028=CARTESIAN_POINT('Origin',(125.5,-8.41018772329559,99.7561159345823));
#9029=CARTESIAN_POINT('Origin',(125.5,-8.41018772329557,150.099638984465));
#9030=CARTESIAN_POINT('',(133.5,-8.4101877232956,171.5));
#9031=CARTESIAN_POINT('',(133.5,-8.41018772329557,150.099638984465));
#9032=CARTESIAN_POINT('Origin',(125.5,-8.4101877232956,171.5));
#9033=CARTESIAN_POINT('Origin',(91.5,-8.4101877232956,171.5));
#9034=CARTESIAN_POINT('',(91.5,-8.41018772329555,213.5));
#9035=CARTESIAN_POINT('Origin',(91.5,-8.41018772329559,205.5));
#9036=CARTESIAN_POINT('Origin',(91.5,-8.4101877232956,171.5));
#9037=CARTESIAN_POINT('Origin',(125.5,3.5527136788005E-14,102.009618943233));
#9038=CARTESIAN_POINT('',(133.5,8.41018772329564,102.009618943233));
#9039=CARTESIAN_POINT('Origin',(125.5,8.41018772329565,102.009618943233));
#9040=CARTESIAN_POINT('Origin',(133.5,3.5527136788005E-14,102.009618943233));
#9041=CARTESIAN_POINT('Origin',(130.035898384862,3.5527136788005E-14,102.009618943233));
#9042=CARTESIAN_POINT('Origin',(60.7500000000001,-8.41018772329562,205.5));
#9043=CARTESIAN_POINT('',(60.7500000000001,-8.41018772329559,213.5));
#9044=CARTESIAN_POINT('Origin',(125.5,8.4101877232956,160.375));
#9045=CARTESIAN_POINT('',(133.5,8.41018772329563,171.5));
#9046=CARTESIAN_POINT('Origin',(125.5,8.41018772329563,171.5));
#9047=CARTESIAN_POINT('',(133.5,8.4101877232956,160.375));
#9048=CARTESIAN_POINT('Origin',(91.5,8.41018772329561,171.5));
#9049=CARTESIAN_POINT('',(91.5,8.41018772329562,213.5));
#9050=CARTESIAN_POINT('Origin',(91.5,8.4101877232956,205.5));
#9051=CARTESIAN_POINT('Origin',(91.5,8.41018772329561,171.5));
#9052=CARTESIAN_POINT('Origin',(33.375,8.41018772329562,205.5));
#9053=CARTESIAN_POINT('',(33.375,8.41018772329562,213.5));
#9054=CARTESIAN_POINT('Origin',(66.75,3.5527136788005E-14,102.009618943233));
#9055=CARTESIAN_POINT('',(127.5,-12.9903810567666,94.5096189432334));
#9056=CARTESIAN_POINT('',(66.75,-12.9903810567666,94.5096189432334));
#9057=CARTESIAN_POINT('Origin',(127.5,3.5527136788005E-14,102.009618943233));
#9058=CARTESIAN_POINT('Origin',(127.5,-11.25,91.4951905283833));
#9059=CARTESIAN_POINT('',(127.5,-10.8703516151377,90.8376202367905));
#9060=CARTESIAN_POINT('Origin',(120.5,-14.1978138945492,119.575169215914));
#9061=CARTESIAN_POINT('',(124.897813894549,-13.3956277890985,120.672243291906));
#9062=CARTESIAN_POINT('',(120.5,-13.3956277890985,120.672243291906));
#9063=CARTESIAN_POINT('',(125.7,-15.,118.478095139922));
#9064=CARTESIAN_POINT('Origin',(125.2,-14.,124.395580530483));
#9065=CARTESIAN_POINT('Ctrl Pts',(125.7,-15.,122.416554908506));
#9066=CARTESIAN_POINT('Ctrl Pts',(125.610315915781,-14.820631831562,122.4936371174));
#9067=CARTESIAN_POINT('Ctrl Pts',(125.51789511898,-14.635790237959,122.572133238251));
#9068=CARTESIAN_POINT('Ctrl Pts',(125.424115256396,-14.448230512792,122.650638986643));
#9069=CARTESIAN_POINT('',(124.7,-13.,123.350804081656));
#9070=CARTESIAN_POINT('Origin',(107.414500961418,21.5709980771635,101.));
#9071=CARTESIAN_POINT('',(124.7,-13.,120.935897271003));
#9072=CARTESIAN_POINT('',(124.7,-13.,124.395580530483));
#9073=CARTESIAN_POINT('Origin',(118.2,0.,101.));
#9074=CARTESIAN_POINT('Ctrl Pts',(125.650334610808,-14.4490881800035,122.376101084626));
#9075=CARTESIAN_POINT('Ctrl Pts',(125.57494958839,-14.4488126536135,122.467631173184));
#9076=CARTESIAN_POINT('Ctrl Pts',(125.499542974977,-14.4485265590323,122.559143675283));
#9077=CARTESIAN_POINT('Ctrl Pts',(125.424115256393,-14.4482305127533,122.65063898664));
#9078=CARTESIAN_POINT('Ctrl Pts',(125.666889740539,-14.6327254533357,122.389585692586));
#9079=CARTESIAN_POINT('Ctrl Pts',(125.591671289267,-14.6325417690757,122.481251457918));
#9080=CARTESIAN_POINT('Ctrl Pts',(125.516438443998,-14.6323510393549,122.572905498945));
#9081=CARTESIAN_POINT('Ctrl Pts',(125.441191528615,-14.6321536751689,122.664548079477));
#9082=CARTESIAN_POINT('Ctrl Pts',(125.683444870269,-14.8163627266678,122.403070300546));
#9083=CARTESIAN_POINT('Ctrl Pts',(125.608392990143,-14.8162708845379,122.494871742653));
#9084=CARTESIAN_POINT('Ctrl Pts',(125.533333913019,-14.8161755196774,122.586667322606));
#9085=CARTESIAN_POINT('Ctrl Pts',(125.458267800838,-14.8160768375844,122.678457172313));
#9086=CARTESIAN_POINT('Ctrl Pts',(125.7,-15.,122.416554908506));
#9087=CARTESIAN_POINT('Ctrl Pts',(125.62511469102,-15.,122.508492027387));
#9088=CARTESIAN_POINT('Ctrl Pts',(125.55022938204,-15.,122.600429146268));
#9089=CARTESIAN_POINT('Ctrl Pts',(125.47534407306,-15.,122.692366265149));
#9090=CARTESIAN_POINT('Origin',(120.5,0.,101.));
#9091=CARTESIAN_POINT('',(124.7,0.,77.2000000000001));
#9092=CARTESIAN_POINT('Origin',(124.7,0.,101.));
#9093=CARTESIAN_POINT('',(120.5,0.,77.2000000000001));
#9094=CARTESIAN_POINT('Origin',(124.7,19.0918830920368,120.091883092037));
#9095=CARTESIAN_POINT('',(124.7,1.77635683940025E-14,75.1435028842545));
#9096=CARTESIAN_POINT('Origin',(124.7,0.,101.));
#9097=CARTESIAN_POINT('',(124.7,1.77635683940025E-14,74.0000000000001));
#9098=CARTESIAN_POINT('Origin',(122.528248557873,0.,101.));
#9099=CARTESIAN_POINT('',(122.528248557873,1.77635683940025E-14,72.9717514421273));
#9100=CARTESIAN_POINT('Origin',(122.6,1.77635683940025E-14,74.0000000000001));
#9101=CARTESIAN_POINT('Origin',(91.5,-15.,171.5));
#9102=CARTESIAN_POINT('Origin',(133.5,-15.,171.5));
#9103=CARTESIAN_POINT('',(133.5,-15.,171.5));
#9104=CARTESIAN_POINT('Origin',(91.5,-15.,171.5));
#9105=CARTESIAN_POINT('',(91.5,-15.,213.5));
#9106=CARTESIAN_POINT('Origin',(-5.93999935679778E-27,-15.,213.5));
#9107=CARTESIAN_POINT('Origin',(119.5,0.,101.));
#9108=CARTESIAN_POINT('',(119.5,-13.7698039201726,95.0508403954845));
#9109=CARTESIAN_POINT('Ctrl Pts',(121.5,-13.7698039201726,91.0304212726917));
#9110=CARTESIAN_POINT('Ctrl Pts',(121.5,-13.7698039201726,91.5492796441983));
#9111=CARTESIAN_POINT('Ctrl Pts',(121.415169820201,-13.7698039201726,92.1661037800247));
#9112=CARTESIAN_POINT('Ctrl Pts',(121.161846219092,-13.7698039201726,93.1297005665554));
#9113=CARTESIAN_POINT('Ctrl Pts',(120.957667805184,-13.7698039201726,93.6650636972705));
#9114=CARTESIAN_POINT('Ctrl Pts',(120.552555223075,-13.7698039201726,94.3558190471547));
#9115=CARTESIAN_POINT('Ctrl Pts',(120.320409856418,-13.7698039201726,94.6666677878643));
#9116=CARTESIAN_POINT('Ctrl Pts',(119.973323258245,-13.7698039201726,94.9135874515068));
#9117=CARTESIAN_POINT('Ctrl Pts',(119.865191380462,-13.7698039201726,94.9725859501459));
#9118=CARTESIAN_POINT('Ctrl Pts',(119.686851981075,-13.7698039201725,95.032993916303));
#9119=CARTESIAN_POINT('Ctrl Pts',(119.585642449757,-13.7698039201726,95.0508403954845));
#9120=CARTESIAN_POINT('Ctrl Pts',(119.5,-13.7698039201726,95.0508403954845));
#9121=CARTESIAN_POINT('',(119.5,14.142135623731,96.0000000000001));
#9122=CARTESIAN_POINT('Origin',(119.5,0.,101.));
#9123=CARTESIAN_POINT('Ctrl Pts',(119.5,14.142135623731,96.0000000000001));
#9124=CARTESIAN_POINT('Ctrl Pts',(119.742542347763,14.142135623731,96.0000000000001));
#9125=CARTESIAN_POINT('Ctrl Pts',(120.027489063197,14.2014310503933,96.0000000000001));
#9126=CARTESIAN_POINT('Ctrl Pts',(120.48013436398,14.3955303641016,96.0000000000001));
#9127=CARTESIAN_POINT('Ctrl Pts',(120.726103052094,14.5672083969789,96.0000000000001));
#9128=CARTESIAN_POINT('Ctrl Pts',(121.079019542821,14.932382131382,96.0000000000001));
#9129=CARTESIAN_POINT('Ctrl Pts',(121.246257504747,15.1927510520943,96.0000000000001));
#9130=CARTESIAN_POINT('Ctrl Pts',(121.440350566524,15.6758044984886,96.0000000000001));
#9131=CARTESIAN_POINT('Ctrl Pts',(121.5,15.9853645881481,96.0000000000001));
#9132=CARTESIAN_POINT('Ctrl Pts',(121.5,16.248076809272,96.0000000000001));
#9133=CARTESIAN_POINT('Origin',(121.5,0.,101.));
#9134=CARTESIAN_POINT('',(114.5,-13.7698039201726,95.0508403954845));
#9135=CARTESIAN_POINT('',(121.5,-13.7698039201726,95.0508403954845));
#9136=CARTESIAN_POINT('',(114.5,14.142135623731,96.0000000000001));
#9137=CARTESIAN_POINT('Origin',(114.5,0.,101.));
#9138=CARTESIAN_POINT('',(121.5,14.142135623731,96.0000000000001));
#9139=CARTESIAN_POINT('Origin',(119.5,0.,101.));
#9140=CARTESIAN_POINT('',(119.5,14.142135623731,106.));
#9141=CARTESIAN_POINT('Ctrl Pts',(121.5,16.2480768092719,106.));
#9142=CARTESIAN_POINT('Ctrl Pts',(121.5,15.9853645881481,106.));
#9143=CARTESIAN_POINT('Ctrl Pts',(121.440350566524,15.6758044984886,106.));
#9144=CARTESIAN_POINT('Ctrl Pts',(121.246257504747,15.1927510520943,106.));
#9145=CARTESIAN_POINT('Ctrl Pts',(121.079019542821,14.932382131382,106.));
#9146=CARTESIAN_POINT('Ctrl Pts',(120.726103052094,14.5672083969789,106.));
#9147=CARTESIAN_POINT('Ctrl Pts',(120.48013436398,14.3955303641016,106.));
#9148=CARTESIAN_POINT('Ctrl Pts',(120.027489063197,14.2014310503933,106.));
#9149=CARTESIAN_POINT('Ctrl Pts',(119.742542347763,14.142135623731,106.));
#9150=CARTESIAN_POINT('Ctrl Pts',(119.5,14.142135623731,106.));
#9151=CARTESIAN_POINT('',(119.5,-13.7698039201726,106.949159604516));
#9152=CARTESIAN_POINT('Origin',(119.5,0.,101.));
#9153=CARTESIAN_POINT('Ctrl Pts',(119.5,-13.7698039201726,106.949159604516));
#9154=CARTESIAN_POINT('Ctrl Pts',(119.585642449757,-13.7698039201726,106.949159604516));
#9155=CARTESIAN_POINT('Ctrl Pts',(119.686851981075,-13.7698039201726,106.967006083697));
#9156=CARTESIAN_POINT('Ctrl Pts',(119.865191380462,-13.7698039201726,107.027414049854));
#9157=CARTESIAN_POINT('Ctrl Pts',(119.973323258245,-13.7698039201726,107.086412548493));
#9158=CARTESIAN_POINT('Ctrl Pts',(120.320409856418,-13.7698039201726,107.333332212136));
#9159=CARTESIAN_POINT('Ctrl Pts',(120.552555223075,-13.7698039201726,107.644180952845));
#9160=CARTESIAN_POINT('Ctrl Pts',(120.957667805184,-13.7698039201726,108.33493630273));
#9161=CARTESIAN_POINT('Ctrl Pts',(121.161846219092,-13.7698039201726,108.870299433445));
#9162=CARTESIAN_POINT('Ctrl Pts',(121.415169820201,-13.7698039201726,109.833896219975));
#9163=CARTESIAN_POINT('Ctrl Pts',(121.5,-13.7698039201726,110.450720355802));
#9164=CARTESIAN_POINT('Ctrl Pts',(121.5,-13.7698039201726,110.969578727308));
#9165=CARTESIAN_POINT('Origin',(121.5,0.,101.));
#9166=CARTESIAN_POINT('',(114.5,14.142135623731,106.));
#9167=CARTESIAN_POINT('',(121.5,14.142135623731,106.));
#9168=CARTESIAN_POINT('',(114.5,-13.7698039201726,106.949159604516));
#9169=CARTESIAN_POINT('Origin',(114.5,0.,101.));
#9170=CARTESIAN_POINT('',(121.5,-13.7698039201726,106.949159604516));
#9171=CARTESIAN_POINT('Origin',(127.5,8.25000000000002,101.));
#9172=CARTESIAN_POINT('Origin',(110.9,0.,101.));
#9173=CARTESIAN_POINT('',(110.5,14.2481577756565,96.0000000000001));
#9174=CARTESIAN_POINT('',(111.3,15.0933760305639,96.0000000000001));
#9175=CARTESIAN_POINT('Ctrl Pts',(110.5,14.2481577756565,96.));
#9176=CARTESIAN_POINT('Ctrl Pts',(110.888477517764,14.6598608611078,96.));
#9177=CARTESIAN_POINT('Ctrl Pts',(111.3,15.0933760305639,96.));
#9178=CARTESIAN_POINT('',(111.3,-13.7698039201725,93.0500000000001));
#9179=CARTESIAN_POINT('Origin',(111.3,0.,101.));
#9180=CARTESIAN_POINT('',(110.5,-13.7698039201726,94.8030249314686));
#9181=CARTESIAN_POINT('Ctrl Pts',(111.3,-13.7698039201726,93.05));
#9182=CARTESIAN_POINT('Ctrl Pts',(110.850433928865,-13.7698039201726,93.9491321422693));
#9183=CARTESIAN_POINT('Ctrl Pts',(110.5,-13.7698039201726,94.8030249314686));
#9184=CARTESIAN_POINT('Origin',(110.5,0.,101.));
#9185=CARTESIAN_POINT('Origin',(110.5,0.186165851779201,91.0000000000001));
#9186=CARTESIAN_POINT('',(110.5,-13.7698039201726,96.0000000000001));
#9187=CARTESIAN_POINT('',(110.5,-13.7698039201726,108.95));
#9188=CARTESIAN_POINT('',(110.5,-15.0933760305639,96.0000000000001));
#9189=CARTESIAN_POINT('Origin',(121.5,-13.7698039201726,95.0508403954845));
#9190=CARTESIAN_POINT('',(113.7,-13.7698039201725,93.0500000000001));
#9191=CARTESIAN_POINT('',(110.5,-13.7698039201725,93.0500000000001));
#9192=CARTESIAN_POINT('',(114.5,-13.7698039201726,94.8030249314686));
#9193=CARTESIAN_POINT('Ctrl Pts',(114.5,-13.7698039201726,94.8030249314686));
#9194=CARTESIAN_POINT('Ctrl Pts',(114.149566071135,-13.7698039201726,93.9491321422694));
#9195=CARTESIAN_POINT('Ctrl Pts',(113.7,-13.7698039201726,93.0500000000001));
#9196=CARTESIAN_POINT('',(114.5,-13.7698039201726,108.95));
#9197=CARTESIAN_POINT('',(121.5,-13.7698039201726,96.0000000000001));
#9198=CARTESIAN_POINT('Origin',(114.1,0.,101.));
#9199=CARTESIAN_POINT('',(113.7,15.0933760305639,96.0000000000001));
#9200=CARTESIAN_POINT('',(114.5,14.2481577756565,96.0000000000001));
#9201=CARTESIAN_POINT('Ctrl Pts',(113.7,15.0933760305639,96.));
#9202=CARTESIAN_POINT('Ctrl Pts',(114.111522482232,14.6598608611118,96.));
#9203=CARTESIAN_POINT('Ctrl Pts',(114.5,14.2481577756565,96.));
#9204=CARTESIAN_POINT('Origin',(114.5,0.,101.));
#9205=CARTESIAN_POINT('Origin',(113.7,0.,101.));
#9206=CARTESIAN_POINT('Origin',(114.5,0.661786055195659,90.5500000000001));
#9207=CARTESIAN_POINT('',(114.5,-15.0933760305639,96.0000000000001));
#9208=CARTESIAN_POINT('Origin',(110.5,0.,101.));
#9209=CARTESIAN_POINT('',(110.5,15.0933760305639,96.0000000000001));
#9210=CARTESIAN_POINT('Origin',(121.5,-13.7698039201726,96.0000000000001));
#9211=CARTESIAN_POINT('Origin',(114.3,0.,101.));
#9212=CARTESIAN_POINT('',(114.1,-13.7698039201726,108.95));
#9213=CARTESIAN_POINT('',(114.5,-13.7698039201726,108.116354403766));
#9214=CARTESIAN_POINT('Ctrl Pts',(114.1,-13.7698039201726,108.95));
#9215=CARTESIAN_POINT('Ctrl Pts',(114.31106632134,-13.7698039201726,108.527867357321));
#9216=CARTESIAN_POINT('Ctrl Pts',(114.5,-13.7698039201726,108.116354403766));
#9217=CARTESIAN_POINT('',(114.5,14.6714007511212,106.));
#9218=CARTESIAN_POINT('Origin',(114.5,0.,101.));
#9219=CARTESIAN_POINT('',(114.1,15.0933760305639,106.));
#9220=CARTESIAN_POINT('Ctrl Pts',(114.5,14.6714007511212,106.));
#9221=CARTESIAN_POINT('Ctrl Pts',(114.302835400314,14.8797006501551,106.));
#9222=CARTESIAN_POINT('Ctrl Pts',(114.1,15.0933760305639,106.));
#9223=CARTESIAN_POINT('Origin',(114.1,0.,101.));
#9224=CARTESIAN_POINT('Origin',(110.5,0.,101.));
#9225=CARTESIAN_POINT('',(111.3,15.0933760305639,106.));
#9226=CARTESIAN_POINT('',(110.5,15.0933760305639,106.));
#9227=CARTESIAN_POINT('',(111.3,-13.7698039201726,108.95));
#9228=CARTESIAN_POINT('Origin',(111.3,0.,101.));
#9229=CARTESIAN_POINT('',(110.5,-13.7698039201726,108.95));
#9230=CARTESIAN_POINT('Origin',(121.5,14.142135623731,106.));
#9231=CARTESIAN_POINT('',(114.5,-15.0933760305639,106.));
#9232=CARTESIAN_POINT('',(110.5,-13.7698039201726,106.));
#9233=CARTESIAN_POINT('',(121.5,-13.7698039201726,106.));
#9234=CARTESIAN_POINT('',(110.5,14.2481577756565,106.));
#9235=CARTESIAN_POINT('',(110.5,-15.0933760305639,106.));
#9236=CARTESIAN_POINT('Ctrl Pts',(111.3,15.0933760305639,106.));
#9237=CARTESIAN_POINT('Ctrl Pts',(110.888477517764,14.6598608611078,106.));
#9238=CARTESIAN_POINT('Ctrl Pts',(110.5,14.2481577756565,106.));
#9239=CARTESIAN_POINT('Origin',(110.9,0.,101.));
#9240=CARTESIAN_POINT('',(110.5,-13.7698039201726,107.196975068531));
#9241=CARTESIAN_POINT('Ctrl Pts',(110.5,-13.7698039201726,107.196975068531));
#9242=CARTESIAN_POINT('Ctrl Pts',(110.850433928865,-13.7698039201726,108.050867857731));
#9243=CARTESIAN_POINT('Ctrl Pts',(111.3,-13.7698039201726,108.95));
#9244=CARTESIAN_POINT('Origin',(110.5,0.,101.));
#9245=CARTESIAN_POINT('Origin',(114.5,0.661786055195659,111.45));
#9246=CARTESIAN_POINT('',(114.5,-13.7698039201726,108.95));
#9247=CARTESIAN_POINT('Origin',(121.5,-13.7698039201726,106.));
#9248=CARTESIAN_POINT('',(110.5,-13.7698039201726,108.95));
#9249=CARTESIAN_POINT('Origin',(110.5,0.186165851779183,111.));
#9250=UNCERTAINTY_MEASURE_WITH_UNIT(LENGTH_MEASURE(0.01),#9254,
'DISTANCE_ACCURACY_VALUE',
'Maximum model space distance between geometric entities at asserted c
onnectivities');
#9251=UNCERTAINTY_MEASURE_WITH_UNIT(LENGTH_MEASURE(0.01),#9254,
'DISTANCE_ACCURACY_VALUE',
'Maximum model space distance between geometric entities at asserted c
onnectivities');
#9252=(
GEOMETRIC_REPRESENTATION_CONTEXT(3)
GLOBAL_UNCERTAINTY_ASSIGNED_CONTEXT((#9250))
GLOBAL_UNIT_ASSIGNED_CONTEXT((#9254,#9256,#9257))
REPRESENTATION_CONTEXT('','3D')
);
#9253=(
GEOMETRIC_REPRESENTATION_CONTEXT(3)
GLOBAL_UNCERTAINTY_ASSIGNED_CONTEXT((#9251))
GLOBAL_UNIT_ASSIGNED_CONTEXT((#9254,#9256,#9257))
REPRESENTATION_CONTEXT('','3D')
);
#9254=(
LENGTH_UNIT()
NAMED_UNIT(*)
SI_UNIT(.MILLI.,.METRE.)
);
#9255=(
LENGTH_UNIT()
NAMED_UNIT(*)
SI_UNIT($,.METRE.)
);
#9256=(
NAMED_UNIT(*)
PLANE_ANGLE_UNIT()
SI_UNIT($,.RADIAN.)
);
#9257=(
NAMED_UNIT(*)
SI_UNIT($,.STERADIAN.)
SOLID_ANGLE_UNIT()
);
#9258=SHAPE_DEFINITION_REPRESENTATION(#9259,#9260);
#9259=PRODUCT_DEFINITION_SHAPE('',$,#9262);
#9260=SHAPE_REPRESENTATION('',(#4986),#9252);
#9261=PRODUCT_DEFINITION_CONTEXT('part definition',#9266,'design');
#9262=PRODUCT_DEFINITION('Box','Box',#9263,#9261);
#9263=PRODUCT_DEFINITION_FORMATION('',$,#9268);
#9264=PRODUCT_RELATED_PRODUCT_CATEGORY('Box','Box',(#9268));
#9265=APPLICATION_PROTOCOL_DEFINITION('international standard',
'automotive_design',2009,#9266);
#9266=APPLICATION_CONTEXT(
'Core Data for Automotive Mechanical Design Process');
#9267=PRODUCT_CONTEXT('part definition',#9266,'mechanical');
#9268=PRODUCT('Box','Box',$,(#9267));
#9269=PRESENTATION_STYLE_ASSIGNMENT((#9272));
#9270=PRESENTATION_STYLE_ASSIGNMENT((#9273));
#9271=PRESENTATION_STYLE_ASSIGNMENT((#9274));
#9272=SURFACE_STYLE_USAGE(.BOTH.,#9275);
#9273=SURFACE_STYLE_USAGE(.BOTH.,#9276);
#9274=SURFACE_STYLE_USAGE(.BOTH.,#9277);
#9275=SURFACE_SIDE_STYLE('',(#9278));
#9276=SURFACE_SIDE_STYLE('',(#9279));
#9277=SURFACE_SIDE_STYLE('',(#9280));
#9278=SURFACE_STYLE_FILL_AREA(#9281);
#9279=SURFACE_STYLE_FILL_AREA(#9282);
#9280=SURFACE_STYLE_FILL_AREA(#9283);
#9281=FILL_AREA_STYLE('Bambu Lab - PLA Basic - Jade White',(#9284));
#9282=FILL_AREA_STYLE('Bambu Lab - PLA Basic - Gray',(#9285));
#9283=FILL_AREA_STYLE('Bambu Lab - PLA Basic - Pumpkin Orange',(#9286));
#9284=FILL_AREA_STYLE_COLOUR('Bambu Lab - PLA Basic - Jade White',#9287);
#9285=FILL_AREA_STYLE_COLOUR('Bambu Lab - PLA Basic - Gray',#9288);
#9286=FILL_AREA_STYLE_COLOUR('Bambu Lab - PLA Basic - Pumpkin Orange',#9289);
#9287=COLOUR_RGB('Bambu Lab - PLA Basic - Jade White',1.,1.,1.);
#9288=COLOUR_RGB('Bambu Lab - PLA Basic - Gray',0.556862745098039,0.564705882352941,
0.537254901960784);
#9289=COLOUR_RGB('Bambu Lab - PLA Basic - Pumpkin Orange',1.,0.564705882352941,
0.0862745098039216);
ENDSEC;
END-ISO-10303-21;
