ISO-10303-21;
HEADER;
/* Generated by software containing ST-Developer
 * from STEP Tools, Inc. (www.steptools.com) 
 */

FILE_DESCRIPTION(
/* description */ (''),
/* implementation_level */ '2;1');

FILE_NAME(
/* name */ 'Cooler A5 2x2 Large Can.step',
/* time_stamp */ '2026-08-16T12:58:39-06:00',
/* author */ (''),
/* organization */ (''),
/* preprocessor_version */ 'ST-DEVELOPER v20.1',
/* originating_system */ 'Autodesk Translation Framework v15.8.0.0',
/* authorisation */ '');

FILE_SCHEMA (('AUTOMOTIVE_DESIGN { 1 0 10303 214 3 1 1 }'));
ENDSEC;

DATA;
#10=MECHANICAL_DESIGN_GEOMETRIC_PRESENTATION_REPRESENTATION('',(#99,#100,
#101),#9385);
#11=SHAPE_REPRESENTATION_RELATIONSHIP('SRR','None',#9392,#12);
#12=ADVANCED_BREP_SHAPE_REPRESENTATION('',(#102,#103,#104),#9384);
#13=(
BOUNDED_CURVE()
B_SPLINE_CURVE(2,(#8002,#8003,#8004),.UNSPECIFIED.,.F.,.F.)
B_SPLINE_CURVE_WITH_KNOTS((3,3),(0.,0.711264325482978),.UNSPECIFIED.)
CURVE()
GEOMETRIC_REPRESENTATION_ITEM()
RATIONAL_B_SPLINE_CURVE((1.,1.,1.))
REPRESENTATION_ITEM('')
);
#14=(
BOUNDED_CURVE()
B_SPLINE_CURVE(2,(#8295,#8296,#8297),.UNSPECIFIED.,.F.,.F.)
B_SPLINE_CURVE_WITH_KNOTS((3,3),(0.,0.711264325482978),.UNSPECIFIED.)
CURVE()
GEOMETRIC_REPRESENTATION_ITEM()
RATIONAL_B_SPLINE_CURVE((1.,1.,1.))
REPRESENTATION_ITEM('')
);
#15=(
BOUNDED_CURVE()
B_SPLINE_CURVE(2,(#8865,#8866,#8867),.UNSPECIFIED.,.F.,.F.)
B_SPLINE_CURVE_WITH_KNOTS((3,3),(0.,0.150820522030757),.UNSPECIFIED.)
CURVE()
GEOMETRIC_REPRESENTATION_ITEM()
RATIONAL_B_SPLINE_CURVE((1.,1.00385090870902,1.00696752451853))
REPRESENTATION_ITEM('')
);
#16=(
BOUNDED_CURVE()
B_SPLINE_CURVE(2,(#8871,#8872,#8873),.UNSPECIFIED.,.F.,.F.)
B_SPLINE_CURVE_WITH_KNOTS((3,3),(1.68034234365641,1.9448016247132),
 .UNSPECIFIED.)
CURVE()
GEOMETRIC_REPRESENTATION_ITEM()
RATIONAL_B_SPLINE_CURVE((1.0199438628828,1.01154135557077,1.))
REPRESENTATION_ITEM('')
);
#17=(
BOUNDED_CURVE()
B_SPLINE_CURVE(2,(#8884,#8885,#8886),.UNSPECIFIED.,.F.,.F.)
B_SPLINE_CURVE_WITH_KNOTS((3,3),(2.18754920845097,2.37640514535853),
 .UNSPECIFIED.)
CURVE()
GEOMETRIC_REPRESENTATION_ITEM()
RATIONAL_B_SPLINE_CURVE((1.13855307126645,1.12489857508996,1.10785376299114))
REPRESENTATION_ITEM('')
);
#18=(
BOUNDED_CURVE()
B_SPLINE_CURVE(2,(#8891,#8892,#8893),.UNSPECIFIED.,.F.,.F.)
B_SPLINE_CURVE_WITH_KNOTS((3,3),(0.322195567058898,0.41584026117325),
 .UNSPECIFIED.)
CURVE()
GEOMETRIC_REPRESENTATION_ITEM()
RATIONAL_B_SPLINE_CURVE((1.03664719139958,1.04066362015374,1.04391899828632))
REPRESENTATION_ITEM('')
);
#19=(
BOUNDED_CURVE()
B_SPLINE_CURVE(2,(#8904,#8905,#8906),.UNSPECIFIED.,.F.,.F.)
B_SPLINE_CURVE_WITH_KNOTS((3,3),(0.529733405043003,0.619136562302242),
 .UNSPECIFIED.)
CURVE()
GEOMETRIC_REPRESENTATION_ITEM()
RATIONAL_B_SPLINE_CURVE((1.12133548336504,1.12936964147067,1.13665961039265))
REPRESENTATION_ITEM('')
);
#20=(
BOUNDED_CURVE()
B_SPLINE_CURVE(2,(#8910,#8911,#8912),.UNSPECIFIED.,.F.,.F.)
B_SPLINE_CURVE_WITH_KNOTS((3,3),(1.20477615005902,1.25278792082397),
 .UNSPECIFIED.)
CURVE()
GEOMETRIC_REPRESENTATION_ITEM()
RATIONAL_B_SPLINE_CURVE((1.04080703872472,1.03929612596575,1.03759998345888))
REPRESENTATION_ITEM('')
);
#21=(
BOUNDED_CURVE()
B_SPLINE_CURVE(2,(#8922,#8923,#8924),.UNSPECIFIED.,.F.,.F.)
B_SPLINE_CURVE_WITH_KNOTS((3,3),(1.4310987970045,1.58191931903533),
 .UNSPECIFIED.)
CURVE()
GEOMETRIC_REPRESENTATION_ITEM()
RATIONAL_B_SPLINE_CURVE((1.00696752451855,1.00385090870904,1.))
REPRESENTATION_ITEM('')
);
#22=(
BOUNDED_CURVE()
B_SPLINE_CURVE(2,(#8931,#8932,#8933),.UNSPECIFIED.,.F.,.F.)
B_SPLINE_CURVE_WITH_KNOTS((3,3),(0.,0.264459281056791),.UNSPECIFIED.)
CURVE()
GEOMETRIC_REPRESENTATION_ITEM()
RATIONAL_B_SPLINE_CURVE((1.,1.01154135557078,1.01994386288281))
REPRESENTATION_ITEM('')
);
#23=(
BOUNDED_CURVE()
B_SPLINE_CURVE(2,(#9307,#9308,#9309),.UNSPECIFIED.,.F.,.F.)
B_SPLINE_CURVE_WITH_KNOTS((3,3),(0.,0.150820522030757),.UNSPECIFIED.)
CURVE()
GEOMETRIC_REPRESENTATION_ITEM()
RATIONAL_B_SPLINE_CURVE((1.,1.00385090870902,1.00696752451853))
REPRESENTATION_ITEM('')
);
#24=(
BOUNDED_CURVE()
B_SPLINE_CURVE(2,(#9313,#9314,#9315),.UNSPECIFIED.,.F.,.F.)
B_SPLINE_CURVE_WITH_KNOTS((3,3),(1.68034234365641,1.9448016247132),
 .UNSPECIFIED.)
CURVE()
GEOMETRIC_REPRESENTATION_ITEM()
RATIONAL_B_SPLINE_CURVE((1.0199438628828,1.01154135557077,1.))
REPRESENTATION_ITEM('')
);
#25=(
BOUNDED_CURVE()
B_SPLINE_CURVE(2,(#9325,#9326,#9327),.UNSPECIFIED.,.F.,.F.)
B_SPLINE_CURVE_WITH_KNOTS((3,3),(2.18754920845097,2.37640514535853),
 .UNSPECIFIED.)
CURVE()
GEOMETRIC_REPRESENTATION_ITEM()
RATIONAL_B_SPLINE_CURVE((1.13855307126645,1.12489857508996,1.10785376299114))
REPRESENTATION_ITEM('')
);
#26=(
BOUNDED_CURVE()
B_SPLINE_CURVE(2,(#9333,#9334,#9335),.UNSPECIFIED.,.F.,.F.)
B_SPLINE_CURVE_WITH_KNOTS((3,3),(0.322195567058898,0.41584026117325),
 .UNSPECIFIED.)
CURVE()
GEOMETRIC_REPRESENTATION_ITEM()
RATIONAL_B_SPLINE_CURVE((1.03664719139958,1.04066362015374,1.04391899828632))
REPRESENTATION_ITEM('')
);
#27=(
BOUNDED_CURVE()
B_SPLINE_CURVE(2,(#9346,#9347,#9348),.UNSPECIFIED.,.F.,.F.)
B_SPLINE_CURVE_WITH_KNOTS((3,3),(0.529733405043003,0.619136562302242),
 .UNSPECIFIED.)
CURVE()
GEOMETRIC_REPRESENTATION_ITEM()
RATIONAL_B_SPLINE_CURVE((1.12133548336504,1.12936964147067,1.13665961039265))
REPRESENTATION_ITEM('')
);
#28=(
BOUNDED_CURVE()
B_SPLINE_CURVE(2,(#9352,#9353,#9354),.UNSPECIFIED.,.F.,.F.)
B_SPLINE_CURVE_WITH_KNOTS((3,3),(1.20477615005902,1.25278792082397),
 .UNSPECIFIED.)
CURVE()
GEOMETRIC_REPRESENTATION_ITEM()
RATIONAL_B_SPLINE_CURVE((1.04080703872472,1.03929612596575,1.03759998345888))
REPRESENTATION_ITEM('')
);
#29=(
BOUNDED_CURVE()
B_SPLINE_CURVE(2,(#9368,#9369,#9370),.UNSPECIFIED.,.F.,.F.)
B_SPLINE_CURVE_WITH_KNOTS((3,3),(1.4310987970045,1.58191931903533),
 .UNSPECIFIED.)
CURVE()
GEOMETRIC_REPRESENTATION_ITEM()
RATIONAL_B_SPLINE_CURVE((1.00696752451855,1.00385090870904,1.))
REPRESENTATION_ITEM('')
);
#30=(
BOUNDED_CURVE()
B_SPLINE_CURVE(2,(#9373,#9374,#9375),.UNSPECIFIED.,.F.,.F.)
B_SPLINE_CURVE_WITH_KNOTS((3,3),(0.,0.264459281056791),.UNSPECIFIED.)
CURVE()
GEOMETRIC_REPRESENTATION_ITEM()
RATIONAL_B_SPLINE_CURVE((1.,1.01154135557078,1.01994386288281))
REPRESENTATION_ITEM('')
);
#31=B_SPLINE_CURVE_WITH_KNOTS('',3,(#7893,#7894,#7895,#7896),
 .UNSPECIFIED.,.F.,.F.,(4,4),(-1.,0.),.UNSPECIFIED.);
#32=B_SPLINE_CURVE_WITH_KNOTS('',3,(#7898,#7899,#7900,#7901),
 .UNSPECIFIED.,.F.,.F.,(4,4),(-0.71129990775718,-0.677788581106898),
 .UNSPECIFIED.);
#33=B_SPLINE_CURVE_WITH_KNOTS('',3,(#7903,#7904,#7905,#7906),
 .UNSPECIFIED.,.F.,.F.,(4,4),(0.200006291236383,0.255105562848071),
 .UNSPECIFIED.);
#34=B_SPLINE_CURVE_WITH_KNOTS('',3,(#7908,#7909,#7910,#7911,#7912,#7913,
#7914),.UNSPECIFIED.,.F.,.F.,(4,3,4),(0.,0.136711869498635,0.243974725319614),
 .UNSPECIFIED.);
#35=B_SPLINE_CURVE_WITH_KNOTS('',3,(#7915,#7916,#7917,#7918),
 .UNSPECIFIED.,.F.,.F.,(4,4),(0.677788581106898,0.836943514735028),
 .UNSPECIFIED.);
#36=B_SPLINE_CURVE_WITH_KNOTS('',3,(#7936,#7937,#7938,#7939),
 .UNSPECIFIED.,.F.,.F.,(4,4),(0.125349413001412,0.677788581106898),
 .UNSPECIFIED.);
#37=B_SPLINE_CURVE_WITH_KNOTS('',3,(#7941,#7942,#7943,#7944,#7945,#7946),
 .UNSPECIFIED.,.F.,.F.,(4,2,4),(0.,0.137923939962237,0.276088551873491),
 .UNSPECIFIED.);
#38=B_SPLINE_CURVE_WITH_KNOTS('',3,(#7947,#7948,#7949,#7950),
 .UNSPECIFIED.,.F.,.F.,(4,4),(-0.677788581106898,-0.0598684343492678),
 .UNSPECIFIED.);
#39=B_SPLINE_CURVE_WITH_KNOTS('',3,(#7954,#7955,#7956,#7957),
 .UNSPECIFIED.,.F.,.F.,(4,4),(-1.73477307142443,-1.57992818402609),
 .UNSPECIFIED.);
#40=B_SPLINE_CURVE_WITH_KNOTS('',3,(#7975,#7976,#7977,#7978,#7979,#7980,
#7981),.UNSPECIFIED.,.F.,.F.,(4,3,4),(0.,0.143481410052087,0.2910257017483),
 .UNSPECIFIED.);
#41=B_SPLINE_CURVE_WITH_KNOTS('',3,(#7983,#7984,#7985,#7986),
 .UNSPECIFIED.,.F.,.F.,(4,4),(1.51179802306428,1.67858739484573),
 .UNSPECIFIED.);
#42=B_SPLINE_CURVE_WITH_KNOTS('',3,(#7987,#7988,#7989,#7990,#7991,#7992,
#7993),.UNSPECIFIED.,.F.,.F.,(4,3,4),(0.028854179984506,0.150396007964296,
0.305517413419009),.UNSPECIFIED.);
#43=B_SPLINE_CURVE_WITH_KNOTS('',3,(#8186,#8187,#8188,#8189),
 .UNSPECIFIED.,.F.,.F.,(4,4),(-1.,0.),.UNSPECIFIED.);
#44=B_SPLINE_CURVE_WITH_KNOTS('',3,(#8191,#8192,#8193,#8194),
 .UNSPECIFIED.,.F.,.F.,(4,4),(0.677788581106898,0.836943514735028),
 .UNSPECIFIED.);
#45=B_SPLINE_CURVE_WITH_KNOTS('',3,(#8196,#8197,#8198,#8199,#8200,#8201,
#8202),.UNSPECIFIED.,.F.,.F.,(4,3,4),(0.,0.136711869498635,0.243974725319614),
 .UNSPECIFIED.);
#46=B_SPLINE_CURVE_WITH_KNOTS('',3,(#8204,#8205,#8206,#8207),
 .UNSPECIFIED.,.F.,.F.,(4,4),(0.200006291236383,0.255105562848071),
 .UNSPECIFIED.);
#47=B_SPLINE_CURVE_WITH_KNOTS('',3,(#8208,#8209,#8210,#8211),
 .UNSPECIFIED.,.F.,.F.,(4,4),(-0.71129990775718,-0.677788581106898),
 .UNSPECIFIED.);
#48=B_SPLINE_CURVE_WITH_KNOTS('',3,(#8229,#8230,#8231,#8232),
 .UNSPECIFIED.,.F.,.F.,(4,4),(-0.677788581106898,-0.0598684343492678),
 .UNSPECIFIED.);
#49=B_SPLINE_CURVE_WITH_KNOTS('',3,(#8234,#8235,#8236,#8237,#8238,#8239),
 .UNSPECIFIED.,.F.,.F.,(4,2,4),(0.,0.137923939962237,0.276088551873491),
 .UNSPECIFIED.);
#50=B_SPLINE_CURVE_WITH_KNOTS('',3,(#8240,#8241,#8242,#8243),
 .UNSPECIFIED.,.F.,.F.,(4,4),(0.125349413001412,0.677788581106898),
 .UNSPECIFIED.);
#51=B_SPLINE_CURVE_WITH_KNOTS('',3,(#8246,#8247,#8248,#8249),
 .UNSPECIFIED.,.F.,.F.,(4,4),(-1.73477307142443,-1.57992818402609),
 .UNSPECIFIED.);
#52=B_SPLINE_CURVE_WITH_KNOTS('',3,(#8268,#8269,#8270,#8271,#8272,#8273,
#8274),.UNSPECIFIED.,.F.,.F.,(4,3,4),(0.028854179984506,0.150396007964296,
0.305517413419009),.UNSPECIFIED.);
#53=B_SPLINE_CURVE_WITH_KNOTS('',3,(#8276,#8277,#8278,#8279),
 .UNSPECIFIED.,.F.,.F.,(4,4),(1.51179802306428,1.67858739484573),
 .UNSPECIFIED.);
#54=B_SPLINE_CURVE_WITH_KNOTS('',3,(#8280,#8281,#8282,#8283,#8284,#8285,
#8286),.UNSPECIFIED.,.F.,.F.,(4,3,4),(0.,0.143481410052087,0.2910257017483),
 .UNSPECIFIED.);
#55=B_SPLINE_CURVE_WITH_KNOTS('',3,(#8517,#8518,#8519,#8520,#8521,#8522,
#8523,#8524,#8525,#8526,#8527,#8528,#8529,#8530),.UNSPECIFIED.,.F.,.F.,
(4,2,2,2,2,2,4),(1.96883326082969,2.06087141076763,2.15290956070556,2.23585821178465,
2.31880686286373,2.39438852238191,2.46892991133723),.UNSPECIFIED.);
#56=B_SPLINE_CURVE_WITH_KNOTS('',3,(#8532,#8533,#8534,#8535,#8536,#8537),
 .UNSPECIFIED.,.F.,.F.,(4,2,4),(4.40781068381177,4.58951037327876,4.6297905671785),
 .UNSPECIFIED.);
#57=B_SPLINE_CURVE_WITH_KNOTS('',3,(#8541,#8542,#8543,#8544,#8545,#8546,
#8547,#8548,#8549,#8550,#8551,#8552,#8553,#8554,#8555,#8556,#8557,#8558),
 .UNSPECIFIED.,.F.,.F.,(4,2,2,2,2,2,2,2,4),(1.96883326082969,2.05749857714341,
2.14616389345712,2.22643299611886,2.30670209878059,2.38558430697059,2.46446651516058,
2.53792566571766,2.61138481627473),.UNSPECIFIED.);
#58=B_SPLINE_CURVE_WITH_KNOTS('',3,(#8562,#8563,#8564,#8565,#8566,#8567),
 .UNSPECIFIED.,.F.,.F.,(4,2,4),(1.21535519481095,1.54011266186466,1.79980401848334),
 .UNSPECIFIED.);
#59=B_SPLINE_CURVE_WITH_KNOTS('',3,(#8574,#8575,#8576,#8577,#8578,#8579,
#8580,#8581,#8582,#8583,#8584,#8585,#8586,#8587,#8588,#8589,#8590,#8591,
#8592),.UNSPECIFIED.,.F.,.F.,(4,3,3,3,3,3,4),(-0.328414532848912,-0.259483663160073,
-0.193996083092166,-0.131806441316902,-0.121464608458233,-0.0602438523242873,
0.),.UNSPECIFIED.);
#60=B_SPLINE_CURVE_WITH_KNOTS('',3,(#8594,#8595,#8596,#8597,#8598,#8599,
#8600,#8601),.UNSPECIFIED.,.F.,.F.,(4,2,2,4),(1.42844135956618,1.54826874940099,
1.76097957931911,2.03690548051903),.UNSPECIFIED.);
#61=B_SPLINE_CURVE_WITH_KNOTS('',3,(#8665,#8666,#8667,#8668),
 .UNSPECIFIED.,.F.,.F.,(4,4),(49.3768161062791,49.6717228025161),
 .UNSPECIFIED.);
#62=B_SPLINE_CURVE_WITH_KNOTS('',3,(#8670,#8671,#8672,#8673),
 .UNSPECIFIED.,.F.,.F.,(4,4),(-1.,-0.700428977797632),.UNSPECIFIED.);
#63=B_SPLINE_CURVE_WITH_KNOTS('',3,(#8675,#8676,#8677,#8678,#8679,#8680,
#8681),.UNSPECIFIED.,.F.,.F.,(4,3,4),(0.0644531283141283,0.106476512303308,
0.211002496119938),.UNSPECIFIED.);
#64=B_SPLINE_CURVE_WITH_KNOTS('',3,(#8683,#8684,#8685,#8686),
 .UNSPECIFIED.,.F.,.F.,(4,4),(49.6750041379788,49.7167756355806),
 .UNSPECIFIED.);
#65=B_SPLINE_CURVE_WITH_KNOTS('',3,(#8687,#8688,#8689,#8690),
 .UNSPECIFIED.,.F.,.F.,(4,4),(-50.5748572568918,-49.7167756355806),
 .UNSPECIFIED.);
#66=B_SPLINE_CURVE_WITH_KNOTS('',3,(#8754,#8755,#8756,#8757),
 .UNSPECIFIED.,.F.,.F.,(4,4),(0.,0.0644531283141283),.UNSPECIFIED.);
#67=B_SPLINE_CURVE_WITH_KNOTS('',3,(#8774,#8775,#8776,#8777),
 .UNSPECIFIED.,.F.,.F.,(4,4),(49.2437331807596,49.3768161062791),
 .UNSPECIFIED.);
#68=B_SPLINE_CURVE_WITH_KNOTS('',3,(#8797,#8798,#8799,#8800,#8801,#8802,
#8803,#8804,#8805,#8806,#8807,#8808),.UNSPECIFIED.,.F.,.F.,(4,2,2,2,2,4),
(0.385726302492052,0.541383813944029,0.684628034253876,0.781619789979883,
0.812414803612999,0.838107538540186),.UNSPECIFIED.);
#69=B_SPLINE_CURVE_WITH_KNOTS('',3,(#8810,#8811,#8812,#8813,#8814,#8815,
#8816,#8817,#8818,#8819),.UNSPECIFIED.,.F.,.F.,(4,2,2,2,4),(0.606345900486585,
0.679108604815377,0.754097746739828,0.831460734814629,0.910274401151777),
 .UNSPECIFIED.);
#70=B_SPLINE_CURVE_WITH_KNOTS('',3,(#8829,#8830,#8831,#8832,#8833,#8834,
#8835,#8836,#8837,#8838),.UNSPECIFIED.,.F.,.F.,(4,2,2,2,4),(0.302415276831638,
0.381228943168787,0.458591931243586,0.533581073168039,0.606343777496831),
 .UNSPECIFIED.);
#71=B_SPLINE_CURVE_WITH_KNOTS('',3,(#8840,#8841,#8842,#8843,#8844,#8845,
#8846,#8847,#8848,#8849,#8850,#8851),.UNSPECIFIED.,.F.,.F.,(4,2,2,2,2,4),
(0.838107538540186,0.863800273467377,0.894595287100491,0.991587042826497,
1.13483126313634,1.29048877458832),.UNSPECIFIED.);
#72=B_SPLINE_CURVE_WITH_KNOTS('',3,(#8943,#8944,#8945,#8946,#8947,#8948,
#8949,#8950,#8951,#8952,#8953,#8954,#8955,#8956),.UNSPECIFIED.,.F.,.F.,
(4,2,2,2,2,2,4),(1.96883326082969,2.06087141076763,2.15290956070556,2.23585821178465,
2.31880686286373,2.39438852238191,2.46892991133723),.UNSPECIFIED.);
#73=B_SPLINE_CURVE_WITH_KNOTS('',3,(#8960,#8961,#8962,#8963,#8964,#8965,
#8966,#8967,#8968,#8969,#8970,#8971,#8972,#8973,#8974,#8975,#8976,#8977),
 .UNSPECIFIED.,.F.,.F.,(4,2,2,2,2,2,2,2,4),(1.96883326082969,2.05749857714341,
2.14616389345712,2.22643299611886,2.30670209878059,2.38558430697059,2.46446651516058,
2.53792566571766,2.61138481627473),.UNSPECIFIED.);
#74=B_SPLINE_CURVE_WITH_KNOTS('',3,(#8980,#8981,#8982,#8983,#8984,#8985),
 .UNSPECIFIED.,.F.,.F.,(4,2,4),(4.40781068381177,4.58951037327876,4.6297905671785),
 .UNSPECIFIED.);
#75=B_SPLINE_CURVE_WITH_KNOTS('',3,(#8991,#8992,#8993,#8994,#8995,#8996),
 .UNSPECIFIED.,.F.,.F.,(4,2,4),(1.21535519481095,1.54011266186466,1.79980401848334),
 .UNSPECIFIED.);
#76=B_SPLINE_CURVE_WITH_KNOTS('',3,(#9014,#9015,#9016,#9017),
 .UNSPECIFIED.,.F.,.F.,(4,4),(49.3768161062791,49.6717228025161),
 .UNSPECIFIED.);
#77=B_SPLINE_CURVE_WITH_KNOTS('',3,(#9019,#9020,#9021,#9022),
 .UNSPECIFIED.,.F.,.F.,(4,4),(49.2437331807596,49.3768161062791),
 .UNSPECIFIED.);
#78=B_SPLINE_CURVE_WITH_KNOTS('',3,(#9030,#9031,#9032,#9033,#9034,#9035,
#9036,#9037,#9038,#9039,#9040,#9041,#9042,#9043,#9044,#9045,#9046,#9047,
#9048),.UNSPECIFIED.,.F.,.F.,(4,3,3,3,3,3,4),(-0.328414532848912,-0.259483663159911,
-0.19399608310649,-0.131806441349922,-0.121464608458233,-0.0602438523242505,
0.),.UNSPECIFIED.);
#79=B_SPLINE_CURVE_WITH_KNOTS('',3,(#9053,#9054,#9055,#9056,#9057,#9058,
#9059,#9060),.UNSPECIFIED.,.F.,.F.,(4,2,2,4),(1.42844135956618,1.54826874940099,
1.76097957931911,2.03690548051903),.UNSPECIFIED.);
#80=B_SPLINE_CURVE_WITH_KNOTS('',3,(#9132,#9133,#9134,#9135),
 .UNSPECIFIED.,.F.,.F.,(4,4),(-50.5748572568918,-49.7167756355806),
 .UNSPECIFIED.);
#81=B_SPLINE_CURVE_WITH_KNOTS('',3,(#9137,#9138,#9139,#9140),
 .UNSPECIFIED.,.F.,.F.,(4,4),(49.6750041379788,49.7167756355806),
 .UNSPECIFIED.);
#82=B_SPLINE_CURVE_WITH_KNOTS('',3,(#9142,#9143,#9144,#9145,#9146,#9147,
#9148),.UNSPECIFIED.,.F.,.F.,(4,3,4),(0.0644531283141283,0.106476512303308,
0.211002496119938),.UNSPECIFIED.);
#83=B_SPLINE_CURVE_WITH_KNOTS('',3,(#9149,#9150,#9151,#9152),
 .UNSPECIFIED.,.F.,.F.,(4,4),(-1.,-0.700428977797632),.UNSPECIFIED.);
#84=B_SPLINE_CURVE_WITH_KNOTS('',3,(#9197,#9198,#9199,#9200),
 .UNSPECIFIED.,.F.,.F.,(4,4),(0.,0.0644531283141283),.UNSPECIFIED.);
#85=B_SPLINE_CURVE_WITH_KNOTS('',3,(#9241,#9242,#9243,#9244,#9245,#9246,
#9247,#9248,#9249,#9250,#9251,#9252),.UNSPECIFIED.,.F.,.F.,(4,2,2,2,2,4),
(0.385726302492052,0.541383813944029,0.684628034253876,0.781619789979883,
0.812414803612999,0.838107538540186),.UNSPECIFIED.);
#86=B_SPLINE_CURVE_WITH_KNOTS('',3,(#9255,#9256,#9257,#9258,#9259,#9260,
#9261,#9262,#9263,#9264),.UNSPECIFIED.,.F.,.F.,(4,2,2,2,4),(0.606345900486585,
0.679108604815377,0.754097746739828,0.831460734814629,0.910274401151777),
 .UNSPECIFIED.);
#87=B_SPLINE_CURVE_WITH_KNOTS('',3,(#9273,#9274,#9275,#9276,#9277,#9278,
#9279,#9280,#9281,#9282),.UNSPECIFIED.,.F.,.F.,(4,2,2,2,4),(0.302415276831638,
0.381228943168787,0.458591931243586,0.533581073168039,0.606343777496831),
 .UNSPECIFIED.);
#88=B_SPLINE_CURVE_WITH_KNOTS('',3,(#9285,#9286,#9287,#9288,#9289,#9290,
#9291,#9292,#9293,#9294,#9295,#9296),.UNSPECIFIED.,.F.,.F.,(4,2,2,2,2,4),
(0.838107538540186,0.863800273467377,0.894595287100491,0.991587042826497,
1.13483126313634,1.29048877458832),.UNSPECIFIED.);
#89=B_SPLINE_SURFACE_WITH_KNOTS('',3,3,((#7875,#7876,#7877,#7878),(#7879,
#7880,#7881,#7882),(#7883,#7884,#7885,#7886),(#7887,#7888,#7889,#7890)),
 .UNSPECIFIED.,.F.,.F.,.F.,(4,4),(4,4),(0.,1.),(0.677788581106898,0.836943514735028),
 .UNSPECIFIED.);
#90=B_SPLINE_SURFACE_WITH_KNOTS('',3,3,((#7919,#7920,#7921,#7922),(#7923,
#7924,#7925,#7926),(#7927,#7928,#7929,#7930),(#7931,#7932,#7933,#7934)),
 .UNSPECIFIED.,.F.,.F.,.F.,(4,4),(4,4),(0.,1.),(0.0598684340542005,0.677788581106898),
 .UNSPECIFIED.);
#91=B_SPLINE_SURFACE_WITH_KNOTS('',3,3,((#7958,#7959,#7960,#7961),(#7962,
#7963,#7964,#7965),(#7966,#7967,#7968,#7969),(#7970,#7971,#7972,#7973)),
 .UNSPECIFIED.,.F.,.F.,.F.,(4,4),(4,4),(0.,1.),(1.51179802306428,1.73477307142443),
 .UNSPECIFIED.);
#92=B_SPLINE_SURFACE_WITH_KNOTS('',3,3,((#8168,#8169,#8170,#8171),(#8172,
#8173,#8174,#8175),(#8176,#8177,#8178,#8179),(#8180,#8181,#8182,#8183)),
 .UNSPECIFIED.,.F.,.F.,.F.,(4,4),(4,4),(0.,1.),(0.677788581106898,0.836943514735028),
 .UNSPECIFIED.);
#93=B_SPLINE_SURFACE_WITH_KNOTS('',3,3,((#8212,#8213,#8214,#8215),(#8216,
#8217,#8218,#8219),(#8220,#8221,#8222,#8223),(#8224,#8225,#8226,#8227)),
 .UNSPECIFIED.,.F.,.F.,.F.,(4,4),(4,4),(0.,1.),(0.0598684340542005,0.677788581106898),
 .UNSPECIFIED.);
#94=B_SPLINE_SURFACE_WITH_KNOTS('',3,3,((#8251,#8252,#8253,#8254),(#8255,
#8256,#8257,#8258),(#8259,#8260,#8261,#8262),(#8263,#8264,#8265,#8266)),
 .UNSPECIFIED.,.F.,.F.,.F.,(4,4),(4,4),(0.,1.),(1.51179802306428,1.73477307142443),
 .UNSPECIFIED.);
#95=B_SPLINE_SURFACE_WITH_KNOTS('',3,3,((#8648,#8649,#8650,#8651),(#8652,
#8653,#8654,#8655),(#8656,#8657,#8658,#8659),(#8660,#8661,#8662,#8663)),
 .UNSPECIFIED.,.F.,.F.,.F.,(4,4),(4,4),(0.,1.),(49.3768161062791,50.5748572568918),
 .UNSPECIFIED.);
#96=B_SPLINE_SURFACE_WITH_KNOTS('',3,3,((#8758,#8759,#8760,#8761),(#8762,
#8763,#8764,#8765),(#8766,#8767,#8768,#8769),(#8770,#8771,#8772,#8773)),
 .UNSPECIFIED.,.F.,.F.,.F.,(4,4),(4,4),(0.700428977776576,1.),(49.2437331807596,
49.3768161062791),.UNSPECIFIED.);
#97=B_SPLINE_SURFACE_WITH_KNOTS('',3,3,((#9115,#9116,#9117,#9118),(#9119,
#9120,#9121,#9122),(#9123,#9124,#9125,#9126),(#9127,#9128,#9129,#9130)),
 .UNSPECIFIED.,.F.,.F.,.F.,(4,4),(4,4),(0.,1.),(49.3768161062791,50.5748572568918),
 .UNSPECIFIED.);
#98=B_SPLINE_SURFACE_WITH_KNOTS('',3,3,((#9206,#9207,#9208,#9209),(#9210,
#9211,#9212,#9213),(#9214,#9215,#9216,#9217),(#9218,#9219,#9220,#9221)),
 .UNSPECIFIED.,.F.,.F.,.F.,(4,4),(4,4),(0.700428977776576,1.),(49.2437331807596,
49.3768161062791),.UNSPECIFIED.);
#99=STYLED_ITEM('',(#9402),#102);
#100=STYLED_ITEM('',(#9401),#103);
#101=STYLED_ITEM('',(#9403),#104);
#102=MANIFOLD_SOLID_BREP('box',#5055);
#103=MANIFOLD_SOLID_BREP('lid',#5056);
#104=MANIFOLD_SOLID_BREP('handle',#5057);
#105=(
BOUNDED_SURFACE()
B_SPLINE_SURFACE(2,2,((#7447,#7448,#7449),(#7450,#7451,#7452),(#7453,#7454,
#7455)),.UNSPECIFIED.,.F.,.F.,.F.)
B_SPLINE_SURFACE_WITH_KNOTS((3,3),(3,3),(-0.872664625997165,2.64845344831533E-16),
(-1.5707963267949,6.01885565281848E-16),.UNSPECIFIED.)
GEOMETRIC_REPRESENTATION_ITEM()
RATIONAL_B_SPLINE_SURFACE(((1.,0.707106781186547,1.),(0.906307787036645,
0.640856382055785,0.906307787036645),(1.,0.707106781186547,1.)))
REPRESENTATION_ITEM('')
SURFACE()
);
#106=(
BOUNDED_SURFACE()
B_SPLINE_SURFACE(2,2,((#7467,#7468,#7469),(#7470,#7471,#7472),(#7473,#7474,
#7475)),.UNSPECIFIED.,.F.,.F.,.F.)
B_SPLINE_SURFACE_WITH_KNOTS((3,3),(3,3),(-1.0471975511966,2.6839918439648E-16),
(-1.5707963267949,1.24547023289087E-15),.UNSPECIFIED.)
GEOMETRIC_REPRESENTATION_ITEM()
RATIONAL_B_SPLINE_SURFACE(((1.,0.707106781186547,1.),(0.866025403784441,
0.612372435695796,0.866025403784441),(1.,0.707106781186547,1.)))
REPRESENTATION_ITEM('')
SURFACE()
);
#107=(
BOUNDED_SURFACE()
B_SPLINE_SURFACE(2,2,((#7515,#7516,#7517),(#7518,#7519,#7520),(#7521,#7522,
#7523)),.UNSPECIFIED.,.F.,.F.,.F.)
B_SPLINE_SURFACE_WITH_KNOTS((3,3),(3,3),(-0.872664625997165,2.64845344831533E-16),
(-1.5707963267949,1.91193217105207E-18),.UNSPECIFIED.)
GEOMETRIC_REPRESENTATION_ITEM()
RATIONAL_B_SPLINE_SURFACE(((1.,0.707106781186547,1.),(0.90630778703665,
0.640856382055789,0.90630778703665),(1.,0.707106781186547,1.)))
REPRESENTATION_ITEM('')
SURFACE()
);
#108=(
BOUNDED_SURFACE()
B_SPLINE_SURFACE(2,2,((#7531,#7532,#7533),(#7534,#7535,#7536),(#7537,#7538,
#7539)),.UNSPECIFIED.,.F.,.F.,.F.)
B_SPLINE_SURFACE_WITH_KNOTS((3,3),(3,3),(-1.0471975511966,2.6839918439648E-16),
(-1.5707963267949,5.92118946466751E-16),.UNSPECIFIED.)
GEOMETRIC_REPRESENTATION_ITEM()
RATIONAL_B_SPLINE_SURFACE(((1.,0.707106781186547,1.),(0.866025403784438,
0.612372435695794,0.866025403784438),(1.,0.707106781186547,1.)))
REPRESENTATION_ITEM('')
SURFACE()
);
#109=(
BOUNDED_SURFACE()
B_SPLINE_SURFACE(2,2,((#7770,#7771,#7772),(#7773,#7774,#7775),(#7776,#7777,
#7778)),.UNSPECIFIED.,.F.,.F.,.F.)
B_SPLINE_SURFACE_WITH_KNOTS((3,3),(3,3),(-0.872664625997165,2.64845344831533E-16),
(-1.5707963267949,6.01885565281848E-16),.UNSPECIFIED.)
GEOMETRIC_REPRESENTATION_ITEM()
RATIONAL_B_SPLINE_SURFACE(((1.,0.707106781186547,1.),(0.906307787036645,
0.640856382055785,0.906307787036645),(1.,0.707106781186547,1.)))
REPRESENTATION_ITEM('')
SURFACE()
);
#110=(
BOUNDED_SURFACE()
B_SPLINE_SURFACE(2,2,((#7786,#7787,#7788),(#7789,#7790,#7791),(#7792,#7793,
#7794)),.UNSPECIFIED.,.F.,.F.,.F.)
B_SPLINE_SURFACE_WITH_KNOTS((3,3),(3,3),(-1.0471975511966,2.6839918439648E-16),
(-1.5707963267949,1.24547023289087E-15),.UNSPECIFIED.)
GEOMETRIC_REPRESENTATION_ITEM()
RATIONAL_B_SPLINE_SURFACE(((1.,0.707106781186547,1.),(0.866025403784441,
0.612372435695796,0.866025403784441),(1.,0.707106781186547,1.)))
REPRESENTATION_ITEM('')
SURFACE()
);
#111=(
BOUNDED_SURFACE()
B_SPLINE_SURFACE(2,2,((#7830,#7831,#7832),(#7833,#7834,#7835),(#7836,#7837,
#7838)),.UNSPECIFIED.,.F.,.F.,.F.)
B_SPLINE_SURFACE_WITH_KNOTS((3,3),(3,3),(-0.872664625997165,2.64845344831533E-16),
(-1.5707963267949,1.91193217105207E-18),.UNSPECIFIED.)
GEOMETRIC_REPRESENTATION_ITEM()
RATIONAL_B_SPLINE_SURFACE(((1.,0.707106781186547,1.),(0.90630778703665,
0.640856382055789,0.90630778703665),(1.,0.707106781186547,1.)))
REPRESENTATION_ITEM('')
SURFACE()
);
#112=(
BOUNDED_SURFACE()
B_SPLINE_SURFACE(2,2,((#7846,#7847,#7848),(#7849,#7850,#7851),(#7852,#7853,
#7854)),.UNSPECIFIED.,.F.,.F.,.F.)
B_SPLINE_SURFACE_WITH_KNOTS((3,3),(3,3),(-1.0471975511966,2.6839918439648E-16),
(-1.5707963267949,5.92118946466751E-16),.UNSPECIFIED.)
GEOMETRIC_REPRESENTATION_ITEM()
RATIONAL_B_SPLINE_SURFACE(((1.,0.707106781186547,1.),(0.866025403784438,
0.612372435695794,0.866025403784438),(1.,0.707106781186547,1.)))
REPRESENTATION_ITEM('')
SURFACE()
);
#113=ELLIPSE('',#5090,1.97989898732236,1.4);
#114=ELLIPSE('',#5201,1.97989898732236,1.4);
#115=ELLIPSE('',#5325,33.9411254969542,24.);
#116=ELLIPSE('',#5331,1.97989898732234,1.4);
#117=ELLIPSE('',#5408,33.9411254969542,24.);
#118=ELLIPSE('',#5415,1.97989898732234,1.4);
#119=ELLIPSE('',#5531,8.28220944328066,8.);
#120=ELLIPSE('',#5554,26.6092089322475,23.8);
#121=ELLIPSE('',#5555,48.2342180430549,37.362064639618);
#122=ELLIPSE('',#5627,8.28220944328066,8.);
#123=ELLIPSE('',#5649,48.2342180430549,37.362064639618);
#124=ELLIPSE('',#5650,26.6092089322475,23.8);
#125=TOROIDAL_SURFACE('',#5084,7.4,1.4);
#126=TOROIDAL_SURFACE('',#5091,38.6000000000002,1.4);
#127=TOROIDAL_SURFACE('',#5098,38.6000000000001,1.4);
#128=TOROIDAL_SURFACE('',#5107,21.4000000000001,1.4);
#129=TOROIDAL_SURFACE('',#5114,21.4000000000001,1.4);
#130=TOROIDAL_SURFACE('',#5118,5.,1.);
#131=TOROIDAL_SURFACE('',#5125,32.0000000000002,2.);
#132=TOROIDAL_SURFACE('',#5132,32.0000000000001,2.);
#133=TOROIDAL_SURFACE('',#5136,28.0000000000002,2.);
#134=TOROIDAL_SURFACE('',#5143,28.0000000000001,2.);
#135=TOROIDAL_SURFACE('',#5196,7.4,1.4);
#136=TOROIDAL_SURFACE('',#5204,38.6000000000002,1.4);
#137=TOROIDAL_SURFACE('',#5210,38.6000000000001,1.4);
#138=TOROIDAL_SURFACE('',#5223,21.4000000000001,1.4);
#139=TOROIDAL_SURFACE('',#5229,21.4000000000001,1.4);
#140=TOROIDAL_SURFACE('',#5239,5.,1.);
#141=TOROIDAL_SURFACE('',#5248,32.0000000000002,2.);
#142=TOROIDAL_SURFACE('',#5254,32.0000000000001,2.);
#143=TOROIDAL_SURFACE('',#5262,28.0000000000002,2.);
#144=TOROIDAL_SURFACE('',#5267,28.0000000000001,2.);
#145=TOROIDAL_SURFACE('',#5333,38.6000000000002,1.4);
#146=TOROIDAL_SURFACE('',#5340,38.6000000000001,1.4);
#147=TOROIDAL_SURFACE('',#5345,7.4,1.4);
#148=TOROIDAL_SURFACE('',#5355,5.,1.);
#149=TOROIDAL_SURFACE('',#5358,32.4000000000002,2.);
#150=TOROIDAL_SURFACE('',#5365,32.4000000000001,2.);
#151=TOROIDAL_SURFACE('',#5374,28.4000000000002,2.);
#152=TOROIDAL_SURFACE('',#5380,28.4000000000001,2.);
#153=TOROIDAL_SURFACE('',#5385,28.0000000000001,12.);
#154=TOROIDAL_SURFACE('',#5398,28.0000000000002,12.);
#155=TOROIDAL_SURFACE('',#5418,38.6000000000002,1.4);
#156=TOROIDAL_SURFACE('',#5424,38.6000000000001,1.4);
#157=TOROIDAL_SURFACE('',#5429,7.4,1.4);
#158=TOROIDAL_SURFACE('',#5444,5.,1.);
#159=TOROIDAL_SURFACE('',#5451,32.4000000000002,2.);
#160=TOROIDAL_SURFACE('',#5456,32.4000000000001,2.);
#161=TOROIDAL_SURFACE('',#5469,28.4000000000002,2.);
#162=TOROIDAL_SURFACE('',#5474,28.4000000000001,2.);
#163=TOROIDAL_SURFACE('',#5486,28.0000000000001,12.);
#164=TOROIDAL_SURFACE('',#5498,28.0000000000002,12.);
#165=TOROIDAL_SURFACE('',#5508,27.5,4.);
#166=TOROIDAL_SURFACE('',#5515,38.,8.);
#167=TOROIDAL_SURFACE('',#5519,38.,8.);
#168=TOROIDAL_SURFACE('',#5535,34.,8.);
#169=TOROIDAL_SURFACE('',#5539,8.41018772329561,8.);
#170=TOROIDAL_SURFACE('',#5545,34.,8.);
#171=TOROIDAL_SURFACE('',#5565,17.,2.);
#172=TOROIDAL_SURFACE('',#5569,17.,2.);
#173=TOROIDAL_SURFACE('',#5596,27.5,4.);
#174=TOROIDAL_SURFACE('',#5606,38.,8.);
#175=TOROIDAL_SURFACE('',#5613,38.,8.);
#176=TOROIDAL_SURFACE('',#5630,34.,8.);
#177=TOROIDAL_SURFACE('',#5633,8.41018772329561,8.);
#178=TOROIDAL_SURFACE('',#5640,34.,8.);
#179=TOROIDAL_SURFACE('',#5661,17.,2.);
#180=TOROIDAL_SURFACE('',#5665,17.,2.);
#181=FACE_BOUND('',#725,.T.);
#182=FACE_BOUND('',#772,.T.);
#183=FACE_BOUND('',#791,.T.);
#184=FACE_BOUND('',#802,.T.);
#185=FACE_BOUND('',#874,.T.);
#186=FACE_BOUND('',#901,.T.);
#187=FACE_BOUND('',#930,.T.);
#188=FACE_BOUND('',#949,.T.);
#189=FACE_BOUND('',#950,.T.);
#190=FACE_BOUND('',#1000,.T.);
#191=FACE_BOUND('',#1001,.T.);
#192=PLANE('',#5078);
#193=PLANE('',#5083);
#194=PLANE('',#5148);
#195=PLANE('',#5162);
#196=PLANE('',#5165);
#197=PLANE('',#5166);
#198=PLANE('',#5169);
#199=PLANE('',#5188);
#200=PLANE('',#5193);
#201=PLANE('',#5215);
#202=PLANE('',#5220);
#203=PLANE('',#5234);
#204=PLANE('',#5245);
#205=PLANE('',#5259);
#206=PLANE('',#5272);
#207=PLANE('',#5273);
#208=PLANE('',#5274);
#209=PLANE('',#5277);
#210=PLANE('',#5278);
#211=PLANE('',#5281);
#212=PLANE('',#5293);
#213=PLANE('',#5296);
#214=PLANE('',#5297);
#215=PLANE('',#5300);
#216=PLANE('',#5312);
#217=PLANE('',#5313);
#218=PLANE('',#5315);
#219=PLANE('',#5316);
#220=PLANE('',#5318);
#221=PLANE('',#5319);
#222=PLANE('',#5320);
#223=PLANE('',#5321);
#224=PLANE('',#5324);
#225=PLANE('',#5351);
#226=PLANE('',#5371);
#227=PLANE('',#5391);
#228=PLANE('',#5394);
#229=PLANE('',#5395);
#230=PLANE('',#5403);
#231=PLANE('',#5404);
#232=PLANE('',#5407);
#233=PLANE('',#5434);
#234=PLANE('',#5437);
#235=PLANE('',#5438);
#236=PLANE('',#5448);
#237=PLANE('',#5460);
#238=PLANE('',#5463);
#239=PLANE('',#5466);
#240=PLANE('',#5478);
#241=PLANE('',#5479);
#242=PLANE('',#5482);
#243=PLANE('',#5483);
#244=PLANE('',#5491);
#245=PLANE('',#5494);
#246=PLANE('',#5495);
#247=PLANE('',#5503);
#248=PLANE('',#5504);
#249=PLANE('',#5506);
#250=PLANE('',#5507);
#251=PLANE('',#5525);
#252=PLANE('',#5551);
#253=PLANE('',#5552);
#254=PLANE('',#5553);
#255=PLANE('',#5558);
#256=PLANE('',#5561);
#257=PLANE('',#5563);
#258=PLANE('',#5573);
#259=PLANE('',#5577);
#260=PLANE('',#5578);
#261=PLANE('',#5582);
#262=PLANE('',#5584);
#263=PLANE('',#5590);
#264=PLANE('',#5593);
#265=PLANE('',#5594);
#266=PLANE('',#5595);
#267=PLANE('',#5601);
#268=PLANE('',#5610);
#269=PLANE('',#5618);
#270=PLANE('',#5623);
#271=PLANE('',#5646);
#272=PLANE('',#5647);
#273=PLANE('',#5648);
#274=PLANE('',#5653);
#275=PLANE('',#5656);
#276=PLANE('',#5658);
#277=PLANE('',#5660);
#278=PLANE('',#5669);
#279=PLANE('',#5673);
#280=PLANE('',#5674);
#281=PLANE('',#5678);
#282=PLANE('',#5680);
#283=PLANE('',#5686);
#284=PLANE('',#5689);
#285=PLANE('',#5690);
#286=PLANE('',#5691);
#287=CYLINDRICAL_SURFACE('',#5074,16.3);
#288=CYLINDRICAL_SURFACE('',#5082,15.3);
#289=CYLINDRICAL_SURFACE('',#5089,1.4);
#290=CYLINDRICAL_SURFACE('',#5096,1.4);
#291=CYLINDRICAL_SURFACE('',#5102,1.4);
#292=CYLINDRICAL_SURFACE('',#5103,40.0000000000001);
#293=CYLINDRICAL_SURFACE('',#5105,40.0000000000002);
#294=CYLINDRICAL_SURFACE('',#5112,1.4);
#295=CYLINDRICAL_SURFACE('',#5123,1.);
#296=CYLINDRICAL_SURFACE('',#5130,2.);
#297=CYLINDRICAL_SURFACE('',#5141,2.);
#298=CYLINDRICAL_SURFACE('',#5147,6.);
#299=CYLINDRICAL_SURFACE('',#5154,30.0000000000001);
#300=CYLINDRICAL_SURFACE('',#5155,20.0000000000001);
#301=CYLINDRICAL_SURFACE('',#5163,19.9999999999999);
#302=CYLINDRICAL_SURFACE('',#5167,10.);
#303=CYLINDRICAL_SURFACE('',#5174,30.0000000000002);
#304=CYLINDRICAL_SURFACE('',#5175,20.0000000000001);
#305=CYLINDRICAL_SURFACE('',#5184,16.3);
#306=CYLINDRICAL_SURFACE('',#5192,15.3);
#307=CYLINDRICAL_SURFACE('',#5194,1.4);
#308=CYLINDRICAL_SURFACE('',#5200,1.4);
#309=CYLINDRICAL_SURFACE('',#5202,1.4);
#310=CYLINDRICAL_SURFACE('',#5208,1.4);
#311=CYLINDRICAL_SURFACE('',#5214,1.4);
#312=CYLINDRICAL_SURFACE('',#5216,40.0000000000001);
#313=CYLINDRICAL_SURFACE('',#5218,40.0000000000002);
#314=CYLINDRICAL_SURFACE('',#5221,1.4);
#315=CYLINDRICAL_SURFACE('',#5227,1.4);
#316=CYLINDRICAL_SURFACE('',#5233,1.4);
#317=CYLINDRICAL_SURFACE('',#5237,1.);
#318=CYLINDRICAL_SURFACE('',#5243,1.);
#319=CYLINDRICAL_SURFACE('',#5246,2.);
#320=CYLINDRICAL_SURFACE('',#5252,2.);
#321=CYLINDRICAL_SURFACE('',#5258,2.);
#322=CYLINDRICAL_SURFACE('',#5260,2.);
#323=CYLINDRICAL_SURFACE('',#5265,2.);
#324=CYLINDRICAL_SURFACE('',#5270,2.);
#325=CYLINDRICAL_SURFACE('',#5271,6.);
#326=CYLINDRICAL_SURFACE('',#5275,19.9999999999999);
#327=CYLINDRICAL_SURFACE('',#5279,10.);
#328=CYLINDRICAL_SURFACE('',#5286,30.0000000000001);
#329=CYLINDRICAL_SURFACE('',#5287,20.0000000000001);
#330=CYLINDRICAL_SURFACE('',#5294,19.9999999999999);
#331=CYLINDRICAL_SURFACE('',#5298,10.);
#332=CYLINDRICAL_SURFACE('',#5305,30.0000000000002);
#333=CYLINDRICAL_SURFACE('',#5306,20.0000000000001);
#334=CYLINDRICAL_SURFACE('',#5314,19.9999999999999);
#335=CYLINDRICAL_SURFACE('',#5317,10.);
#336=CYLINDRICAL_SURFACE('',#5328,24.);
#337=CYLINDRICAL_SURFACE('',#5330,1.4);
#338=CYLINDRICAL_SURFACE('',#5338,1.4);
#339=CYLINDRICAL_SURFACE('',#5344,1.4);
#340=CYLINDRICAL_SURFACE('',#5349,6.);
#341=CYLINDRICAL_SURFACE('',#5352,1.);
#342=CYLINDRICAL_SURFACE('',#5363,2.);
#343=CYLINDRICAL_SURFACE('',#5369,30.4000000000001);
#344=CYLINDRICAL_SURFACE('',#5372,30.4000000000002);
#345=CYLINDRICAL_SURFACE('',#5378,2.);
#346=CYLINDRICAL_SURFACE('',#5383,40.0000000000001);
#347=CYLINDRICAL_SURFACE('',#5392,12.);
#348=CYLINDRICAL_SURFACE('',#5396,40.0000000000002);
#349=CYLINDRICAL_SURFACE('',#5411,24.);
#350=CYLINDRICAL_SURFACE('',#5413,1.4);
#351=CYLINDRICAL_SURFACE('',#5416,1.4);
#352=CYLINDRICAL_SURFACE('',#5422,1.4);
#353=CYLINDRICAL_SURFACE('',#5428,1.4);
#354=CYLINDRICAL_SURFACE('',#5433,1.4);
#355=CYLINDRICAL_SURFACE('',#5435,6.);
#356=CYLINDRICAL_SURFACE('',#5442,1.);
#357=CYLINDRICAL_SURFACE('',#5447,1.);
#358=CYLINDRICAL_SURFACE('',#5449,2.);
#359=CYLINDRICAL_SURFACE('',#5454,2.);
#360=CYLINDRICAL_SURFACE('',#5459,2.);
#361=CYLINDRICAL_SURFACE('',#5461,30.4000000000001);
#362=CYLINDRICAL_SURFACE('',#5464,30.4000000000002);
#363=CYLINDRICAL_SURFACE('',#5467,2.);
#364=CYLINDRICAL_SURFACE('',#5472,2.);
#365=CYLINDRICAL_SURFACE('',#5477,2.);
#366=CYLINDRICAL_SURFACE('',#5480,12.);
#367=CYLINDRICAL_SURFACE('',#5484,40.0000000000001);
#368=CYLINDRICAL_SURFACE('',#5492,12.);
#369=CYLINDRICAL_SURFACE('',#5496,40.0000000000002);
#370=CYLINDRICAL_SURFACE('',#5505,12.);
#371=CYLINDRICAL_SURFACE('',#5511,31.5);
#372=CYLINDRICAL_SURFACE('',#5513,8.);
#373=CYLINDRICAL_SURFACE('',#5524,8.);
#374=CYLINDRICAL_SURFACE('',#5530,8.);
#375=CYLINDRICAL_SURFACE('',#5533,8.);
#376=CYLINDRICAL_SURFACE('',#5543,8.);
#377=CYLINDRICAL_SURFACE('',#5549,15.);
#378=CYLINDRICAL_SURFACE('',#5556,23.8);
#379=CYLINDRICAL_SURFACE('',#5562,30.);
#380=CYLINDRICAL_SURFACE('',#5564,42.);
#381=CYLINDRICAL_SURFACE('',#5567,15.);
#382=CYLINDRICAL_SURFACE('',#5571,15.);
#383=CYLINDRICAL_SURFACE('',#5583,15.9);
#384=CYLINDRICAL_SURFACE('',#5588,15.9);
#385=CYLINDRICAL_SURFACE('',#5599,31.5);
#386=CYLINDRICAL_SURFACE('',#5604,8.);
#387=CYLINDRICAL_SURFACE('',#5609,8.);
#388=CYLINDRICAL_SURFACE('',#5611,8.);
#389=CYLINDRICAL_SURFACE('',#5617,8.);
#390=CYLINDRICAL_SURFACE('',#5625,8.);
#391=CYLINDRICAL_SURFACE('',#5628,8.);
#392=CYLINDRICAL_SURFACE('',#5637,8.);
#393=CYLINDRICAL_SURFACE('',#5638,8.);
#394=CYLINDRICAL_SURFACE('',#5643,8.);
#395=CYLINDRICAL_SURFACE('',#5644,15.);
#396=CYLINDRICAL_SURFACE('',#5651,23.8);
#397=CYLINDRICAL_SURFACE('',#5657,30.);
#398=CYLINDRICAL_SURFACE('',#5659,42.);
#399=CYLINDRICAL_SURFACE('',#5663,15.);
#400=CYLINDRICAL_SURFACE('',#5667,15.);
#401=CYLINDRICAL_SURFACE('',#5679,15.9);
#402=CYLINDRICAL_SURFACE('',#5684,15.9);
#403=FACE_OUTER_BOUND('',#718,.T.);
#404=FACE_OUTER_BOUND('',#719,.T.);
#405=FACE_OUTER_BOUND('',#720,.T.);
#406=FACE_OUTER_BOUND('',#721,.T.);
#407=FACE_OUTER_BOUND('',#722,.T.);
#408=FACE_OUTER_BOUND('',#723,.T.);
#409=FACE_OUTER_BOUND('',#724,.T.);
#410=FACE_OUTER_BOUND('',#726,.T.);
#411=FACE_OUTER_BOUND('',#727,.T.);
#412=FACE_OUTER_BOUND('',#728,.T.);
#413=FACE_OUTER_BOUND('',#729,.T.);
#414=FACE_OUTER_BOUND('',#730,.T.);
#415=FACE_OUTER_BOUND('',#731,.T.);
#416=FACE_OUTER_BOUND('',#732,.T.);
#417=FACE_OUTER_BOUND('',#733,.T.);
#418=FACE_OUTER_BOUND('',#734,.T.);
#419=FACE_OUTER_BOUND('',#735,.T.);
#420=FACE_OUTER_BOUND('',#736,.T.);
#421=FACE_OUTER_BOUND('',#737,.T.);
#422=FACE_OUTER_BOUND('',#738,.T.);
#423=FACE_OUTER_BOUND('',#739,.T.);
#424=FACE_OUTER_BOUND('',#740,.T.);
#425=FACE_OUTER_BOUND('',#741,.T.);
#426=FACE_OUTER_BOUND('',#742,.T.);
#427=FACE_OUTER_BOUND('',#743,.T.);
#428=FACE_OUTER_BOUND('',#744,.T.);
#429=FACE_OUTER_BOUND('',#745,.T.);
#430=FACE_OUTER_BOUND('',#746,.T.);
#431=FACE_OUTER_BOUND('',#747,.T.);
#432=FACE_OUTER_BOUND('',#748,.T.);
#433=FACE_OUTER_BOUND('',#749,.T.);
#434=FACE_OUTER_BOUND('',#750,.T.);
#435=FACE_OUTER_BOUND('',#751,.T.);
#436=FACE_OUTER_BOUND('',#752,.T.);
#437=FACE_OUTER_BOUND('',#753,.T.);
#438=FACE_OUTER_BOUND('',#754,.T.);
#439=FACE_OUTER_BOUND('',#755,.T.);
#440=FACE_OUTER_BOUND('',#756,.T.);
#441=FACE_OUTER_BOUND('',#757,.T.);
#442=FACE_OUTER_BOUND('',#758,.T.);
#443=FACE_OUTER_BOUND('',#759,.T.);
#444=FACE_OUTER_BOUND('',#760,.T.);
#445=FACE_OUTER_BOUND('',#761,.T.);
#446=FACE_OUTER_BOUND('',#762,.T.);
#447=FACE_OUTER_BOUND('',#763,.T.);
#448=FACE_OUTER_BOUND('',#764,.T.);
#449=FACE_OUTER_BOUND('',#765,.T.);
#450=FACE_OUTER_BOUND('',#766,.T.);
#451=FACE_OUTER_BOUND('',#767,.T.);
#452=FACE_OUTER_BOUND('',#768,.T.);
#453=FACE_OUTER_BOUND('',#769,.T.);
#454=FACE_OUTER_BOUND('',#770,.T.);
#455=FACE_OUTER_BOUND('',#771,.T.);
#456=FACE_OUTER_BOUND('',#773,.T.);
#457=FACE_OUTER_BOUND('',#774,.T.);
#458=FACE_OUTER_BOUND('',#775,.T.);
#459=FACE_OUTER_BOUND('',#776,.T.);
#460=FACE_OUTER_BOUND('',#777,.T.);
#461=FACE_OUTER_BOUND('',#778,.T.);
#462=FACE_OUTER_BOUND('',#779,.T.);
#463=FACE_OUTER_BOUND('',#780,.T.);
#464=FACE_OUTER_BOUND('',#781,.T.);
#465=FACE_OUTER_BOUND('',#782,.T.);
#466=FACE_OUTER_BOUND('',#783,.T.);
#467=FACE_OUTER_BOUND('',#784,.T.);
#468=FACE_OUTER_BOUND('',#785,.T.);
#469=FACE_OUTER_BOUND('',#786,.T.);
#470=FACE_OUTER_BOUND('',#787,.T.);
#471=FACE_OUTER_BOUND('',#788,.T.);
#472=FACE_OUTER_BOUND('',#789,.T.);
#473=FACE_OUTER_BOUND('',#790,.T.);
#474=FACE_OUTER_BOUND('',#792,.T.);
#475=FACE_OUTER_BOUND('',#793,.T.);
#476=FACE_OUTER_BOUND('',#794,.T.);
#477=FACE_OUTER_BOUND('',#795,.T.);
#478=FACE_OUTER_BOUND('',#796,.T.);
#479=FACE_OUTER_BOUND('',#797,.T.);
#480=FACE_OUTER_BOUND('',#798,.T.);
#481=FACE_OUTER_BOUND('',#799,.T.);
#482=FACE_OUTER_BOUND('',#800,.T.);
#483=FACE_OUTER_BOUND('',#801,.T.);
#484=FACE_OUTER_BOUND('',#803,.T.);
#485=FACE_OUTER_BOUND('',#804,.T.);
#486=FACE_OUTER_BOUND('',#805,.T.);
#487=FACE_OUTER_BOUND('',#806,.T.);
#488=FACE_OUTER_BOUND('',#807,.T.);
#489=FACE_OUTER_BOUND('',#808,.T.);
#490=FACE_OUTER_BOUND('',#809,.T.);
#491=FACE_OUTER_BOUND('',#810,.T.);
#492=FACE_OUTER_BOUND('',#811,.T.);
#493=FACE_OUTER_BOUND('',#812,.T.);
#494=FACE_OUTER_BOUND('',#813,.T.);
#495=FACE_OUTER_BOUND('',#814,.T.);
#496=FACE_OUTER_BOUND('',#815,.T.);
#497=FACE_OUTER_BOUND('',#816,.T.);
#498=FACE_OUTER_BOUND('',#817,.T.);
#499=FACE_OUTER_BOUND('',#818,.T.);
#500=FACE_OUTER_BOUND('',#819,.T.);
#501=FACE_OUTER_BOUND('',#820,.T.);
#502=FACE_OUTER_BOUND('',#821,.T.);
#503=FACE_OUTER_BOUND('',#822,.T.);
#504=FACE_OUTER_BOUND('',#823,.T.);
#505=FACE_OUTER_BOUND('',#824,.T.);
#506=FACE_OUTER_BOUND('',#825,.T.);
#507=FACE_OUTER_BOUND('',#826,.T.);
#508=FACE_OUTER_BOUND('',#827,.T.);
#509=FACE_OUTER_BOUND('',#828,.T.);
#510=FACE_OUTER_BOUND('',#829,.T.);
#511=FACE_OUTER_BOUND('',#830,.T.);
#512=FACE_OUTER_BOUND('',#831,.T.);
#513=FACE_OUTER_BOUND('',#832,.T.);
#514=FACE_OUTER_BOUND('',#833,.T.);
#515=FACE_OUTER_BOUND('',#834,.T.);
#516=FACE_OUTER_BOUND('',#835,.T.);
#517=FACE_OUTER_BOUND('',#836,.T.);
#518=FACE_OUTER_BOUND('',#837,.T.);
#519=FACE_OUTER_BOUND('',#838,.T.);
#520=FACE_OUTER_BOUND('',#839,.T.);
#521=FACE_OUTER_BOUND('',#840,.T.);
#522=FACE_OUTER_BOUND('',#841,.T.);
#523=FACE_OUTER_BOUND('',#842,.T.);
#524=FACE_OUTER_BOUND('',#843,.T.);
#525=FACE_OUTER_BOUND('',#844,.T.);
#526=FACE_OUTER_BOUND('',#845,.T.);
#527=FACE_OUTER_BOUND('',#846,.T.);
#528=FACE_OUTER_BOUND('',#847,.T.);
#529=FACE_OUTER_BOUND('',#848,.T.);
#530=FACE_OUTER_BOUND('',#849,.T.);
#531=FACE_OUTER_BOUND('',#850,.T.);
#532=FACE_OUTER_BOUND('',#851,.T.);
#533=FACE_OUTER_BOUND('',#852,.T.);
#534=FACE_OUTER_BOUND('',#853,.T.);
#535=FACE_OUTER_BOUND('',#854,.T.);
#536=FACE_OUTER_BOUND('',#855,.T.);
#537=FACE_OUTER_BOUND('',#856,.T.);
#538=FACE_OUTER_BOUND('',#857,.T.);
#539=FACE_OUTER_BOUND('',#858,.T.);
#540=FACE_OUTER_BOUND('',#859,.T.);
#541=FACE_OUTER_BOUND('',#860,.T.);
#542=FACE_OUTER_BOUND('',#861,.T.);
#543=FACE_OUTER_BOUND('',#862,.T.);
#544=FACE_OUTER_BOUND('',#863,.T.);
#545=FACE_OUTER_BOUND('',#864,.T.);
#546=FACE_OUTER_BOUND('',#865,.T.);
#547=FACE_OUTER_BOUND('',#866,.T.);
#548=FACE_OUTER_BOUND('',#867,.T.);
#549=FACE_OUTER_BOUND('',#868,.T.);
#550=FACE_OUTER_BOUND('',#869,.T.);
#551=FACE_OUTER_BOUND('',#870,.T.);
#552=FACE_OUTER_BOUND('',#871,.T.);
#553=FACE_OUTER_BOUND('',#872,.T.);
#554=FACE_OUTER_BOUND('',#873,.T.);
#555=FACE_OUTER_BOUND('',#875,.T.);
#556=FACE_OUTER_BOUND('',#876,.T.);
#557=FACE_OUTER_BOUND('',#877,.T.);
#558=FACE_OUTER_BOUND('',#878,.T.);
#559=FACE_OUTER_BOUND('',#879,.T.);
#560=FACE_OUTER_BOUND('',#880,.T.);
#561=FACE_OUTER_BOUND('',#881,.T.);
#562=FACE_OUTER_BOUND('',#882,.T.);
#563=FACE_OUTER_BOUND('',#883,.T.);
#564=FACE_OUTER_BOUND('',#884,.T.);
#565=FACE_OUTER_BOUND('',#885,.T.);
#566=FACE_OUTER_BOUND('',#886,.T.);
#567=FACE_OUTER_BOUND('',#887,.T.);
#568=FACE_OUTER_BOUND('',#888,.T.);
#569=FACE_OUTER_BOUND('',#889,.T.);
#570=FACE_OUTER_BOUND('',#890,.T.);
#571=FACE_OUTER_BOUND('',#891,.T.);
#572=FACE_OUTER_BOUND('',#892,.T.);
#573=FACE_OUTER_BOUND('',#893,.T.);
#574=FACE_OUTER_BOUND('',#894,.T.);
#575=FACE_OUTER_BOUND('',#895,.T.);
#576=FACE_OUTER_BOUND('',#896,.T.);
#577=FACE_OUTER_BOUND('',#897,.T.);
#578=FACE_OUTER_BOUND('',#898,.T.);
#579=FACE_OUTER_BOUND('',#899,.T.);
#580=FACE_OUTER_BOUND('',#900,.T.);
#581=FACE_OUTER_BOUND('',#902,.T.);
#582=FACE_OUTER_BOUND('',#903,.T.);
#583=FACE_OUTER_BOUND('',#904,.T.);
#584=FACE_OUTER_BOUND('',#905,.T.);
#585=FACE_OUTER_BOUND('',#906,.T.);
#586=FACE_OUTER_BOUND('',#907,.T.);
#587=FACE_OUTER_BOUND('',#908,.T.);
#588=FACE_OUTER_BOUND('',#909,.T.);
#589=FACE_OUTER_BOUND('',#910,.T.);
#590=FACE_OUTER_BOUND('',#911,.T.);
#591=FACE_OUTER_BOUND('',#912,.T.);
#592=FACE_OUTER_BOUND('',#913,.T.);
#593=FACE_OUTER_BOUND('',#914,.T.);
#594=FACE_OUTER_BOUND('',#915,.T.);
#595=FACE_OUTER_BOUND('',#916,.T.);
#596=FACE_OUTER_BOUND('',#917,.T.);
#597=FACE_OUTER_BOUND('',#918,.T.);
#598=FACE_OUTER_BOUND('',#919,.T.);
#599=FACE_OUTER_BOUND('',#920,.T.);
#600=FACE_OUTER_BOUND('',#921,.T.);
#601=FACE_OUTER_BOUND('',#922,.T.);
#602=FACE_OUTER_BOUND('',#923,.T.);
#603=FACE_OUTER_BOUND('',#924,.T.);
#604=FACE_OUTER_BOUND('',#925,.T.);
#605=FACE_OUTER_BOUND('',#926,.T.);
#606=FACE_OUTER_BOUND('',#927,.T.);
#607=FACE_OUTER_BOUND('',#928,.T.);
#608=FACE_OUTER_BOUND('',#929,.T.);
#609=FACE_OUTER_BOUND('',#931,.T.);
#610=FACE_OUTER_BOUND('',#932,.T.);
#611=FACE_OUTER_BOUND('',#933,.T.);
#612=FACE_OUTER_BOUND('',#934,.T.);
#613=FACE_OUTER_BOUND('',#935,.T.);
#614=FACE_OUTER_BOUND('',#936,.T.);
#615=FACE_OUTER_BOUND('',#937,.T.);
#616=FACE_OUTER_BOUND('',#938,.T.);
#617=FACE_OUTER_BOUND('',#939,.T.);
#618=FACE_OUTER_BOUND('',#940,.T.);
#619=FACE_OUTER_BOUND('',#941,.T.);
#620=FACE_OUTER_BOUND('',#942,.T.);
#621=FACE_OUTER_BOUND('',#943,.T.);
#622=FACE_OUTER_BOUND('',#944,.T.);
#623=FACE_OUTER_BOUND('',#945,.T.);
#624=FACE_OUTER_BOUND('',#946,.T.);
#625=FACE_OUTER_BOUND('',#947,.T.);
#626=FACE_OUTER_BOUND('',#948,.T.);
#627=FACE_OUTER_BOUND('',#951,.T.);
#628=FACE_OUTER_BOUND('',#952,.T.);
#629=FACE_OUTER_BOUND('',#953,.T.);
#630=FACE_OUTER_BOUND('',#954,.T.);
#631=FACE_OUTER_BOUND('',#955,.T.);
#632=FACE_OUTER_BOUND('',#956,.T.);
#633=FACE_OUTER_BOUND('',#957,.T.);
#634=FACE_OUTER_BOUND('',#958,.T.);
#635=FACE_OUTER_BOUND('',#959,.T.);
#636=FACE_OUTER_BOUND('',#960,.T.);
#637=FACE_OUTER_BOUND('',#961,.T.);
#638=FACE_OUTER_BOUND('',#962,.T.);
#639=FACE_OUTER_BOUND('',#963,.T.);
#640=FACE_OUTER_BOUND('',#964,.T.);
#641=FACE_OUTER_BOUND('',#965,.T.);
#642=FACE_OUTER_BOUND('',#966,.T.);
#643=FACE_OUTER_BOUND('',#967,.T.);
#644=FACE_OUTER_BOUND('',#968,.T.);
#645=FACE_OUTER_BOUND('',#969,.T.);
#646=FACE_OUTER_BOUND('',#970,.T.);
#647=FACE_OUTER_BOUND('',#971,.T.);
#648=FACE_OUTER_BOUND('',#972,.T.);
#649=FACE_OUTER_BOUND('',#973,.T.);
#650=FACE_OUTER_BOUND('',#974,.T.);
#651=FACE_OUTER_BOUND('',#975,.T.);
#652=FACE_OUTER_BOUND('',#976,.T.);
#653=FACE_OUTER_BOUND('',#977,.T.);
#654=FACE_OUTER_BOUND('',#978,.T.);
#655=FACE_OUTER_BOUND('',#979,.T.);
#656=FACE_OUTER_BOUND('',#980,.T.);
#657=FACE_OUTER_BOUND('',#981,.T.);
#658=FACE_OUTER_BOUND('',#982,.T.);
#659=FACE_OUTER_BOUND('',#983,.T.);
#660=FACE_OUTER_BOUND('',#984,.T.);
#661=FACE_OUTER_BOUND('',#985,.T.);
#662=FACE_OUTER_BOUND('',#986,.T.);
#663=FACE_OUTER_BOUND('',#987,.T.);
#664=FACE_OUTER_BOUND('',#988,.T.);
#665=FACE_OUTER_BOUND('',#989,.T.);
#666=FACE_OUTER_BOUND('',#990,.T.);
#667=FACE_OUTER_BOUND('',#991,.T.);
#668=FACE_OUTER_BOUND('',#992,.T.);
#669=FACE_OUTER_BOUND('',#993,.T.);
#670=FACE_OUTER_BOUND('',#994,.T.);
#671=FACE_OUTER_BOUND('',#995,.T.);
#672=FACE_OUTER_BOUND('',#996,.T.);
#673=FACE_OUTER_BOUND('',#997,.T.);
#674=FACE_OUTER_BOUND('',#998,.T.);
#675=FACE_OUTER_BOUND('',#999,.T.);
#676=FACE_OUTER_BOUND('',#1002,.T.);
#677=FACE_OUTER_BOUND('',#1003,.T.);
#678=FACE_OUTER_BOUND('',#1004,.T.);
#679=FACE_OUTER_BOUND('',#1005,.T.);
#680=FACE_OUTER_BOUND('',#1006,.T.);
#681=FACE_OUTER_BOUND('',#1007,.T.);
#682=FACE_OUTER_BOUND('',#1008,.T.);
#683=FACE_OUTER_BOUND('',#1009,.T.);
#684=FACE_OUTER_BOUND('',#1010,.T.);
#685=FACE_OUTER_BOUND('',#1011,.T.);
#686=FACE_OUTER_BOUND('',#1012,.T.);
#687=FACE_OUTER_BOUND('',#1013,.T.);
#688=FACE_OUTER_BOUND('',#1014,.T.);
#689=FACE_OUTER_BOUND('',#1015,.T.);
#690=FACE_OUTER_BOUND('',#1016,.T.);
#691=FACE_OUTER_BOUND('',#1017,.T.);
#692=FACE_OUTER_BOUND('',#1018,.T.);
#693=FACE_OUTER_BOUND('',#1019,.T.);
#694=FACE_OUTER_BOUND('',#1020,.T.);
#695=FACE_OUTER_BOUND('',#1021,.T.);
#696=FACE_OUTER_BOUND('',#1022,.T.);
#697=FACE_OUTER_BOUND('',#1023,.T.);
#698=FACE_OUTER_BOUND('',#1024,.T.);
#699=FACE_OUTER_BOUND('',#1025,.T.);
#700=FACE_OUTER_BOUND('',#1026,.T.);
#701=FACE_OUTER_BOUND('',#1027,.T.);
#702=FACE_OUTER_BOUND('',#1028,.T.);
#703=FACE_OUTER_BOUND('',#1029,.T.);
#704=FACE_OUTER_BOUND('',#1030,.T.);
#705=FACE_OUTER_BOUND('',#1031,.T.);
#706=FACE_OUTER_BOUND('',#1032,.T.);
#707=FACE_OUTER_BOUND('',#1033,.T.);
#708=FACE_OUTER_BOUND('',#1034,.T.);
#709=FACE_OUTER_BOUND('',#1035,.T.);
#710=FACE_OUTER_BOUND('',#1036,.T.);
#711=FACE_OUTER_BOUND('',#1037,.T.);
#712=FACE_OUTER_BOUND('',#1038,.T.);
#713=FACE_OUTER_BOUND('',#1039,.T.);
#714=FACE_OUTER_BOUND('',#1040,.T.);
#715=FACE_OUTER_BOUND('',#1041,.T.);
#716=FACE_OUTER_BOUND('',#1042,.T.);
#717=FACE_OUTER_BOUND('',#1043,.T.);
#718=EDGE_LOOP('',(#3226,#3227,#3228,#3229));
#719=EDGE_LOOP('',(#3230,#3231,#3232,#3233));
#720=EDGE_LOOP('',(#3234,#3235,#3236,#3237));
#721=EDGE_LOOP('',(#3238));
#722=EDGE_LOOP('',(#3239,#3240,#3241,#3242));
#723=EDGE_LOOP('',(#3243,#3244,#3245,#3246));
#724=EDGE_LOOP('',(#3247,#3248,#3249,#3250));
#725=EDGE_LOOP('',(#3251));
#726=EDGE_LOOP('',(#3252,#3253,#3254,#3255));
#727=EDGE_LOOP('',(#3256,#3257,#3258,#3259));
#728=EDGE_LOOP('',(#3260,#3261,#3262,#3263));
#729=EDGE_LOOP('',(#3264,#3265,#3266,#3267));
#730=EDGE_LOOP('',(#3268,#3269,#3270,#3271));
#731=EDGE_LOOP('',(#3272,#3273,#3274,#3275));
#732=EDGE_LOOP('',(#3276,#3277,#3278,#3279));
#733=EDGE_LOOP('',(#3280,#3281,#3282,#3283));
#734=EDGE_LOOP('',(#3284,#3285,#3286,#3287));
#735=EDGE_LOOP('',(#3288,#3289,#3290,#3291));
#736=EDGE_LOOP('',(#3292,#3293,#3294,#3295));
#737=EDGE_LOOP('',(#3296,#3297,#3298,#3299));
#738=EDGE_LOOP('',(#3300,#3301,#3302,#3303));
#739=EDGE_LOOP('',(#3304,#3305,#3306,#3307));
#740=EDGE_LOOP('',(#3308,#3309,#3310,#3311));
#741=EDGE_LOOP('',(#3312,#3313,#3314,#3315));
#742=EDGE_LOOP('',(#3316,#3317,#3318,#3319));
#743=EDGE_LOOP('',(#3320,#3321,#3322,#3323));
#744=EDGE_LOOP('',(#3324,#3325,#3326,#3327));
#745=EDGE_LOOP('',(#3328,#3329,#3330,#3331));
#746=EDGE_LOOP('',(#3332,#3333,#3334,#3335));
#747=EDGE_LOOP('',(#3336,#3337,#3338,#3339));
#748=EDGE_LOOP('',(#3340,#3341,#3342,#3343));
#749=EDGE_LOOP('',(#3344,#3345,#3346,#3347));
#750=EDGE_LOOP('',(#3348,#3349,#3350,#3351));
#751=EDGE_LOOP('',(#3352,#3353,#3354,#3355));
#752=EDGE_LOOP('',(#3356,#3357,#3358,#3359));
#753=EDGE_LOOP('',(#3360,#3361,#3362,#3363));
#754=EDGE_LOOP('',(#3364,#3365,#3366,#3367));
#755=EDGE_LOOP('',(#3368,#3369,#3370,#3371));
#756=EDGE_LOOP('',(#3372,#3373,#3374,#3375));
#757=EDGE_LOOP('',(#3376,#3377,#3378,#3379));
#758=EDGE_LOOP('',(#3380,#3381,#3382,#3383));
#759=EDGE_LOOP('',(#3384,#3385,#3386,#3387));
#760=EDGE_LOOP('',(#3388,#3389,#3390,#3391));
#761=EDGE_LOOP('',(#3392,#3393,#3394,#3395));
#762=EDGE_LOOP('',(#3396,#3397,#3398,#3399));
#763=EDGE_LOOP('',(#3400,#3401,#3402,#3403));
#764=EDGE_LOOP('',(#3404,#3405,#3406,#3407));
#765=EDGE_LOOP('',(#3408,#3409,#3410,#3411));
#766=EDGE_LOOP('',(#3412,#3413,#3414,#3415));
#767=EDGE_LOOP('',(#3416,#3417,#3418,#3419));
#768=EDGE_LOOP('',(#3420));
#769=EDGE_LOOP('',(#3421,#3422,#3423,#3424));
#770=EDGE_LOOP('',(#3425,#3426,#3427,#3428));
#771=EDGE_LOOP('',(#3429,#3430,#3431,#3432));
#772=EDGE_LOOP('',(#3433));
#773=EDGE_LOOP('',(#3434,#3435,#3436,#3437));
#774=EDGE_LOOP('',(#3438,#3439,#3440,#3441));
#775=EDGE_LOOP('',(#3442,#3443,#3444,#3445));
#776=EDGE_LOOP('',(#3446,#3447,#3448,#3449));
#777=EDGE_LOOP('',(#3450,#3451,#3452,#3453));
#778=EDGE_LOOP('',(#3454,#3455,#3456,#3457));
#779=EDGE_LOOP('',(#3458,#3459,#3460,#3461));
#780=EDGE_LOOP('',(#3462,#3463,#3464,#3465));
#781=EDGE_LOOP('',(#3466,#3467,#3468,#3469,#3470,#3471,#3472,#3473,#3474,
#3475));
#782=EDGE_LOOP('',(#3476,#3477,#3478,#3479));
#783=EDGE_LOOP('',(#3480,#3481,#3482,#3483));
#784=EDGE_LOOP('',(#3484,#3485,#3486,#3487));
#785=EDGE_LOOP('',(#3488,#3489,#3490,#3491));
#786=EDGE_LOOP('',(#3492,#3493,#3494,#3495));
#787=EDGE_LOOP('',(#3496,#3497,#3498,#3499));
#788=EDGE_LOOP('',(#3500,#3501,#3502,#3503));
#789=EDGE_LOOP('',(#3504,#3505,#3506,#3507));
#790=EDGE_LOOP('',(#3508,#3509,#3510,#3511,#3512,#3513,#3514,#3515));
#791=EDGE_LOOP('',(#3516,#3517,#3518,#3519,#3520,#3521,#3522,#3523));
#792=EDGE_LOOP('',(#3524,#3525,#3526,#3527));
#793=EDGE_LOOP('',(#3528,#3529,#3530,#3531));
#794=EDGE_LOOP('',(#3532,#3533,#3534,#3535));
#795=EDGE_LOOP('',(#3536,#3537,#3538,#3539,#3540,#3541));
#796=EDGE_LOOP('',(#3542,#3543,#3544,#3545));
#797=EDGE_LOOP('',(#3546,#3547,#3548,#3549));
#798=EDGE_LOOP('',(#3550,#3551,#3552,#3553));
#799=EDGE_LOOP('',(#3554,#3555,#3556,#3557));
#800=EDGE_LOOP('',(#3558,#3559,#3560,#3561));
#801=EDGE_LOOP('',(#3562,#3563,#3564,#3565,#3566,#3567,#3568,#3569,#3570,
#3571,#3572,#3573,#3574,#3575));
#802=EDGE_LOOP('',(#3576,#3577,#3578,#3579,#3580,#3581,#3582,#3583));
#803=EDGE_LOOP('',(#3584,#3585,#3586,#3587));
#804=EDGE_LOOP('',(#3588,#3589,#3590,#3591));
#805=EDGE_LOOP('',(#3592,#3593,#3594,#3595));
#806=EDGE_LOOP('',(#3596,#3597,#3598,#3599));
#807=EDGE_LOOP('',(#3600,#3601,#3602,#3603));
#808=EDGE_LOOP('',(#3604,#3605,#3606,#3607));
#809=EDGE_LOOP('',(#3608,#3609,#3610,#3611));
#810=EDGE_LOOP('',(#3612,#3613,#3614,#3615));
#811=EDGE_LOOP('',(#3616,#3617,#3618,#3619));
#812=EDGE_LOOP('',(#3620,#3621,#3622,#3623));
#813=EDGE_LOOP('',(#3624,#3625,#3626,#3627));
#814=EDGE_LOOP('',(#3628,#3629,#3630,#3631));
#815=EDGE_LOOP('',(#3632,#3633,#3634,#3635));
#816=EDGE_LOOP('',(#3636,#3637,#3638,#3639));
#817=EDGE_LOOP('',(#3640,#3641,#3642,#3643));
#818=EDGE_LOOP('',(#3644,#3645,#3646,#3647));
#819=EDGE_LOOP('',(#3648,#3649,#3650,#3651));
#820=EDGE_LOOP('',(#3652,#3653,#3654,#3655));
#821=EDGE_LOOP('',(#3656,#3657,#3658,#3659));
#822=EDGE_LOOP('',(#3660,#3661,#3662,#3663));
#823=EDGE_LOOP('',(#3664,#3665,#3666,#3667));
#824=EDGE_LOOP('',(#3668,#3669,#3670,#3671));
#825=EDGE_LOOP('',(#3672,#3673,#3674,#3675));
#826=EDGE_LOOP('',(#3676,#3677,#3678,#3679));
#827=EDGE_LOOP('',(#3680,#3681,#3682,#3683));
#828=EDGE_LOOP('',(#3684,#3685,#3686,#3687));
#829=EDGE_LOOP('',(#3688,#3689,#3690,#3691));
#830=EDGE_LOOP('',(#3692,#3693,#3694,#3695));
#831=EDGE_LOOP('',(#3696,#3697,#3698,#3699));
#832=EDGE_LOOP('',(#3700,#3701,#3702,#3703));
#833=EDGE_LOOP('',(#3704,#3705,#3706,#3707));
#834=EDGE_LOOP('',(#3708,#3709,#3710,#3711));
#835=EDGE_LOOP('',(#3712,#3713,#3714,#3715,#3716,#3717,#3718,#3719));
#836=EDGE_LOOP('',(#3720,#3721,#3722,#3723));
#837=EDGE_LOOP('',(#3724,#3725,#3726,#3727));
#838=EDGE_LOOP('',(#3728,#3729,#3730,#3731));
#839=EDGE_LOOP('',(#3732,#3733,#3734,#3735));
#840=EDGE_LOOP('',(#3736,#3737,#3738,#3739));
#841=EDGE_LOOP('',(#3740,#3741,#3742,#3743));
#842=EDGE_LOOP('',(#3744,#3745,#3746,#3747,#3748,#3749,#3750,#3751));
#843=EDGE_LOOP('',(#3752,#3753,#3754,#3755,#3756));
#844=EDGE_LOOP('',(#3757,#3758,#3759,#3760));
#845=EDGE_LOOP('',(#3761,#3762,#3763,#3764));
#846=EDGE_LOOP('',(#3765,#3766,#3767,#3768,#3769));
#847=EDGE_LOOP('',(#3770,#3771,#3772,#3773,#3774));
#848=EDGE_LOOP('',(#3775,#3776,#3777,#3778));
#849=EDGE_LOOP('',(#3779,#3780,#3781,#3782,#3783));
#850=EDGE_LOOP('',(#3784,#3785,#3786,#3787));
#851=EDGE_LOOP('',(#3788,#3789,#3790,#3791));
#852=EDGE_LOOP('',(#3792,#3793,#3794,#3795));
#853=EDGE_LOOP('',(#3796,#3797,#3798,#3799));
#854=EDGE_LOOP('',(#3800,#3801,#3802,#3803));
#855=EDGE_LOOP('',(#3804,#3805,#3806,#3807));
#856=EDGE_LOOP('',(#3808,#3809,#3810,#3811));
#857=EDGE_LOOP('',(#3812,#3813,#3814,#3815));
#858=EDGE_LOOP('',(#3816,#3817,#3818,#3819));
#859=EDGE_LOOP('',(#3820,#3821,#3822,#3823));
#860=EDGE_LOOP('',(#3824,#3825,#3826,#3827));
#861=EDGE_LOOP('',(#3828,#3829,#3830,#3831));
#862=EDGE_LOOP('',(#3832,#3833,#3834,#3835));
#863=EDGE_LOOP('',(#3836,#3837,#3838,#3839));
#864=EDGE_LOOP('',(#3840,#3841,#3842,#3843));
#865=EDGE_LOOP('',(#3844,#3845,#3846,#3847));
#866=EDGE_LOOP('',(#3848,#3849,#3850,#3851));
#867=EDGE_LOOP('',(#3852,#3853,#3854,#3855));
#868=EDGE_LOOP('',(#3856,#3857,#3858,#3859));
#869=EDGE_LOOP('',(#3860,#3861,#3862,#3863));
#870=EDGE_LOOP('',(#3864,#3865,#3866,#3867));
#871=EDGE_LOOP('',(#3868,#3869,#3870,#3871));
#872=EDGE_LOOP('',(#3872,#3873,#3874,#3875));
#873=EDGE_LOOP('',(#3876,#3877,#3878,#3879));
#874=EDGE_LOOP('',(#3880,#3881,#3882,#3883,#3884,#3885));
#875=EDGE_LOOP('',(#3886,#3887,#3888,#3889));
#876=EDGE_LOOP('',(#3890,#3891,#3892,#3893));
#877=EDGE_LOOP('',(#3894,#3895,#3896,#3897));
#878=EDGE_LOOP('',(#3898,#3899,#3900,#3901));
#879=EDGE_LOOP('',(#3902,#3903,#3904,#3905));
#880=EDGE_LOOP('',(#3906,#3907,#3908,#3909));
#881=EDGE_LOOP('',(#3910,#3911,#3912,#3913,#3914));
#882=EDGE_LOOP('',(#3915,#3916,#3917,#3918));
#883=EDGE_LOOP('',(#3919,#3920,#3921,#3922));
#884=EDGE_LOOP('',(#3923,#3924,#3925,#3926,#3927));
#885=EDGE_LOOP('',(#3928,#3929,#3930,#3931,#3932));
#886=EDGE_LOOP('',(#3933,#3934,#3935,#3936));
#887=EDGE_LOOP('',(#3937,#3938,#3939,#3940,#3941));
#888=EDGE_LOOP('',(#3942,#3943,#3944,#3945));
#889=EDGE_LOOP('',(#3946,#3947,#3948,#3949));
#890=EDGE_LOOP('',(#3950,#3951,#3952,#3953));
#891=EDGE_LOOP('',(#3954,#3955,#3956,#3957));
#892=EDGE_LOOP('',(#3958,#3959,#3960,#3961));
#893=EDGE_LOOP('',(#3962,#3963,#3964,#3965));
#894=EDGE_LOOP('',(#3966,#3967,#3968,#3969));
#895=EDGE_LOOP('',(#3970,#3971,#3972,#3973));
#896=EDGE_LOOP('',(#3974,#3975,#3976,#3977));
#897=EDGE_LOOP('',(#3978,#3979,#3980,#3981));
#898=EDGE_LOOP('',(#3982,#3983,#3984,#3985));
#899=EDGE_LOOP('',(#3986,#3987,#3988,#3989));
#900=EDGE_LOOP('',(#3990,#3991,#3992,#3993,#3994,#3995,#3996,#3997,#3998,
#3999,#4000,#4001,#4002,#4003));
#901=EDGE_LOOP('',(#4004,#4005,#4006,#4007,#4008,#4009,#4010,#4011));
#902=EDGE_LOOP('',(#4012,#4013,#4014,#4015));
#903=EDGE_LOOP('',(#4016,#4017,#4018,#4019));
#904=EDGE_LOOP('',(#4020,#4021,#4022,#4023));
#905=EDGE_LOOP('',(#4024,#4025,#4026,#4027,#4028,#4029));
#906=EDGE_LOOP('',(#4030,#4031,#4032,#4033));
#907=EDGE_LOOP('',(#4034,#4035,#4036,#4037));
#908=EDGE_LOOP('',(#4038,#4039,#4040,#4041));
#909=EDGE_LOOP('',(#4042,#4043,#4044,#4045));
#910=EDGE_LOOP('',(#4046,#4047,#4048,#4049));
#911=EDGE_LOOP('',(#4050,#4051,#4052,#4053));
#912=EDGE_LOOP('',(#4054,#4055,#4056,#4057));
#913=EDGE_LOOP('',(#4058,#4059,#4060,#4061));
#914=EDGE_LOOP('',(#4062,#4063,#4064,#4065));
#915=EDGE_LOOP('',(#4066,#4067,#4068,#4069));
#916=EDGE_LOOP('',(#4070,#4071,#4072,#4073));
#917=EDGE_LOOP('',(#4074,#4075,#4076,#4077));
#918=EDGE_LOOP('',(#4078,#4079,#4080,#4081));
#919=EDGE_LOOP('',(#4082,#4083,#4084,#4085));
#920=EDGE_LOOP('',(#4086,#4087,#4088,#4089));
#921=EDGE_LOOP('',(#4090,#4091,#4092,#4093,#4094,#4095,#4096,#4097));
#922=EDGE_LOOP('',(#4098,#4099,#4100,#4101,#4102,#4103,#4104,#4105,#4106,
#4107));
#923=EDGE_LOOP('',(#4108,#4109,#4110,#4111));
#924=EDGE_LOOP('',(#4112,#4113,#4114,#4115));
#925=EDGE_LOOP('',(#4116,#4117,#4118,#4119));
#926=EDGE_LOOP('',(#4120,#4121,#4122,#4123));
#927=EDGE_LOOP('',(#4124,#4125,#4126,#4127));
#928=EDGE_LOOP('',(#4128,#4129,#4130,#4131));
#929=EDGE_LOOP('',(#4132,#4133,#4134,#4135));
#930=EDGE_LOOP('',(#4136,#4137,#4138,#4139,#4140,#4141));
#931=EDGE_LOOP('',(#4142,#4143,#4144,#4145));
#932=EDGE_LOOP('',(#4146,#4147,#4148,#4149));
#933=EDGE_LOOP('',(#4150,#4151,#4152,#4153));
#934=EDGE_LOOP('',(#4154,#4155,#4156,#4157));
#935=EDGE_LOOP('',(#4158,#4159,#4160,#4161));
#936=EDGE_LOOP('',(#4162,#4163,#4164,#4165));
#937=EDGE_LOOP('',(#4166,#4167,#4168,#4169,#4170,#4171,#4172,#4173,#4174,
#4175,#4176,#4177,#4178,#4179,#4180,#4181));
#938=EDGE_LOOP('',(#4182,#4183,#4184,#4185));
#939=EDGE_LOOP('',(#4186,#4187,#4188,#4189));
#940=EDGE_LOOP('',(#4190,#4191,#4192,#4193));
#941=EDGE_LOOP('',(#4194,#4195,#4196,#4197));
#942=EDGE_LOOP('',(#4198,#4199,#4200,#4201,#4202));
#943=EDGE_LOOP('',(#4203,#4204,#4205,#4206));
#944=EDGE_LOOP('',(#4207,#4208,#4209,#4210,#4211));
#945=EDGE_LOOP('',(#4212,#4213,#4214,#4215));
#946=EDGE_LOOP('',(#4216,#4217,#4218,#4219));
#947=EDGE_LOOP('',(#4220,#4221,#4222,#4223,#4224));
#948=EDGE_LOOP('',(#4225,#4226,#4227,#4228,#4229,#4230,#4231,#4232,#4233));
#949=EDGE_LOOP('',(#4234,#4235,#4236));
#950=EDGE_LOOP('',(#4237,#4238,#4239));
#951=EDGE_LOOP('',(#4240,#4241,#4242,#4243,#4244,#4245));
#952=EDGE_LOOP('',(#4246,#4247,#4248,#4249));
#953=EDGE_LOOP('',(#4250,#4251,#4252,#4253));
#954=EDGE_LOOP('',(#4254,#4255,#4256,#4257));
#955=EDGE_LOOP('',(#4258,#4259,#4260,#4261));
#956=EDGE_LOOP('',(#4262,#4263,#4264,#4265));
#957=EDGE_LOOP('',(#4266,#4267,#4268,#4269));
#958=EDGE_LOOP('',(#4270,#4271,#4272,#4273));
#959=EDGE_LOOP('',(#4274,#4275,#4276,#4277));
#960=EDGE_LOOP('',(#4278,#4279,#4280,#4281));
#961=EDGE_LOOP('',(#4282,#4283,#4284,#4285,#4286,#4287,#4288));
#962=EDGE_LOOP('',(#4289,#4290,#4291));
#963=EDGE_LOOP('',(#4292,#4293,#4294,#4295,#4296));
#964=EDGE_LOOP('',(#4297,#4298,#4299,#4300));
#965=EDGE_LOOP('',(#4301,#4302,#4303,#4304,#4305,#4306,#4307));
#966=EDGE_LOOP('',(#4308,#4309,#4310,#4311));
#967=EDGE_LOOP('',(#4312,#4313,#4314,#4315));
#968=EDGE_LOOP('',(#4316,#4317,#4318,#4319,#4320));
#969=EDGE_LOOP('',(#4321,#4322,#4323,#4324));
#970=EDGE_LOOP('',(#4325,#4326,#4327,#4328));
#971=EDGE_LOOP('',(#4329,#4330,#4331,#4332));
#972=EDGE_LOOP('',(#4333,#4334,#4335,#4336));
#973=EDGE_LOOP('',(#4337,#4338,#4339,#4340));
#974=EDGE_LOOP('',(#4341,#4342,#4343,#4344,#4345));
#975=EDGE_LOOP('',(#4346,#4347,#4348,#4349));
#976=EDGE_LOOP('',(#4350,#4351,#4352));
#977=EDGE_LOOP('',(#4353,#4354,#4355,#4356,#4357,#4358,#4359,#4360,#4361));
#978=EDGE_LOOP('',(#4362,#4363,#4364,#4365));
#979=EDGE_LOOP('',(#4366,#4367,#4368,#4369));
#980=EDGE_LOOP('',(#4370,#4371,#4372,#4373));
#981=EDGE_LOOP('',(#4374,#4375,#4376,#4377,#4378,#4379,#4380,#4381,#4382));
#982=EDGE_LOOP('',(#4383,#4384,#4385,#4386));
#983=EDGE_LOOP('',(#4387,#4388,#4389,#4390));
#984=EDGE_LOOP('',(#4391,#4392,#4393,#4394,#4395,#4396,#4397,#4398,#4399));
#985=EDGE_LOOP('',(#4400,#4401,#4402,#4403));
#986=EDGE_LOOP('',(#4404,#4405,#4406,#4407));
#987=EDGE_LOOP('',(#4408,#4409,#4410,#4411,#4412,#4413,#4414,#4415,#4416));
#988=EDGE_LOOP('',(#4417,#4418,#4419));
#989=EDGE_LOOP('',(#4420,#4421,#4422,#4423,#4424));
#990=EDGE_LOOP('',(#4425,#4426,#4427,#4428));
#991=EDGE_LOOP('',(#4429,#4430,#4431,#4432,#4433,#4434,#4435,#4436,#4437,
#4438,#4439,#4440,#4441,#4442,#4443,#4444,#4445,#4446,#4447,#4448,#4449,
#4450,#4451,#4452,#4453,#4454,#4455,#4456));
#992=EDGE_LOOP('',(#4457,#4458,#4459,#4460,#4461));
#993=EDGE_LOOP('',(#4462,#4463,#4464,#4465));
#994=EDGE_LOOP('',(#4466,#4467,#4468,#4469));
#995=EDGE_LOOP('',(#4470,#4471,#4472,#4473));
#996=EDGE_LOOP('',(#4474,#4475,#4476,#4477));
#997=EDGE_LOOP('',(#4478,#4479,#4480,#4481));
#998=EDGE_LOOP('',(#4482,#4483,#4484,#4485,#4486));
#999=EDGE_LOOP('',(#4487,#4488,#4489,#4490,#4491,#4492,#4493,#4494,#4495));
#1000=EDGE_LOOP('',(#4496,#4497,#4498));
#1001=EDGE_LOOP('',(#4499,#4500,#4501));
#1002=EDGE_LOOP('',(#4502,#4503,#4504,#4505,#4506,#4507,#4508,#4509,#4510,
#4511,#4512,#4513,#4514,#4515,#4516,#4517));
#1003=EDGE_LOOP('',(#4518,#4519,#4520,#4521,#4522,#4523));
#1004=EDGE_LOOP('',(#4524,#4525,#4526,#4527));
#1005=EDGE_LOOP('',(#4528,#4529,#4530,#4531));
#1006=EDGE_LOOP('',(#4532,#4533,#4534,#4535));
#1007=EDGE_LOOP('',(#4536,#4537,#4538,#4539));
#1008=EDGE_LOOP('',(#4540,#4541,#4542,#4543));
#1009=EDGE_LOOP('',(#4544,#4545,#4546,#4547));
#1010=EDGE_LOOP('',(#4548,#4549,#4550,#4551));
#1011=EDGE_LOOP('',(#4552,#4553,#4554,#4555));
#1012=EDGE_LOOP('',(#4556,#4557,#4558,#4559));
#1013=EDGE_LOOP('',(#4560,#4561,#4562,#4563));
#1014=EDGE_LOOP('',(#4564,#4565,#4566,#4567));
#1015=EDGE_LOOP('',(#4568,#4569,#4570,#4571,#4572,#4573,#4574));
#1016=EDGE_LOOP('',(#4575,#4576,#4577));
#1017=EDGE_LOOP('',(#4578,#4579,#4580,#4581,#4582));
#1018=EDGE_LOOP('',(#4583,#4584,#4585,#4586));
#1019=EDGE_LOOP('',(#4587,#4588,#4589,#4590,#4591,#4592,#4593));
#1020=EDGE_LOOP('',(#4594,#4595,#4596,#4597));
#1021=EDGE_LOOP('',(#4598,#4599,#4600,#4601));
#1022=EDGE_LOOP('',(#4602,#4603,#4604,#4605,#4606));
#1023=EDGE_LOOP('',(#4607,#4608,#4609,#4610));
#1024=EDGE_LOOP('',(#4611,#4612,#4613,#4614));
#1025=EDGE_LOOP('',(#4615,#4616,#4617,#4618));
#1026=EDGE_LOOP('',(#4619,#4620,#4621,#4622));
#1027=EDGE_LOOP('',(#4623,#4624,#4625,#4626));
#1028=EDGE_LOOP('',(#4627,#4628,#4629,#4630));
#1029=EDGE_LOOP('',(#4631,#4632,#4633,#4634,#4635));
#1030=EDGE_LOOP('',(#4636,#4637,#4638,#4639));
#1031=EDGE_LOOP('',(#4640,#4641,#4642));
#1032=EDGE_LOOP('',(#4643,#4644,#4645,#4646,#4647,#4648,#4649,#4650,#4651));
#1033=EDGE_LOOP('',(#4652,#4653,#4654,#4655));
#1034=EDGE_LOOP('',(#4656,#4657,#4658,#4659));
#1035=EDGE_LOOP('',(#4660,#4661,#4662,#4663));
#1036=EDGE_LOOP('',(#4664,#4665,#4666,#4667,#4668,#4669,#4670,#4671,#4672));
#1037=EDGE_LOOP('',(#4673,#4674,#4675,#4676));
#1038=EDGE_LOOP('',(#4677,#4678,#4679,#4680));
#1039=EDGE_LOOP('',(#4681,#4682,#4683,#4684,#4685,#4686,#4687,#4688,#4689));
#1040=EDGE_LOOP('',(#4690,#4691,#4692,#4693));
#1041=EDGE_LOOP('',(#4694,#4695,#4696,#4697));
#1042=EDGE_LOOP('',(#4698,#4699,#4700,#4701,#4702,#4703,#4704,#4705,#4706));
#1043=EDGE_LOOP('',(#4707,#4708,#4709));
#1044=LINE('',#7283,#1386);
#1045=LINE('',#7288,#1387);
#1046=LINE('',#7291,#1388);
#1047=LINE('',#7298,#1389);
#1048=LINE('',#7301,#1390);
#1049=LINE('',#7305,#1391);
#1050=LINE('',#7307,#1392);
#1051=LINE('',#7309,#1393);
#1052=LINE('',#7310,#1394);
#1053=LINE('',#7322,#1395);
#1054=LINE('',#7325,#1396);
#1055=LINE('',#7337,#1397);
#1056=LINE('',#7345,#1398);
#1057=LINE('',#7346,#1399);
#1058=LINE('',#7349,#1400);
#1059=LINE('',#7354,#1401);
#1060=LINE('',#7368,#1402);
#1061=LINE('',#7369,#1403);
#1062=LINE('',#7389,#1404);
#1063=LINE('',#7390,#1405);
#1064=LINE('',#7404,#1406);
#1065=LINE('',#7405,#1407);
#1066=LINE('',#7425,#1408);
#1067=LINE('',#7426,#1409);
#1068=LINE('',#7434,#1410);
#1069=LINE('',#7435,#1411);
#1070=LINE('',#7437,#1412);
#1071=LINE('',#7441,#1413);
#1072=LINE('',#7445,#1414);
#1073=LINE('',#7459,#1415);
#1074=LINE('',#7460,#1416);
#1075=LINE('',#7463,#1417);
#1076=LINE('',#7466,#1418);
#1077=LINE('',#7483,#1419);
#1078=LINE('',#7486,#1420);
#1079=LINE('',#7490,#1421);
#1080=LINE('',#7491,#1422);
#1081=LINE('',#7492,#1423);
#1082=LINE('',#7496,#1424);
#1083=LINE('',#7499,#1425);
#1084=LINE('',#7500,#1426);
#1085=LINE('',#7504,#1427);
#1086=LINE('',#7507,#1428);
#1087=LINE('',#7508,#1429);
#1088=LINE('',#7512,#1430);
#1089=LINE('',#7526,#1431);
#1090=LINE('',#7529,#1432);
#1091=LINE('',#7545,#1433);
#1092=LINE('',#7551,#1434);
#1093=LINE('',#7556,#1435);
#1094=LINE('',#7559,#1436);
#1095=LINE('',#7566,#1437);
#1096=LINE('',#7569,#1438);
#1097=LINE('',#7573,#1439);
#1098=LINE('',#7575,#1440);
#1099=LINE('',#7577,#1441);
#1100=LINE('',#7578,#1442);
#1101=LINE('',#7581,#1443);
#1102=LINE('',#7584,#1444);
#1103=LINE('',#7593,#1445);
#1104=LINE('',#7595,#1446);
#1105=LINE('',#7599,#1447);
#1106=LINE('',#7602,#1448);
#1107=LINE('',#7611,#1449);
#1108=LINE('',#7619,#1450);
#1109=LINE('',#7620,#1451);
#1110=LINE('',#7623,#1452);
#1111=LINE('',#7624,#1453);
#1112=LINE('',#7629,#1454);
#1113=LINE('',#7632,#1455);
#1114=LINE('',#7635,#1456);
#1115=LINE('',#7638,#1457);
#1116=LINE('',#7649,#1458);
#1117=LINE('',#7650,#1459);
#1118=LINE('',#7658,#1460);
#1119=LINE('',#7659,#1461);
#1120=LINE('',#7662,#1462);
#1121=LINE('',#7664,#1463);
#1122=LINE('',#7668,#1464);
#1123=LINE('',#7674,#1465);
#1124=LINE('',#7675,#1466);
#1125=LINE('',#7686,#1467);
#1126=LINE('',#7687,#1468);
#1127=LINE('',#7689,#1469);
#1128=LINE('',#7694,#1470);
#1129=LINE('',#7695,#1471);
#1130=LINE('',#7706,#1472);
#1131=LINE('',#7707,#1473);
#1132=LINE('',#7715,#1474);
#1133=LINE('',#7716,#1475);
#1134=LINE('',#7718,#1476);
#1135=LINE('',#7721,#1477);
#1136=LINE('',#7730,#1478);
#1137=LINE('',#7736,#1479);
#1138=LINE('',#7738,#1480);
#1139=LINE('',#7739,#1481);
#1140=LINE('',#7745,#1482);
#1141=LINE('',#7746,#1483);
#1142=LINE('',#7747,#1484);
#1143=LINE('',#7751,#1485);
#1144=LINE('',#7754,#1486);
#1145=LINE('',#7755,#1487);
#1146=LINE('',#7759,#1488);
#1147=LINE('',#7762,#1489);
#1148=LINE('',#7763,#1490);
#1149=LINE('',#7767,#1491);
#1150=LINE('',#7781,#1492);
#1151=LINE('',#7785,#1493);
#1152=LINE('',#7800,#1494);
#1153=LINE('',#7805,#1495);
#1154=LINE('',#7806,#1496);
#1155=LINE('',#7807,#1497);
#1156=LINE('',#7811,#1498);
#1157=LINE('',#7814,#1499);
#1158=LINE('',#7815,#1500);
#1159=LINE('',#7819,#1501);
#1160=LINE('',#7822,#1502);
#1161=LINE('',#7823,#1503);
#1162=LINE('',#7827,#1504);
#1163=LINE('',#7841,#1505);
#1164=LINE('',#7845,#1506);
#1165=LINE('',#7860,#1507);
#1166=LINE('',#7863,#1508);
#1167=LINE('',#7865,#1509);
#1168=LINE('',#7866,#1510);
#1169=LINE('',#7870,#1511);
#1170=LINE('',#7872,#1512);
#1171=LINE('',#7953,#1513);
#1172=LINE('',#7998,#1514);
#1173=LINE('',#8007,#1515);
#1174=LINE('',#8015,#1516);
#1175=LINE('',#8019,#1517);
#1176=LINE('',#8034,#1518);
#1177=LINE('',#8035,#1519);
#1178=LINE('',#8043,#1520);
#1179=LINE('',#8044,#1521);
#1180=LINE('',#8053,#1522);
#1181=LINE('',#8056,#1523);
#1182=LINE('',#8059,#1524);
#1183=LINE('',#8060,#1525);
#1184=LINE('',#8065,#1526);
#1185=LINE('',#8084,#1527);
#1186=LINE('',#8085,#1528);
#1187=LINE('',#8094,#1529);
#1188=LINE('',#8097,#1530);
#1189=LINE('',#8100,#1531);
#1190=LINE('',#8101,#1532);
#1191=LINE('',#8105,#1533);
#1192=LINE('',#8115,#1534);
#1193=LINE('',#8122,#1535);
#1194=LINE('',#8125,#1536);
#1195=LINE('',#8134,#1537);
#1196=LINE('',#8137,#1538);
#1197=LINE('',#8140,#1539);
#1198=LINE('',#8141,#1540);
#1199=LINE('',#8145,#1541);
#1200=LINE('',#8148,#1542);
#1201=LINE('',#8149,#1543);
#1202=LINE('',#8152,#1544);
#1203=LINE('',#8154,#1545);
#1204=LINE('',#8155,#1546);
#1205=LINE('',#8158,#1547);
#1206=LINE('',#8166,#1548);
#1207=LINE('',#8250,#1549);
#1208=LINE('',#8291,#1550);
#1209=LINE('',#8299,#1551);
#1210=LINE('',#8308,#1552);
#1211=LINE('',#8312,#1553);
#1212=LINE('',#8316,#1554);
#1213=LINE('',#8319,#1555);
#1214=LINE('',#8330,#1556);
#1215=LINE('',#8331,#1557);
#1216=LINE('',#8339,#1558);
#1217=LINE('',#8340,#1559);
#1218=LINE('',#8348,#1560);
#1219=LINE('',#8349,#1561);
#1220=LINE('',#8352,#1562);
#1221=LINE('',#8353,#1563);
#1222=LINE('',#8356,#1564);
#1223=LINE('',#8360,#1565);
#1224=LINE('',#8361,#1566);
#1225=LINE('',#8364,#1567);
#1226=LINE('',#8367,#1568);
#1227=LINE('',#8371,#1569);
#1228=LINE('',#8374,#1570);
#1229=LINE('',#8378,#1571);
#1230=LINE('',#8384,#1572);
#1231=LINE('',#8388,#1573);
#1232=LINE('',#8397,#1574);
#1233=LINE('',#8403,#1575);
#1234=LINE('',#8406,#1576);
#1235=LINE('',#8407,#1577);
#1236=LINE('',#8410,#1578);
#1237=LINE('',#8414,#1579);
#1238=LINE('',#8415,#1580);
#1239=LINE('',#8418,#1581);
#1240=LINE('',#8421,#1582);
#1241=LINE('',#8425,#1583);
#1242=LINE('',#8433,#1584);
#1243=LINE('',#8439,#1585);
#1244=LINE('',#8443,#1586);
#1245=LINE('',#8444,#1587);
#1246=LINE('',#8448,#1588);
#1247=LINE('',#8451,#1589);
#1248=LINE('',#8452,#1590);
#1249=LINE('',#8455,#1591);
#1250=LINE('',#8457,#1592);
#1251=LINE('',#8458,#1593);
#1252=LINE('',#8462,#1594);
#1253=LINE('',#8469,#1595);
#1254=LINE('',#8473,#1596);
#1255=LINE('',#8474,#1597);
#1256=LINE('',#8478,#1598);
#1257=LINE('',#8481,#1599);
#1258=LINE('',#8482,#1600);
#1259=LINE('',#8485,#1601);
#1260=LINE('',#8487,#1602);
#1261=LINE('',#8488,#1603);
#1262=LINE('',#8492,#1604);
#1263=LINE('',#8499,#1605);
#1264=LINE('',#8503,#1606);
#1265=LINE('',#8505,#1607);
#1266=LINE('',#8506,#1608);
#1267=LINE('',#8508,#1609);
#1268=LINE('',#8510,#1610);
#1269=LINE('',#8512,#1611);
#1270=LINE('',#8570,#1612);
#1271=LINE('',#8603,#1613);
#1272=LINE('',#8606,#1614);
#1273=LINE('',#8623,#1615);
#1274=LINE('',#8624,#1616);
#1275=LINE('',#8629,#1617);
#1276=LINE('',#8633,#1618);
#1277=LINE('',#8634,#1619);
#1278=LINE('',#8635,#1620);
#1279=LINE('',#8640,#1621);
#1280=LINE('',#8641,#1622);
#1281=LINE('',#8646,#1623);
#1282=LINE('',#8647,#1624);
#1283=LINE('',#8694,#1625);
#1284=LINE('',#8698,#1626);
#1285=LINE('',#8702,#1627);
#1286=LINE('',#8704,#1628);
#1287=LINE('',#8720,#1629);
#1288=LINE('',#8723,#1630);
#1289=LINE('',#8732,#1631);
#1290=LINE('',#8735,#1632);
#1291=LINE('',#8738,#1633);
#1292=LINE('',#8739,#1634);
#1293=LINE('',#8742,#1635);
#1294=LINE('',#8744,#1636);
#1295=LINE('',#8745,#1637);
#1296=LINE('',#8748,#1638);
#1297=LINE('',#8752,#1639);
#1298=LINE('',#8780,#1640);
#1299=LINE('',#8784,#1641);
#1300=LINE('',#8787,#1642);
#1301=LINE('',#8790,#1643);
#1302=LINE('',#8792,#1644);
#1303=LINE('',#8794,#1645);
#1304=LINE('',#8823,#1646);
#1305=LINE('',#8826,#1647);
#1306=LINE('',#8855,#1648);
#1307=LINE('',#8858,#1649);
#1308=LINE('',#8860,#1650);
#1309=LINE('',#8861,#1651);
#1310=LINE('',#8877,#1652);
#1311=LINE('',#8878,#1653);
#1312=LINE('',#8880,#1654);
#1313=LINE('',#8882,#1655);
#1314=LINE('',#8887,#1656);
#1315=LINE('',#8897,#1657);
#1316=LINE('',#8899,#1658);
#1317=LINE('',#8916,#1659);
#1318=LINE('',#8919,#1660);
#1319=LINE('',#8926,#1661);
#1320=LINE('',#8927,#1662);
#1321=LINE('',#8928,#1663);
#1322=LINE('',#8936,#1664);
#1323=LINE('',#8938,#1665);
#1324=LINE('',#8988,#1666);
#1325=LINE('',#8999,#1667);
#1326=LINE('',#9001,#1668);
#1327=LINE('',#9003,#1669);
#1328=LINE('',#9006,#1670);
#1329=LINE('',#9008,#1671);
#1330=LINE('',#9012,#1672);
#1331=LINE('',#9024,#1673);
#1332=LINE('',#9026,#1674);
#1333=LINE('',#9027,#1675);
#1334=LINE('',#9052,#1676);
#1335=LINE('',#9066,#1677);
#1336=LINE('',#9069,#1678);
#1337=LINE('',#9070,#1679);
#1338=LINE('',#9073,#1680);
#1339=LINE('',#9082,#1681);
#1340=LINE('',#9083,#1682);
#1341=LINE('',#9085,#1683);
#1342=LINE('',#9087,#1684);
#1343=LINE('',#9091,#1685);
#1344=LINE('',#9097,#1686);
#1345=LINE('',#9098,#1687);
#1346=LINE('',#9103,#1688);
#1347=LINE('',#9104,#1689);
#1348=LINE('',#9107,#1690);
#1349=LINE('',#9111,#1691);
#1350=LINE('',#9113,#1692);
#1351=LINE('',#9114,#1693);
#1352=LINE('',#9155,#1694);
#1353=LINE('',#9159,#1695);
#1354=LINE('',#9163,#1696);
#1355=LINE('',#9175,#1697);
#1356=LINE('',#9179,#1698);
#1357=LINE('',#9185,#1699);
#1358=LINE('',#9188,#1700);
#1359=LINE('',#9191,#1701);
#1360=LINE('',#9194,#1702);
#1361=LINE('',#9195,#1703);
#1362=LINE('',#9204,#1704);
#1363=LINE('',#9225,#1705);
#1364=LINE('',#9229,#1706);
#1365=LINE('',#9231,#1707);
#1366=LINE('',#9235,#1708);
#1367=LINE('',#9237,#1709);
#1368=LINE('',#9267,#1710);
#1369=LINE('',#9270,#1711);
#1370=LINE('',#9299,#1712);
#1371=LINE('',#9302,#1713);
#1372=LINE('',#9319,#1714);
#1373=LINE('',#9320,#1715);
#1374=LINE('',#9323,#1716);
#1375=LINE('',#9328,#1717);
#1376=LINE('',#9329,#1718);
#1377=LINE('',#9339,#1719);
#1378=LINE('',#9341,#1720);
#1379=LINE('',#9358,#1721);
#1380=LINE('',#9361,#1722);
#1381=LINE('',#9363,#1723);
#1382=LINE('',#9365,#1724);
#1383=LINE('',#9367,#1725);
#1384=LINE('',#9378,#1726);
#1385=LINE('',#9380,#1727);
#1386=VECTOR('',#5698,15.8);
#1387=VECTOR('',#5705,15.9);
#1388=VECTOR('',#5708,16.05);
#1389=VECTOR('',#5717,15.6);
#1390=VECTOR('',#5722,15.);
#1391=VECTOR('',#5725,10.);
#1392=VECTOR('',#5726,10.);
#1393=VECTOR('',#5727,10.);
#1394=VECTOR('',#5728,10.);
#1395=VECTOR('',#5741,10.);
#1396=VECTOR('',#5744,10.);
#1397=VECTOR('',#5759,10.);
#1398=VECTOR('',#5770,10.);
#1399=VECTOR('',#5771,10.);
#1400=VECTOR('',#5774,10.);
#1401=VECTOR('',#5781,10.);
#1402=VECTOR('',#5796,10.);
#1403=VECTOR('',#5797,10.);
#1404=VECTOR('',#5820,10.);
#1405=VECTOR('',#5821,10.);
#1406=VECTOR('',#5836,10.);
#1407=VECTOR('',#5837,10.);
#1408=VECTOR('',#5860,10.);
#1409=VECTOR('',#5861,10.);
#1410=VECTOR('',#5872,10.);
#1411=VECTOR('',#5873,10.);
#1412=VECTOR('',#5876,10.);
#1413=VECTOR('',#5879,10.);
#1414=VECTOR('',#5882,10.);
#1415=VECTOR('',#5891,10.);
#1416=VECTOR('',#5892,10.);
#1417=VECTOR('',#5895,10.);
#1418=VECTOR('',#5898,10.);
#1419=VECTOR('',#5907,10.);
#1420=VECTOR('',#5910,10.);
#1421=VECTOR('',#5913,10.);
#1422=VECTOR('',#5914,10.);
#1423=VECTOR('',#5915,10.);
#1424=VECTOR('',#5922,10.);
#1425=VECTOR('',#5925,10.);
#1426=VECTOR('',#5926,10.);
#1427=VECTOR('',#5931,10.);
#1428=VECTOR('',#5934,10.);
#1429=VECTOR('',#5935,10.);
#1430=VECTOR('',#5938,10.);
#1431=VECTOR('',#5947,10.);
#1432=VECTOR('',#5950,10.);
#1433=VECTOR('',#5959,10.);
#1434=VECTOR('',#5966,15.8);
#1435=VECTOR('',#5973,15.9);
#1436=VECTOR('',#5976,16.05);
#1437=VECTOR('',#5985,15.6);
#1438=VECTOR('',#5990,15.);
#1439=VECTOR('',#5993,10.);
#1440=VECTOR('',#5994,10.);
#1441=VECTOR('',#5995,10.);
#1442=VECTOR('',#5996,10.);
#1443=VECTOR('',#5999,10.);
#1444=VECTOR('',#6002,10.);
#1445=VECTOR('',#6013,10.);
#1446=VECTOR('',#6014,10.);
#1447=VECTOR('',#6019,10.);
#1448=VECTOR('',#6022,10.);
#1449=VECTOR('',#6035,10.);
#1450=VECTOR('',#6046,10.);
#1451=VECTOR('',#6047,10.);
#1452=VECTOR('',#6050,10.);
#1453=VECTOR('',#6051,10.);
#1454=VECTOR('',#6058,10.);
#1455=VECTOR('',#6063,10.);
#1456=VECTOR('',#6066,10.);
#1457=VECTOR('',#6069,10.);
#1458=VECTOR('',#6082,10.);
#1459=VECTOR('',#6083,10.);
#1460=VECTOR('',#6094,10.);
#1461=VECTOR('',#6095,10.);
#1462=VECTOR('',#6098,10.);
#1463=VECTOR('',#6099,10.);
#1464=VECTOR('',#6102,10.);
#1465=VECTOR('',#6109,10.);
#1466=VECTOR('',#6110,10.);
#1467=VECTOR('',#6123,10.);
#1468=VECTOR('',#6124,10.);
#1469=VECTOR('',#6127,10.);
#1470=VECTOR('',#6132,10.);
#1471=VECTOR('',#6133,10.);
#1472=VECTOR('',#6146,10.);
#1473=VECTOR('',#6147,10.);
#1474=VECTOR('',#6158,10.);
#1475=VECTOR('',#6159,10.);
#1476=VECTOR('',#6162,10.);
#1477=VECTOR('',#6165,10.);
#1478=VECTOR('',#6178,10.);
#1479=VECTOR('',#6187,10.);
#1480=VECTOR('',#6190,10.);
#1481=VECTOR('',#6191,10.);
#1482=VECTOR('',#6198,10.);
#1483=VECTOR('',#6199,10.);
#1484=VECTOR('',#6200,10.);
#1485=VECTOR('',#6207,10.);
#1486=VECTOR('',#6210,10.);
#1487=VECTOR('',#6211,10.);
#1488=VECTOR('',#6216,10.);
#1489=VECTOR('',#6219,10.);
#1490=VECTOR('',#6220,10.);
#1491=VECTOR('',#6223,10.);
#1492=VECTOR('',#6232,10.);
#1493=VECTOR('',#6237,10.);
#1494=VECTOR('',#6244,10.);
#1495=VECTOR('',#6249,10.);
#1496=VECTOR('',#6250,10.);
#1497=VECTOR('',#6251,10.);
#1498=VECTOR('',#6258,10.);
#1499=VECTOR('',#6261,10.);
#1500=VECTOR('',#6262,10.);
#1501=VECTOR('',#6267,10.);
#1502=VECTOR('',#6270,10.);
#1503=VECTOR('',#6271,10.);
#1504=VECTOR('',#6274,10.);
#1505=VECTOR('',#6283,10.);
#1506=VECTOR('',#6288,10.);
#1507=VECTOR('',#6295,10.);
#1508=VECTOR('',#6300,10.);
#1509=VECTOR('',#6303,10.);
#1510=VECTOR('',#6304,10.);
#1511=VECTOR('',#6311,10.);
#1512=VECTOR('',#6314,10.);
#1513=VECTOR('',#6321,10.);
#1514=VECTOR('',#6326,10.);
#1515=VECTOR('',#6333,10.);
#1516=VECTOR('',#6344,10.);
#1517=VECTOR('',#6347,10.);
#1518=VECTOR('',#6364,10.);
#1519=VECTOR('',#6365,10.);
#1520=VECTOR('',#6376,10.);
#1521=VECTOR('',#6377,10.);
#1522=VECTOR('',#6388,10.);
#1523=VECTOR('',#6391,10.);
#1524=VECTOR('',#6394,10.);
#1525=VECTOR('',#6395,10.);
#1526=VECTOR('',#6400,10.);
#1527=VECTOR('',#6423,10.);
#1528=VECTOR('',#6424,10.);
#1529=VECTOR('',#6435,10.);
#1530=VECTOR('',#6438,10.);
#1531=VECTOR('',#6441,10.);
#1532=VECTOR('',#6442,10.);
#1533=VECTOR('',#6447,10.);
#1534=VECTOR('',#6460,10.);
#1535=VECTOR('',#6469,10.);
#1536=VECTOR('',#6472,10.);
#1537=VECTOR('',#6483,10.);
#1538=VECTOR('',#6486,10.);
#1539=VECTOR('',#6489,10.);
#1540=VECTOR('',#6490,10.);
#1541=VECTOR('',#6495,10.);
#1542=VECTOR('',#6498,10.);
#1543=VECTOR('',#6499,10.);
#1544=VECTOR('',#6502,10.);
#1545=VECTOR('',#6503,10.);
#1546=VECTOR('',#6504,10.);
#1547=VECTOR('',#6507,10.);
#1548=VECTOR('',#6518,10.);
#1549=VECTOR('',#6523,10.);
#1550=VECTOR('',#6528,10.);
#1551=VECTOR('',#6533,10.);
#1552=VECTOR('',#6546,10.);
#1553=VECTOR('',#6549,10.);
#1554=VECTOR('',#6554,10.);
#1555=VECTOR('',#6557,10.);
#1556=VECTOR('',#6570,10.);
#1557=VECTOR('',#6571,10.);
#1558=VECTOR('',#6582,10.);
#1559=VECTOR('',#6583,10.);
#1560=VECTOR('',#6594,10.);
#1561=VECTOR('',#6595,10.);
#1562=VECTOR('',#6598,10.);
#1563=VECTOR('',#6599,10.);
#1564=VECTOR('',#6602,10.);
#1565=VECTOR('',#6607,10.);
#1566=VECTOR('',#6608,10.);
#1567=VECTOR('',#6611,10.);
#1568=VECTOR('',#6614,10.);
#1569=VECTOR('',#6617,10.);
#1570=VECTOR('',#6620,10.);
#1571=VECTOR('',#6625,10.);
#1572=VECTOR('',#6634,10.);
#1573=VECTOR('',#6639,10.);
#1574=VECTOR('',#6652,10.);
#1575=VECTOR('',#6661,10.);
#1576=VECTOR('',#6664,10.);
#1577=VECTOR('',#6665,10.);
#1578=VECTOR('',#6668,10.);
#1579=VECTOR('',#6673,10.);
#1580=VECTOR('',#6674,10.);
#1581=VECTOR('',#6677,10.);
#1582=VECTOR('',#6682,10.);
#1583=VECTOR('',#6687,10.);
#1584=VECTOR('',#6698,10.);
#1585=VECTOR('',#6707,10.);
#1586=VECTOR('',#6712,10.);
#1587=VECTOR('',#6713,10.);
#1588=VECTOR('',#6718,10.);
#1589=VECTOR('',#6721,10.);
#1590=VECTOR('',#6722,10.);
#1591=VECTOR('',#6725,10.);
#1592=VECTOR('',#6726,10.);
#1593=VECTOR('',#6727,10.);
#1594=VECTOR('',#6732,10.);
#1595=VECTOR('',#6741,10.);
#1596=VECTOR('',#6746,10.);
#1597=VECTOR('',#6747,10.);
#1598=VECTOR('',#6752,10.);
#1599=VECTOR('',#6755,10.);
#1600=VECTOR('',#6756,10.);
#1601=VECTOR('',#6759,10.);
#1602=VECTOR('',#6760,10.);
#1603=VECTOR('',#6761,10.);
#1604=VECTOR('',#6766,10.);
#1605=VECTOR('',#6775,10.);
#1606=VECTOR('',#6780,10.);
#1607=VECTOR('',#6781,10.);
#1608=VECTOR('',#6782,10.);
#1609=VECTOR('',#6785,10.);
#1610=VECTOR('',#6788,10.);
#1611=VECTOR('',#6791,10.);
#1612=VECTOR('',#6804,10.);
#1613=VECTOR('',#6807,8.);
#1614=VECTOR('',#6810,10.);
#1615=VECTOR('',#6831,10.);
#1616=VECTOR('',#6832,8.);
#1617=VECTOR('',#6837,10.);
#1618=VECTOR('',#6840,10.);
#1619=VECTOR('',#6841,10.);
#1620=VECTOR('',#6842,10.);
#1621=VECTOR('',#6845,10.);
#1622=VECTOR('',#6846,10.);
#1623=VECTOR('',#6849,10.);
#1624=VECTOR('',#6850,10.);
#1625=VECTOR('',#6853,10.);
#1626=VECTOR('',#6856,8.);
#1627=VECTOR('',#6861,8.);
#1628=VECTOR('',#6862,10.);
#1629=VECTOR('',#6883,8.);
#1630=VECTOR('',#6886,10.);
#1631=VECTOR('',#6897,15.);
#1632=VECTOR('',#6900,15.);
#1633=VECTOR('',#6903,10.);
#1634=VECTOR('',#6904,10.);
#1635=VECTOR('',#6907,10.);
#1636=VECTOR('',#6908,10.);
#1637=VECTOR('',#6909,10.);
#1638=VECTOR('',#6912,10.);
#1639=VECTOR('',#6915,10.);
#1640=VECTOR('',#6920,10.);
#1641=VECTOR('',#6925,10.);
#1642=VECTOR('',#6930,10.);
#1643=VECTOR('',#6935,10.);
#1644=VECTOR('',#6938,10.);
#1645=VECTOR('',#6941,10.);
#1646=VECTOR('',#6948,10.);
#1647=VECTOR('',#6951,10.);
#1648=VECTOR('',#6958,10.);
#1649=VECTOR('',#6961,10.);
#1650=VECTOR('',#6964,10.);
#1651=VECTOR('',#6965,10.);
#1652=VECTOR('',#6974,10.);
#1653=VECTOR('',#6975,10.);
#1654=VECTOR('',#6978,10.);
#1655=VECTOR('',#6979,10.);
#1656=VECTOR('',#6980,10.);
#1657=VECTOR('',#6989,10.);
#1658=VECTOR('',#6992,10.);
#1659=VECTOR('',#7003,10.);
#1660=VECTOR('',#7006,10.);
#1661=VECTOR('',#7009,10.);
#1662=VECTOR('',#7010,10.);
#1663=VECTOR('',#7011,10.);
#1664=VECTOR('',#7018,10.);
#1665=VECTOR('',#7021,10.);
#1666=VECTOR('',#7032,10.);
#1667=VECTOR('',#7037,10.);
#1668=VECTOR('',#7038,10.);
#1669=VECTOR('',#7039,10.);
#1670=VECTOR('',#7042,10.);
#1671=VECTOR('',#7043,10.);
#1672=VECTOR('',#7046,10.);
#1673=VECTOR('',#7047,10.);
#1674=VECTOR('',#7048,10.);
#1675=VECTOR('',#7049,10.);
#1676=VECTOR('',#7054,8.);
#1677=VECTOR('',#7063,8.);
#1678=VECTOR('',#7066,8.);
#1679=VECTOR('',#7067,10.);
#1680=VECTOR('',#7070,10.);
#1681=VECTOR('',#7083,8.);
#1682=VECTOR('',#7084,10.);
#1683=VECTOR('',#7087,10.);
#1684=VECTOR('',#7088,10.);
#1685=VECTOR('',#7091,10.);
#1686=VECTOR('',#7096,10.);
#1687=VECTOR('',#7097,10.);
#1688=VECTOR('',#7100,10.);
#1689=VECTOR('',#7101,10.);
#1690=VECTOR('',#7104,10.);
#1691=VECTOR('',#7107,10.);
#1692=VECTOR('',#7108,15.);
#1693=VECTOR('',#7109,10.);
#1694=VECTOR('',#7112,10.);
#1695=VECTOR('',#7115,8.);
#1696=VECTOR('',#7120,8.);
#1697=VECTOR('',#7139,8.);
#1698=VECTOR('',#7144,8.);
#1699=VECTOR('',#7153,8.);
#1700=VECTOR('',#7156,15.);
#1701=VECTOR('',#7161,10.);
#1702=VECTOR('',#7164,10.);
#1703=VECTOR('',#7165,10.);
#1704=VECTOR('',#7170,10.);
#1705=VECTOR('',#7177,10.);
#1706=VECTOR('',#7182,10.);
#1707=VECTOR('',#7185,10.);
#1708=VECTOR('',#7192,10.);
#1709=VECTOR('',#7195,10.);
#1710=VECTOR('',#7204,10.);
#1711=VECTOR('',#7207,10.);
#1712=VECTOR('',#7214,10.);
#1713=VECTOR('',#7217,10.);
#1714=VECTOR('',#7228,10.);
#1715=VECTOR('',#7229,10.);
#1716=VECTOR('',#7232,10.);
#1717=VECTOR('',#7233,10.);
#1718=VECTOR('',#7234,10.);
#1719=VECTOR('',#7243,10.);
#1720=VECTOR('',#7246,10.);
#1721=VECTOR('',#7257,10.);
#1722=VECTOR('',#7260,10.);
#1723=VECTOR('',#7263,10.);
#1724=VECTOR('',#7264,10.);
#1725=VECTOR('',#7265,10.);
#1726=VECTOR('',#7272,10.);
#1727=VECTOR('',#7275,10.);
#1728=CIRCLE('',#5072,16.3);
#1729=CIRCLE('',#5073,15.3);
#1730=CIRCLE('',#5075,16.3);
#1731=CIRCLE('',#5077,15.8);
#1732=CIRCLE('',#5080,15.9);
#1733=CIRCLE('',#5081,15.3);
#1734=CIRCLE('',#5085,1.4);
#1735=CIRCLE('',#5086,6.);
#1736=CIRCLE('',#5087,1.40000000000001);
#1737=CIRCLE('',#5088,7.4);
#1738=CIRCLE('',#5092,1.40000000000002);
#1739=CIRCLE('',#5093,40.0000000000002);
#1740=CIRCLE('',#5094,1.40000000000001);
#1741=CIRCLE('',#5095,38.6000000000002);
#1742=CIRCLE('',#5097,1.40000000000001);
#1743=CIRCLE('',#5099,1.40000000000002);
#1744=CIRCLE('',#5100,40.0000000000001);
#1745=CIRCLE('',#5101,38.6000000000001);
#1746=CIRCLE('',#5104,40.0000000000001);
#1747=CIRCLE('',#5106,40.0000000000001);
#1748=CIRCLE('',#5108,1.40000000000001);
#1749=CIRCLE('',#5109,21.4000000000001);
#1750=CIRCLE('',#5110,1.40000000000001);
#1751=CIRCLE('',#5111,20.0000000000001);
#1752=CIRCLE('',#5113,1.40000000000001);
#1753=CIRCLE('',#5115,1.40000000000001);
#1754=CIRCLE('',#5116,21.4000000000001);
#1755=CIRCLE('',#5117,20.0000000000001);
#1756=CIRCLE('',#5119,0.999999999999996);
#1757=CIRCLE('',#5120,5.);
#1758=CIRCLE('',#5121,0.999999999999996);
#1759=CIRCLE('',#5122,6.);
#1760=CIRCLE('',#5124,1.);
#1761=CIRCLE('',#5126,2.00000000000106);
#1762=CIRCLE('',#5127,32.0000000000002);
#1763=CIRCLE('',#5128,1.99999999999999);
#1764=CIRCLE('',#5129,30.0000000000002);
#1765=CIRCLE('',#5131,1.99999999999999);
#1766=CIRCLE('',#5133,2.00000000000486);
#1767=CIRCLE('',#5134,32.0000000000001);
#1768=CIRCLE('',#5135,30.0000000000002);
#1769=CIRCLE('',#5137,2.00000000000001);
#1770=CIRCLE('',#5138,30.0000000000002);
#1771=CIRCLE('',#5139,1.99999999999999);
#1772=CIRCLE('',#5140,28.0000000000002);
#1773=CIRCLE('',#5142,1.99999999999999);
#1774=CIRCLE('',#5144,1.99999999999999);
#1775=CIRCLE('',#5145,30.0000000000002);
#1776=CIRCLE('',#5146,28.0000000000001);
#1777=CIRCLE('',#5150,32.8557521937309);
#1778=CIRCLE('',#5151,27.2794046880865);
#1779=CIRCLE('',#5152,19.9999999999999);
#1780=CIRCLE('',#5153,19.9999999999999);
#1781=CIRCLE('',#5156,20.);
#1782=CIRCLE('',#5157,10.);
#1783=CIRCLE('',#5158,15.);
#1784=CIRCLE('',#5159,10.);
#1785=CIRCLE('',#5161,12.6794919243111);
#1786=CIRCLE('',#5164,19.9999999999999);
#1787=CIRCLE('',#5168,10.);
#1788=CIRCLE('',#5171,32.855752193731);
#1789=CIRCLE('',#5172,27.2794046880865);
#1790=CIRCLE('',#5173,19.9999999999999);
#1791=CIRCLE('',#5176,20.);
#1792=CIRCLE('',#5177,10.);
#1793=CIRCLE('',#5178,15.);
#1794=CIRCLE('',#5180,12.6794919243112);
#1795=CIRCLE('',#5182,16.3);
#1796=CIRCLE('',#5183,15.3);
#1797=CIRCLE('',#5185,16.3);
#1798=CIRCLE('',#5187,15.8);
#1799=CIRCLE('',#5190,15.9);
#1800=CIRCLE('',#5191,15.3);
#1801=CIRCLE('',#5195,1.40000000000001);
#1802=CIRCLE('',#5197,1.4);
#1803=CIRCLE('',#5198,7.4);
#1804=CIRCLE('',#5199,6.);
#1805=CIRCLE('',#5203,1.40000000000001);
#1806=CIRCLE('',#5205,1.40000000000002);
#1807=CIRCLE('',#5206,38.6000000000002);
#1808=CIRCLE('',#5207,40.0000000000002);
#1809=CIRCLE('',#5209,1.40000000000001);
#1810=CIRCLE('',#5211,1.40000000000002);
#1811=CIRCLE('',#5212,38.6000000000001);
#1812=CIRCLE('',#5213,40.0000000000001);
#1813=CIRCLE('',#5217,40.0000000000001);
#1814=CIRCLE('',#5219,40.0000000000001);
#1815=CIRCLE('',#5222,1.40000000000001);
#1816=CIRCLE('',#5224,1.40000000000001);
#1817=CIRCLE('',#5225,20.0000000000001);
#1818=CIRCLE('',#5226,21.4000000000001);
#1819=CIRCLE('',#5228,1.40000000000001);
#1820=CIRCLE('',#5230,1.40000000000001);
#1821=CIRCLE('',#5231,20.0000000000001);
#1822=CIRCLE('',#5232,21.4000000000001);
#1823=CIRCLE('',#5235,28.0000000000002);
#1824=CIRCLE('',#5236,28.0000000000001);
#1825=CIRCLE('',#5238,0.999999999999996);
#1826=CIRCLE('',#5240,0.999999999999996);
#1827=CIRCLE('',#5241,6.);
#1828=CIRCLE('',#5242,5.);
#1829=CIRCLE('',#5244,1.);
#1830=CIRCLE('',#5247,1.99999999999999);
#1831=CIRCLE('',#5249,2.00000000000106);
#1832=CIRCLE('',#5250,30.0000000000002);
#1833=CIRCLE('',#5251,32.0000000000002);
#1834=CIRCLE('',#5253,1.99999999999999);
#1835=CIRCLE('',#5255,2.00000000000486);
#1836=CIRCLE('',#5256,30.0000000000002);
#1837=CIRCLE('',#5257,32.0000000000001);
#1838=CIRCLE('',#5261,1.99999999999999);
#1839=CIRCLE('',#5263,2.00000000000001);
#1840=CIRCLE('',#5264,30.0000000000002);
#1841=CIRCLE('',#5266,1.99999999999999);
#1842=CIRCLE('',#5268,1.99999999999999);
#1843=CIRCLE('',#5269,30.0000000000002);
#1844=CIRCLE('',#5276,19.9999999999999);
#1845=CIRCLE('',#5280,10.);
#1846=CIRCLE('',#5283,27.2794046880865);
#1847=CIRCLE('',#5284,32.8557521937309);
#1848=CIRCLE('',#5285,19.9999999999999);
#1849=CIRCLE('',#5288,20.);
#1850=CIRCLE('',#5289,10.);
#1851=CIRCLE('',#5290,15.);
#1852=CIRCLE('',#5292,12.6794919243111);
#1853=CIRCLE('',#5295,19.9999999999999);
#1854=CIRCLE('',#5299,10.);
#1855=CIRCLE('',#5302,27.2794046880865);
#1856=CIRCLE('',#5303,32.855752193731);
#1857=CIRCLE('',#5304,19.9999999999999);
#1858=CIRCLE('',#5307,20.);
#1859=CIRCLE('',#5308,10.);
#1860=CIRCLE('',#5309,15.);
#1861=CIRCLE('',#5311,12.6794919243112);
#1862=CIRCLE('',#5322,24.);
#1863=CIRCLE('',#5323,26.);
#1864=CIRCLE('',#5327,30.);
#1865=CIRCLE('',#5329,24.);
#1866=CIRCLE('',#5332,1.4);
#1867=CIRCLE('',#5334,1.40000000000143);
#1868=CIRCLE('',#5335,38.6000000000002);
#1869=CIRCLE('',#5336,1.40000000000001);
#1870=CIRCLE('',#5337,40.0000000000002);
#1871=CIRCLE('',#5339,1.40000000000001);
#1872=CIRCLE('',#5341,1.40000000000523);
#1873=CIRCLE('',#5342,38.6000000000002);
#1874=CIRCLE('',#5343,40.0000000000002);
#1875=CIRCLE('',#5346,1.40000000000001);
#1876=CIRCLE('',#5347,6.);
#1877=CIRCLE('',#5348,7.4);
#1878=CIRCLE('',#5350,6.);
#1879=CIRCLE('',#5353,0.999999999999996);
#1880=CIRCLE('',#5354,1.);
#1881=CIRCLE('',#5356,0.999999999999996);
#1882=CIRCLE('',#5357,5.);
#1883=CIRCLE('',#5359,1.99999999999999);
#1884=CIRCLE('',#5360,30.4000000000002);
#1885=CIRCLE('',#5361,1.99999999999999);
#1886=CIRCLE('',#5362,32.4000000000002);
#1887=CIRCLE('',#5364,1.99999999999998);
#1888=CIRCLE('',#5366,1.99999999999999);
#1889=CIRCLE('',#5367,30.4000000000001);
#1890=CIRCLE('',#5368,32.4000000000001);
#1891=CIRCLE('',#5370,30.4000000000001);
#1892=CIRCLE('',#5373,30.4000000000002);
#1893=CIRCLE('',#5375,1.99999999999999);
#1894=CIRCLE('',#5376,28.4000000000002);
#1895=CIRCLE('',#5377,1.99999999999999);
#1896=CIRCLE('',#5379,1.99999999999999);
#1897=CIRCLE('',#5381,1.99999999999999);
#1898=CIRCLE('',#5382,28.4000000000001);
#1899=CIRCLE('',#5384,40.0000000000001);
#1900=CIRCLE('',#5386,12.);
#1901=CIRCLE('',#5387,35.7134513162386);
#1902=CIRCLE('',#5388,12.);
#1903=CIRCLE('',#5390,32.367642811793);
#1904=CIRCLE('',#5393,12.);
#1905=CIRCLE('',#5397,40.0000000000002);
#1906=CIRCLE('',#5399,12.);
#1907=CIRCLE('',#5400,35.7134513162386);
#1908=CIRCLE('',#5402,32.367642811793);
#1909=CIRCLE('',#5405,26.);
#1910=CIRCLE('',#5406,24.);
#1911=CIRCLE('',#5410,30.);
#1912=CIRCLE('',#5412,24.);
#1913=CIRCLE('',#5414,1.4);
#1914=CIRCLE('',#5417,1.40000000000001);
#1915=CIRCLE('',#5419,1.40000000000143);
#1916=CIRCLE('',#5420,40.0000000000002);
#1917=CIRCLE('',#5421,38.6000000000002);
#1918=CIRCLE('',#5423,1.40000000000001);
#1919=CIRCLE('',#5425,1.40000000000523);
#1920=CIRCLE('',#5426,40.0000000000002);
#1921=CIRCLE('',#5427,38.6000000000002);
#1922=CIRCLE('',#5430,1.40000000000001);
#1923=CIRCLE('',#5431,7.4);
#1924=CIRCLE('',#5432,6.);
#1925=CIRCLE('',#5436,6.);
#1926=CIRCLE('',#5439,1.);
#1927=CIRCLE('',#5440,32.4000000000002);
#1928=CIRCLE('',#5441,32.4000000000001);
#1929=CIRCLE('',#5443,0.999999999999996);
#1930=CIRCLE('',#5445,0.999999999999996);
#1931=CIRCLE('',#5446,5.);
#1932=CIRCLE('',#5450,1.99999999999999);
#1933=CIRCLE('',#5452,1.99999999999999);
#1934=CIRCLE('',#5453,30.4000000000002);
#1935=CIRCLE('',#5455,1.99999999999998);
#1936=CIRCLE('',#5457,1.99999999999999);
#1937=CIRCLE('',#5458,30.4000000000001);
#1938=CIRCLE('',#5462,30.4000000000001);
#1939=CIRCLE('',#5465,30.4000000000002);
#1940=CIRCLE('',#5468,1.99999999999999);
#1941=CIRCLE('',#5470,1.99999999999999);
#1942=CIRCLE('',#5471,28.4000000000002);
#1943=CIRCLE('',#5473,1.99999999999999);
#1944=CIRCLE('',#5475,1.99999999999999);
#1945=CIRCLE('',#5476,28.4000000000001);
#1946=CIRCLE('',#5481,12.);
#1947=CIRCLE('',#5485,40.0000000000001);
#1948=CIRCLE('',#5487,12.);
#1949=CIRCLE('',#5488,35.7134513162386);
#1950=CIRCLE('',#5490,32.367642811793);
#1951=CIRCLE('',#5493,12.);
#1952=CIRCLE('',#5497,40.0000000000002);
#1953=CIRCLE('',#5499,12.);
#1954=CIRCLE('',#5500,35.7134513162386);
#1955=CIRCLE('',#5502,32.367642811793);
#1956=CIRCLE('',#5509,31.5);
#1957=CIRCLE('',#5510,27.5);
#1958=CIRCLE('',#5512,31.5);
#1959=CIRCLE('',#5514,8.00000000000008);
#1960=CIRCLE('',#5516,8.00000000000002);
#1961=CIRCLE('',#5517,33.4641016151378);
#1962=CIRCLE('',#5518,30.);
#1963=CIRCLE('',#5520,8.00000000000001);
#1964=CIRCLE('',#5521,33.4641016151378);
#1965=CIRCLE('',#5522,8.);
#1966=CIRCLE('',#5523,30.);
#1967=CIRCLE('',#5526,29.0564971157455);
#1968=CIRCLE('',#5527,23.8);
#1969=CIRCLE('',#5528,17.);
#1970=CIRCLE('',#5529,17.);
#1971=CIRCLE('',#5532,7.99999999999999);
#1972=CIRCLE('',#5534,8.00000000000001);
#1973=CIRCLE('',#5536,8.00000000000001);
#1974=CIRCLE('',#5537,42.);
#1975=CIRCLE('',#5538,38.5358983848622);
#1976=CIRCLE('',#5540,8.00000000000001);
#1977=CIRCLE('',#5541,15.);
#1978=CIRCLE('',#5542,8.41018772329561);
#1979=CIRCLE('',#5544,8.);
#1980=CIRCLE('',#5546,8.00000000000001);
#1981=CIRCLE('',#5547,38.5358983848622);
#1982=CIRCLE('',#5548,42.);
#1983=CIRCLE('',#5550,15.);
#1984=CIRCLE('',#5557,23.8);
#1985=CIRCLE('',#5559,25.8564971157455);
#1986=CIRCLE('',#5566,15.);
#1987=CIRCLE('',#5568,15.);
#1988=CIRCLE('',#5570,15.);
#1989=CIRCLE('',#5572,15.);
#1990=CIRCLE('',#5575,15.1);
#1991=CIRCLE('',#5576,15.9);
#1992=CIRCLE('',#5580,15.9);
#1993=CIRCLE('',#5581,15.1);
#1994=CIRCLE('',#5586,15.9);
#1995=CIRCLE('',#5587,15.5);
#1996=CIRCLE('',#5589,15.9);
#1997=CIRCLE('',#5592,15.1);
#1998=CIRCLE('',#5597,27.5);
#1999=CIRCLE('',#5598,31.5);
#2000=CIRCLE('',#5600,31.5);
#2001=CIRCLE('',#5602,38.5358983848622);
#2002=CIRCLE('',#5603,33.4641016151378);
#2003=CIRCLE('',#5605,8.00000000000008);
#2004=CIRCLE('',#5607,8.00000000000002);
#2005=CIRCLE('',#5608,30.);
#2006=CIRCLE('',#5612,8.);
#2007=CIRCLE('',#5614,8.);
#2008=CIRCLE('',#5615,30.);
#2009=CIRCLE('',#5616,33.4641016151378);
#2010=CIRCLE('',#5619,23.8);
#2011=CIRCLE('',#5620,29.0564971157455);
#2012=CIRCLE('',#5621,17.);
#2013=CIRCLE('',#5622,17.);
#2014=CIRCLE('',#5624,38.5358983848622);
#2015=CIRCLE('',#5626,7.99999999999999);
#2016=CIRCLE('',#5629,8.00000000000001);
#2017=CIRCLE('',#5631,8.00000000000001);
#2018=CIRCLE('',#5632,42.);
#2019=CIRCLE('',#5634,8.00000000000001);
#2020=CIRCLE('',#5635,8.41018772329561);
#2021=CIRCLE('',#5636,15.);
#2022=CIRCLE('',#5639,8.);
#2023=CIRCLE('',#5641,8.00000000000001);
#2024=CIRCLE('',#5642,42.);
#2025=CIRCLE('',#5645,15.);
#2026=CIRCLE('',#5652,23.8);
#2027=CIRCLE('',#5654,25.8564971157455);
#2028=CIRCLE('',#5662,15.);
#2029=CIRCLE('',#5664,15.);
#2030=CIRCLE('',#5666,15.);
#2031=CIRCLE('',#5668,15.);
#2032=CIRCLE('',#5671,15.9);
#2033=CIRCLE('',#5672,15.1);
#2034=CIRCLE('',#5676,15.1);
#2035=CIRCLE('',#5677,15.9);
#2036=CIRCLE('',#5682,15.5);
#2037=CIRCLE('',#5683,15.9);
#2038=CIRCLE('',#5685,15.9);
#2039=CIRCLE('',#5688,15.1);
#2040=VERTEX_POINT('',#7280);
#2041=VERTEX_POINT('',#7282);
#2042=VERTEX_POINT('',#7286);
#2043=VERTEX_POINT('',#7290);
#2044=VERTEX_POINT('',#7295);
#2045=VERTEX_POINT('',#7297);
#2046=VERTEX_POINT('',#7303);
#2047=VERTEX_POINT('',#7304);
#2048=VERTEX_POINT('',#7306);
#2049=VERTEX_POINT('',#7308);
#2050=VERTEX_POINT('',#7312);
#2051=VERTEX_POINT('',#7313);
#2052=VERTEX_POINT('',#7315);
#2053=VERTEX_POINT('',#7317);
#2054=VERTEX_POINT('',#7321);
#2055=VERTEX_POINT('',#7323);
#2056=VERTEX_POINT('',#7327);
#2057=VERTEX_POINT('',#7329);
#2058=VERTEX_POINT('',#7331);
#2059=VERTEX_POINT('',#7335);
#2060=VERTEX_POINT('',#7339);
#2061=VERTEX_POINT('',#7340);
#2062=VERTEX_POINT('',#7348);
#2063=VERTEX_POINT('',#7352);
#2064=VERTEX_POINT('',#7356);
#2065=VERTEX_POINT('',#7357);
#2066=VERTEX_POINT('',#7359);
#2067=VERTEX_POINT('',#7361);
#2068=VERTEX_POINT('',#7365);
#2069=VERTEX_POINT('',#7366);
#2070=VERTEX_POINT('',#7371);
#2071=VERTEX_POINT('',#7372);
#2072=VERTEX_POINT('',#7377);
#2073=VERTEX_POINT('',#7378);
#2074=VERTEX_POINT('',#7380);
#2075=VERTEX_POINT('',#7382);
#2076=VERTEX_POINT('',#7386);
#2077=VERTEX_POINT('',#7387);
#2078=VERTEX_POINT('',#7392);
#2079=VERTEX_POINT('',#7393);
#2080=VERTEX_POINT('',#7395);
#2081=VERTEX_POINT('',#7397);
#2082=VERTEX_POINT('',#7401);
#2083=VERTEX_POINT('',#7402);
#2084=VERTEX_POINT('',#7407);
#2085=VERTEX_POINT('',#7408);
#2086=VERTEX_POINT('',#7413);
#2087=VERTEX_POINT('',#7414);
#2088=VERTEX_POINT('',#7416);
#2089=VERTEX_POINT('',#7418);
#2090=VERTEX_POINT('',#7422);
#2091=VERTEX_POINT('',#7423);
#2092=VERTEX_POINT('',#7428);
#2093=VERTEX_POINT('',#7429);
#2094=VERTEX_POINT('',#7439);
#2095=VERTEX_POINT('',#7440);
#2096=VERTEX_POINT('',#7442);
#2097=VERTEX_POINT('',#7444);
#2098=VERTEX_POINT('',#7462);
#2099=VERTEX_POINT('',#7464);
#2100=VERTEX_POINT('',#7476);
#2101=VERTEX_POINT('',#7478);
#2102=VERTEX_POINT('',#7482);
#2103=VERTEX_POINT('',#7484);
#2104=VERTEX_POINT('',#7488);
#2105=VERTEX_POINT('',#7489);
#2106=VERTEX_POINT('',#7498);
#2107=VERTEX_POINT('',#7502);
#2108=VERTEX_POINT('',#7506);
#2109=VERTEX_POINT('',#7510);
#2110=VERTEX_POINT('',#7511);
#2111=VERTEX_POINT('',#7528);
#2112=VERTEX_POINT('',#7540);
#2113=VERTEX_POINT('',#7544);
#2114=VERTEX_POINT('',#7548);
#2115=VERTEX_POINT('',#7550);
#2116=VERTEX_POINT('',#7554);
#2117=VERTEX_POINT('',#7558);
#2118=VERTEX_POINT('',#7563);
#2119=VERTEX_POINT('',#7565);
#2120=VERTEX_POINT('',#7571);
#2121=VERTEX_POINT('',#7572);
#2122=VERTEX_POINT('',#7574);
#2123=VERTEX_POINT('',#7576);
#2124=VERTEX_POINT('',#7580);
#2125=VERTEX_POINT('',#7582);
#2126=VERTEX_POINT('',#7586);
#2127=VERTEX_POINT('',#7587);
#2128=VERTEX_POINT('',#7592);
#2129=VERTEX_POINT('',#7594);
#2130=VERTEX_POINT('',#7598);
#2131=VERTEX_POINT('',#7600);
#2132=VERTEX_POINT('',#7604);
#2133=VERTEX_POINT('',#7609);
#2134=VERTEX_POINT('',#7613);
#2135=VERTEX_POINT('',#7614);
#2136=VERTEX_POINT('',#7622);
#2137=VERTEX_POINT('',#7628);
#2138=VERTEX_POINT('',#7634);
#2139=VERTEX_POINT('',#7636);
#2140=VERTEX_POINT('',#7640);
#2141=VERTEX_POINT('',#7641);
#2142=VERTEX_POINT('',#7646);
#2143=VERTEX_POINT('',#7647);
#2144=VERTEX_POINT('',#7652);
#2145=VERTEX_POINT('',#7653);
#2146=VERTEX_POINT('',#7661);
#2147=VERTEX_POINT('',#7663);
#2148=VERTEX_POINT('',#7665);
#2149=VERTEX_POINT('',#7667);
#2150=VERTEX_POINT('',#7671);
#2151=VERTEX_POINT('',#7672);
#2152=VERTEX_POINT('',#7677);
#2153=VERTEX_POINT('',#7678);
#2154=VERTEX_POINT('',#7683);
#2155=VERTEX_POINT('',#7684);
#2156=VERTEX_POINT('',#7691);
#2157=VERTEX_POINT('',#7692);
#2158=VERTEX_POINT('',#7697);
#2159=VERTEX_POINT('',#7698);
#2160=VERTEX_POINT('',#7703);
#2161=VERTEX_POINT('',#7704);
#2162=VERTEX_POINT('',#7709);
#2163=VERTEX_POINT('',#7710);
#2164=VERTEX_POINT('',#7720);
#2165=VERTEX_POINT('',#7724);
#2166=VERTEX_POINT('',#7728);
#2167=VERTEX_POINT('',#7732);
#2168=VERTEX_POINT('',#7743);
#2169=VERTEX_POINT('',#7744);
#2170=VERTEX_POINT('',#7753);
#2171=VERTEX_POINT('',#7757);
#2172=VERTEX_POINT('',#7761);
#2173=VERTEX_POINT('',#7765);
#2174=VERTEX_POINT('',#7766);
#2175=VERTEX_POINT('',#7783);
#2176=VERTEX_POINT('',#7795);
#2177=VERTEX_POINT('',#7799);
#2178=VERTEX_POINT('',#7803);
#2179=VERTEX_POINT('',#7804);
#2180=VERTEX_POINT('',#7813);
#2181=VERTEX_POINT('',#7817);
#2182=VERTEX_POINT('',#7821);
#2183=VERTEX_POINT('',#7825);
#2184=VERTEX_POINT('',#7826);
#2185=VERTEX_POINT('',#7843);
#2186=VERTEX_POINT('',#7855);
#2187=VERTEX_POINT('',#7859);
#2188=VERTEX_POINT('',#7891);
#2189=VERTEX_POINT('',#7892);
#2190=VERTEX_POINT('',#7897);
#2191=VERTEX_POINT('',#7902);
#2192=VERTEX_POINT('',#7907);
#2193=VERTEX_POINT('',#7935);
#2194=VERTEX_POINT('',#7940);
#2195=VERTEX_POINT('',#7952);
#2196=VERTEX_POINT('',#7974);
#2197=VERTEX_POINT('',#7982);
#2198=VERTEX_POINT('',#7995);
#2199=VERTEX_POINT('',#7997);
#2200=VERTEX_POINT('',#8001);
#2201=VERTEX_POINT('',#8005);
#2202=VERTEX_POINT('',#8013);
#2203=VERTEX_POINT('',#8014);
#2204=VERTEX_POINT('',#8016);
#2205=VERTEX_POINT('',#8018);
#2206=VERTEX_POINT('',#8022);
#2207=VERTEX_POINT('',#8023);
#2208=VERTEX_POINT('',#8025);
#2209=VERTEX_POINT('',#8027);
#2210=VERTEX_POINT('',#8031);
#2211=VERTEX_POINT('',#8032);
#2212=VERTEX_POINT('',#8037);
#2213=VERTEX_POINT('',#8038);
#2214=VERTEX_POINT('',#8046);
#2215=VERTEX_POINT('',#8047);
#2216=VERTEX_POINT('',#8052);
#2217=VERTEX_POINT('',#8054);
#2218=VERTEX_POINT('',#8058);
#2219=VERTEX_POINT('',#8062);
#2220=VERTEX_POINT('',#8064);
#2221=VERTEX_POINT('',#8068);
#2222=VERTEX_POINT('',#8072);
#2223=VERTEX_POINT('',#8073);
#2224=VERTEX_POINT('',#8075);
#2225=VERTEX_POINT('',#8077);
#2226=VERTEX_POINT('',#8081);
#2227=VERTEX_POINT('',#8082);
#2228=VERTEX_POINT('',#8087);
#2229=VERTEX_POINT('',#8088);
#2230=VERTEX_POINT('',#8093);
#2231=VERTEX_POINT('',#8095);
#2232=VERTEX_POINT('',#8099);
#2233=VERTEX_POINT('',#8103);
#2234=VERTEX_POINT('',#8107);
#2235=VERTEX_POINT('',#8109);
#2236=VERTEX_POINT('',#8113);
#2237=VERTEX_POINT('',#8117);
#2238=VERTEX_POINT('',#8121);
#2239=VERTEX_POINT('',#8123);
#2240=VERTEX_POINT('',#8127);
#2241=VERTEX_POINT('',#8129);
#2242=VERTEX_POINT('',#8133);
#2243=VERTEX_POINT('',#8135);
#2244=VERTEX_POINT('',#8139);
#2245=VERTEX_POINT('',#8143);
#2246=VERTEX_POINT('',#8147);
#2247=VERTEX_POINT('',#8151);
#2248=VERTEX_POINT('',#8153);
#2249=VERTEX_POINT('',#8157);
#2250=VERTEX_POINT('',#8161);
#2251=VERTEX_POINT('',#8165);
#2252=VERTEX_POINT('',#8184);
#2253=VERTEX_POINT('',#8185);
#2254=VERTEX_POINT('',#8190);
#2255=VERTEX_POINT('',#8195);
#2256=VERTEX_POINT('',#8203);
#2257=VERTEX_POINT('',#8228);
#2258=VERTEX_POINT('',#8233);
#2259=VERTEX_POINT('',#8245);
#2260=VERTEX_POINT('',#8267);
#2261=VERTEX_POINT('',#8275);
#2262=VERTEX_POINT('',#8288);
#2263=VERTEX_POINT('',#8290);
#2264=VERTEX_POINT('',#8294);
#2265=VERTEX_POINT('',#8298);
#2266=VERTEX_POINT('',#8306);
#2267=VERTEX_POINT('',#8307);
#2268=VERTEX_POINT('',#8309);
#2269=VERTEX_POINT('',#8311);
#2270=VERTEX_POINT('',#8315);
#2271=VERTEX_POINT('',#8317);
#2272=VERTEX_POINT('',#8321);
#2273=VERTEX_POINT('',#8322);
#2274=VERTEX_POINT('',#8327);
#2275=VERTEX_POINT('',#8328);
#2276=VERTEX_POINT('',#8333);
#2277=VERTEX_POINT('',#8334);
#2278=VERTEX_POINT('',#8342);
#2279=VERTEX_POINT('',#8343);
#2280=VERTEX_POINT('',#8351);
#2281=VERTEX_POINT('',#8355);
#2282=VERTEX_POINT('',#8359);
#2283=VERTEX_POINT('',#8363);
#2284=VERTEX_POINT('',#8366);
#2285=VERTEX_POINT('',#8368);
#2286=VERTEX_POINT('',#8370);
#2287=VERTEX_POINT('',#8372);
#2288=VERTEX_POINT('',#8376);
#2289=VERTEX_POINT('',#8380);
#2290=VERTEX_POINT('',#8387);
#2291=VERTEX_POINT('',#8391);
#2292=VERTEX_POINT('',#8395);
#2293=VERTEX_POINT('',#8399);
#2294=VERTEX_POINT('',#8405);
#2295=VERTEX_POINT('',#8409);
#2296=VERTEX_POINT('',#8413);
#2297=VERTEX_POINT('',#8417);
#2298=VERTEX_POINT('',#8423);
#2299=VERTEX_POINT('',#8427);
#2300=VERTEX_POINT('',#8431);
#2301=VERTEX_POINT('',#8435);
#2302=VERTEX_POINT('',#8442);
#2303=VERTEX_POINT('',#8446);
#2304=VERTEX_POINT('',#8450);
#2305=VERTEX_POINT('',#8454);
#2306=VERTEX_POINT('',#8456);
#2307=VERTEX_POINT('',#8460);
#2308=VERTEX_POINT('',#8464);
#2309=VERTEX_POINT('',#8468);
#2310=VERTEX_POINT('',#8472);
#2311=VERTEX_POINT('',#8476);
#2312=VERTEX_POINT('',#8480);
#2313=VERTEX_POINT('',#8484);
#2314=VERTEX_POINT('',#8486);
#2315=VERTEX_POINT('',#8490);
#2316=VERTEX_POINT('',#8494);
#2317=VERTEX_POINT('',#8498);
#2318=VERTEX_POINT('',#8502);
#2319=VERTEX_POINT('',#8504);
#2320=VERTEX_POINT('',#8515);
#2321=VERTEX_POINT('',#8516);
#2322=VERTEX_POINT('',#8531);
#2323=VERTEX_POINT('',#8538);
#2324=VERTEX_POINT('',#8540);
#2325=VERTEX_POINT('',#8561);
#2326=VERTEX_POINT('',#8568);
#2327=VERTEX_POINT('',#8572);
#2328=VERTEX_POINT('',#8573);
#2329=VERTEX_POINT('',#8593);
#2330=VERTEX_POINT('',#8602);
#2331=VERTEX_POINT('',#8604);
#2332=VERTEX_POINT('',#8608);
#2333=VERTEX_POINT('',#8609);
#2334=VERTEX_POINT('',#8614);
#2335=VERTEX_POINT('',#8615);
#2336=VERTEX_POINT('',#8617);
#2337=VERTEX_POINT('',#8619);
#2338=VERTEX_POINT('',#8626);
#2339=VERTEX_POINT('',#8628);
#2340=VERTEX_POINT('',#8630);
#2341=VERTEX_POINT('',#8632);
#2342=VERTEX_POINT('',#8636);
#2343=VERTEX_POINT('',#8637);
#2344=VERTEX_POINT('',#8639);
#2345=VERTEX_POINT('',#8642);
#2346=VERTEX_POINT('',#8643);
#2347=VERTEX_POINT('',#8645);
#2348=VERTEX_POINT('',#8664);
#2349=VERTEX_POINT('',#8669);
#2350=VERTEX_POINT('',#8674);
#2351=VERTEX_POINT('',#8682);
#2352=VERTEX_POINT('',#8692);
#2353=VERTEX_POINT('',#8693);
#2354=VERTEX_POINT('',#8695);
#2355=VERTEX_POINT('',#8697);
#2356=VERTEX_POINT('',#8701);
#2357=VERTEX_POINT('',#8703);
#2358=VERTEX_POINT('',#8707);
#2359=VERTEX_POINT('',#8708);
#2360=VERTEX_POINT('',#8713);
#2361=VERTEX_POINT('',#8714);
#2362=VERTEX_POINT('',#8719);
#2363=VERTEX_POINT('',#8721);
#2364=VERTEX_POINT('',#8725);
#2365=VERTEX_POINT('',#8726);
#2366=VERTEX_POINT('',#8731);
#2367=VERTEX_POINT('',#8733);
#2368=VERTEX_POINT('',#8737);
#2369=VERTEX_POINT('',#8741);
#2370=VERTEX_POINT('',#8743);
#2371=VERTEX_POINT('',#8747);
#2372=VERTEX_POINT('',#8749);
#2373=VERTEX_POINT('',#8751);
#2374=VERTEX_POINT('',#8779);
#2375=VERTEX_POINT('',#8783);
#2376=VERTEX_POINT('',#8796);
#2377=VERTEX_POINT('',#8809);
#2378=VERTEX_POINT('',#8822);
#2379=VERTEX_POINT('',#8824);
#2380=VERTEX_POINT('',#8828);
#2381=VERTEX_POINT('',#8839);
#2382=VERTEX_POINT('',#8854);
#2383=VERTEX_POINT('',#8856);
#2384=VERTEX_POINT('',#8863);
#2385=VERTEX_POINT('',#8864);
#2386=VERTEX_POINT('',#8868);
#2387=VERTEX_POINT('',#8870);
#2388=VERTEX_POINT('',#8876);
#2389=VERTEX_POINT('',#8881);
#2390=VERTEX_POINT('',#8883);
#2391=VERTEX_POINT('',#8889);
#2392=VERTEX_POINT('',#8890);
#2393=VERTEX_POINT('',#8902);
#2394=VERTEX_POINT('',#8903);
#2395=VERTEX_POINT('',#8907);
#2396=VERTEX_POINT('',#8909);
#2397=VERTEX_POINT('',#8915);
#2398=VERTEX_POINT('',#8917);
#2399=VERTEX_POINT('',#8921);
#2400=VERTEX_POINT('',#8925);
#2401=VERTEX_POINT('',#8930);
#2402=VERTEX_POINT('',#8941);
#2403=VERTEX_POINT('',#8942);
#2404=VERTEX_POINT('',#8957);
#2405=VERTEX_POINT('',#8959);
#2406=VERTEX_POINT('',#8978);
#2407=VERTEX_POINT('',#8987);
#2408=VERTEX_POINT('',#8989);
#2409=VERTEX_POINT('',#8998);
#2410=VERTEX_POINT('',#9000);
#2411=VERTEX_POINT('',#9002);
#2412=VERTEX_POINT('',#9004);
#2413=VERTEX_POINT('',#9007);
#2414=VERTEX_POINT('',#9009);
#2415=VERTEX_POINT('',#9011);
#2416=VERTEX_POINT('',#9013);
#2417=VERTEX_POINT('',#9018);
#2418=VERTEX_POINT('',#9023);
#2419=VERTEX_POINT('',#9025);
#2420=VERTEX_POINT('',#9029);
#2421=VERTEX_POINT('',#9049);
#2422=VERTEX_POINT('',#9051);
#2423=VERTEX_POINT('',#9062);
#2424=VERTEX_POINT('',#9068);
#2425=VERTEX_POINT('',#9072);
#2426=VERTEX_POINT('',#9076);
#2427=VERTEX_POINT('',#9077);
#2428=VERTEX_POINT('',#9086);
#2429=VERTEX_POINT('',#9088);
#2430=VERTEX_POINT('',#9090);
#2431=VERTEX_POINT('',#9093);
#2432=VERTEX_POINT('',#9094);
#2433=VERTEX_POINT('',#9096);
#2434=VERTEX_POINT('',#9099);
#2435=VERTEX_POINT('',#9100);
#2436=VERTEX_POINT('',#9102);
#2437=VERTEX_POINT('',#9106);
#2438=VERTEX_POINT('',#9108);
#2439=VERTEX_POINT('',#9110);
#2440=VERTEX_POINT('',#9112);
#2441=VERTEX_POINT('',#9131);
#2442=VERTEX_POINT('',#9136);
#2443=VERTEX_POINT('',#9141);
#2444=VERTEX_POINT('',#9154);
#2445=VERTEX_POINT('',#9156);
#2446=VERTEX_POINT('',#9158);
#2447=VERTEX_POINT('',#9162);
#2448=VERTEX_POINT('',#9166);
#2449=VERTEX_POINT('',#9170);
#2450=VERTEX_POINT('',#9177);
#2451=VERTEX_POINT('',#9181);
#2452=VERTEX_POINT('',#9187);
#2453=VERTEX_POINT('',#9193);
#2454=VERTEX_POINT('',#9201);
#2455=VERTEX_POINT('',#9203);
#2456=VERTEX_POINT('',#9223);
#2457=VERTEX_POINT('',#9227);
#2458=VERTEX_POINT('',#9240);
#2459=VERTEX_POINT('',#9253);
#2460=VERTEX_POINT('',#9266);
#2461=VERTEX_POINT('',#9268);
#2462=VERTEX_POINT('',#9272);
#2463=VERTEX_POINT('',#9283);
#2464=VERTEX_POINT('',#9298);
#2465=VERTEX_POINT('',#9300);
#2466=VERTEX_POINT('',#9305);
#2467=VERTEX_POINT('',#9306);
#2468=VERTEX_POINT('',#9310);
#2469=VERTEX_POINT('',#9312);
#2470=VERTEX_POINT('',#9318);
#2471=VERTEX_POINT('',#9322);
#2472=VERTEX_POINT('',#9324);
#2473=VERTEX_POINT('',#9331);
#2474=VERTEX_POINT('',#9332);
#2475=VERTEX_POINT('',#9344);
#2476=VERTEX_POINT('',#9345);
#2477=VERTEX_POINT('',#9349);
#2478=VERTEX_POINT('',#9351);
#2479=VERTEX_POINT('',#9357);
#2480=VERTEX_POINT('',#9359);
#2481=VERTEX_POINT('',#9364);
#2482=VERTEX_POINT('',#9366);
#2483=VERTEX_POINT('',#9372);
#2484=EDGE_CURVE('',#2040,#2040,#1728,.T.);
#2485=EDGE_CURVE('',#2040,#2041,#1044,.T.);
#2486=EDGE_CURVE('',#2041,#2041,#1729,.F.);
#2487=EDGE_CURVE('',#2042,#2042,#1730,.T.);
#2488=EDGE_CURVE('',#2042,#2040,#1045,.T.);
#2489=EDGE_CURVE('',#2042,#2043,#1046,.T.);
#2490=EDGE_CURVE('',#2043,#2043,#1731,.T.);
#2491=EDGE_CURVE('',#2044,#2044,#1732,.T.);
#2492=EDGE_CURVE('',#2044,#2045,#1047,.T.);
#2493=EDGE_CURVE('',#2045,#2045,#1733,.T.);
#2494=EDGE_CURVE('',#2045,#2041,#1048,.T.);
#2495=EDGE_CURVE('',#2046,#2047,#1049,.T.);
#2496=EDGE_CURVE('',#2047,#2048,#1050,.T.);
#2497=EDGE_CURVE('',#2049,#2048,#1051,.T.);
#2498=EDGE_CURVE('',#2046,#2049,#1052,.T.);
#2499=EDGE_CURVE('',#2050,#2051,#1734,.T.);
#2500=EDGE_CURVE('',#2052,#2050,#1735,.T.);
#2501=EDGE_CURVE('',#2052,#2053,#1736,.T.);
#2502=EDGE_CURVE('',#2051,#2053,#1737,.T.);
#2503=EDGE_CURVE('',#2054,#2051,#1053,.T.);
#2504=EDGE_CURVE('',#2055,#2054,#113,.T.);
#2505=EDGE_CURVE('',#2050,#2055,#1054,.T.);
#2506=EDGE_CURVE('',#2046,#2056,#1738,.T.);
#2507=EDGE_CURVE('',#2057,#2046,#1739,.T.);
#2508=EDGE_CURVE('',#2057,#2058,#1740,.T.);
#2509=EDGE_CURVE('',#2056,#2058,#1741,.T.);
#2510=EDGE_CURVE('',#2047,#2059,#1742,.T.);
#2511=EDGE_CURVE('',#2059,#2056,#1055,.T.);
#2512=EDGE_CURVE('',#2060,#2061,#1743,.T.);
#2513=EDGE_CURVE('',#2047,#2060,#1744,.T.);
#2514=EDGE_CURVE('',#2061,#2059,#1745,.T.);
#2515=EDGE_CURVE('',#2055,#2061,#1056,.T.);
#2516=EDGE_CURVE('',#2060,#2054,#1057,.T.);
#2517=EDGE_CURVE('',#2060,#2062,#1058,.T.);
#2518=EDGE_CURVE('',#2048,#2062,#1746,.T.);
#2519=EDGE_CURVE('',#2063,#2049,#1747,.T.);
#2520=EDGE_CURVE('',#2057,#2063,#1059,.T.);
#2521=EDGE_CURVE('',#2064,#2065,#1748,.T.);
#2522=EDGE_CURVE('',#2066,#2064,#1749,.T.);
#2523=EDGE_CURVE('',#2066,#2067,#1750,.T.);
#2524=EDGE_CURVE('',#2065,#2067,#1751,.T.);
#2525=EDGE_CURVE('',#2068,#2069,#1752,.T.);
#2526=EDGE_CURVE('',#2064,#2068,#1060,.T.);
#2527=EDGE_CURVE('',#2069,#2065,#1061,.T.);
#2528=EDGE_CURVE('',#2070,#2071,#1753,.T.);
#2529=EDGE_CURVE('',#2068,#2070,#1754,.T.);
#2530=EDGE_CURVE('',#2071,#2069,#1755,.T.);
#2531=EDGE_CURVE('',#2072,#2073,#1756,.T.);
#2532=EDGE_CURVE('',#2074,#2072,#1757,.T.);
#2533=EDGE_CURVE('',#2074,#2075,#1758,.T.);
#2534=EDGE_CURVE('',#2073,#2075,#1759,.T.);
#2535=EDGE_CURVE('',#2076,#2077,#1760,.T.);
#2536=EDGE_CURVE('',#2072,#2076,#1062,.T.);
#2537=EDGE_CURVE('',#2077,#2073,#1063,.T.);
#2538=EDGE_CURVE('',#2078,#2079,#1761,.T.);
#2539=EDGE_CURVE('',#2080,#2078,#1762,.T.);
#2540=EDGE_CURVE('',#2080,#2081,#1763,.T.);
#2541=EDGE_CURVE('',#2079,#2081,#1764,.T.);
#2542=EDGE_CURVE('',#2082,#2083,#1765,.T.);
#2543=EDGE_CURVE('',#2078,#2082,#1064,.T.);
#2544=EDGE_CURVE('',#2083,#2079,#1065,.T.);
#2545=EDGE_CURVE('',#2084,#2085,#1766,.T.);
#2546=EDGE_CURVE('',#2082,#2084,#1767,.T.);
#2547=EDGE_CURVE('',#2085,#2083,#1768,.T.);
#2548=EDGE_CURVE('',#2086,#2087,#1769,.T.);
#2549=EDGE_CURVE('',#2088,#2086,#1770,.T.);
#2550=EDGE_CURVE('',#2088,#2089,#1771,.T.);
#2551=EDGE_CURVE('',#2087,#2089,#1772,.T.);
#2552=EDGE_CURVE('',#2090,#2091,#1773,.T.);
#2553=EDGE_CURVE('',#2086,#2090,#1066,.T.);
#2554=EDGE_CURVE('',#2091,#2087,#1067,.T.);
#2555=EDGE_CURVE('',#2092,#2093,#1774,.T.);
#2556=EDGE_CURVE('',#2090,#2092,#1775,.T.);
#2557=EDGE_CURVE('',#2093,#2091,#1776,.T.);
#2558=EDGE_CURVE('',#2073,#2050,#1068,.T.);
#2559=EDGE_CURVE('',#2052,#2075,#1069,.T.);
#2560=EDGE_CURVE('',#2055,#2077,#1070,.T.);
#2561=EDGE_CURVE('',#2094,#2095,#1071,.T.);
#2562=EDGE_CURVE('',#2094,#2096,#1777,.T.);
#2563=EDGE_CURVE('',#2096,#2097,#1072,.T.);
#2564=EDGE_CURVE('',#2095,#2097,#1778,.T.);
#2565=EDGE_CURVE('',#2048,#2094,#1779,.T.);
#2566=EDGE_CURVE('',#2062,#2096,#1780,.T.);
#2567=EDGE_CURVE('',#2090,#2083,#1073,.T.);
#2568=EDGE_CURVE('',#2092,#2085,#1074,.T.);
#2569=EDGE_CURVE('',#2098,#2069,#1075,.T.);
#2570=EDGE_CURVE('',#2098,#2099,#1781,.T.);
#2571=EDGE_CURVE('',#2099,#2071,#1076,.T.);
#2572=EDGE_CURVE('',#2100,#2098,#1782,.T.);
#2573=EDGE_CURVE('',#2100,#2101,#1783,.T.);
#2574=EDGE_CURVE('',#2101,#2099,#1784,.T.);
#2575=EDGE_CURVE('',#2102,#2100,#1077,.T.);
#2576=EDGE_CURVE('',#2102,#2103,#1785,.T.);
#2577=EDGE_CURVE('',#2103,#2101,#1078,.T.);
#2578=EDGE_CURVE('',#2104,#2105,#1079,.T.);
#2579=EDGE_CURVE('',#2104,#2094,#1080,.T.);
#2580=EDGE_CURVE('',#2105,#2095,#1081,.T.);
#2581=EDGE_CURVE('',#2049,#2104,#1786,.T.);
#2582=EDGE_CURVE('',#2086,#2079,#1082,.T.);
#2583=EDGE_CURVE('',#2106,#2065,#1083,.T.);
#2584=EDGE_CURVE('',#2106,#2098,#1084,.T.);
#2585=EDGE_CURVE('',#2107,#2106,#1787,.T.);
#2586=EDGE_CURVE('',#2107,#2100,#1085,.T.);
#2587=EDGE_CURVE('',#2108,#2107,#1086,.T.);
#2588=EDGE_CURVE('',#2108,#2102,#1087,.T.);
#2589=EDGE_CURVE('',#2109,#2110,#1088,.T.);
#2590=EDGE_CURVE('',#2109,#2104,#1788,.T.);
#2591=EDGE_CURVE('',#2110,#2105,#1789,.T.);
#2592=EDGE_CURVE('',#2063,#2109,#1790,.T.);
#2593=EDGE_CURVE('',#2088,#2081,#1089,.T.);
#2594=EDGE_CURVE('',#2111,#2067,#1090,.T.);
#2595=EDGE_CURVE('',#2111,#2106,#1791,.T.);
#2596=EDGE_CURVE('',#2112,#2111,#1792,.T.);
#2597=EDGE_CURVE('',#2112,#2107,#1793,.T.);
#2598=EDGE_CURVE('',#2113,#2112,#1091,.T.);
#2599=EDGE_CURVE('',#2113,#2108,#1794,.T.);
#2600=EDGE_CURVE('',#2114,#2114,#1795,.T.);
#2601=EDGE_CURVE('',#2114,#2115,#1092,.T.);
#2602=EDGE_CURVE('',#2115,#2115,#1796,.F.);
#2603=EDGE_CURVE('',#2116,#2116,#1797,.T.);
#2604=EDGE_CURVE('',#2116,#2114,#1093,.T.);
#2605=EDGE_CURVE('',#2116,#2117,#1094,.T.);
#2606=EDGE_CURVE('',#2117,#2117,#1798,.T.);
#2607=EDGE_CURVE('',#2118,#2118,#1799,.T.);
#2608=EDGE_CURVE('',#2118,#2119,#1095,.T.);
#2609=EDGE_CURVE('',#2119,#2119,#1800,.T.);
#2610=EDGE_CURVE('',#2119,#2115,#1096,.T.);
#2611=EDGE_CURVE('',#2120,#2121,#1097,.T.);
#2612=EDGE_CURVE('',#2120,#2122,#1098,.T.);
#2613=EDGE_CURVE('',#2122,#2123,#1099,.T.);
#2614=EDGE_CURVE('',#2121,#2123,#1100,.T.);
#2615=EDGE_CURVE('',#2052,#2124,#1101,.T.);
#2616=EDGE_CURVE('',#2124,#2125,#1801,.T.);
#2617=EDGE_CURVE('',#2125,#2053,#1102,.T.);
#2618=EDGE_CURVE('',#2126,#2127,#1802,.T.);
#2619=EDGE_CURVE('',#2127,#2125,#1803,.T.);
#2620=EDGE_CURVE('',#2124,#2126,#1804,.T.);
#2621=EDGE_CURVE('',#2128,#2127,#1103,.T.);
#2622=EDGE_CURVE('',#2126,#2129,#1104,.T.);
#2623=EDGE_CURVE('',#2129,#2128,#114,.T.);
#2624=EDGE_CURVE('',#2130,#2057,#1105,.T.);
#2625=EDGE_CURVE('',#2130,#2131,#1805,.T.);
#2626=EDGE_CURVE('',#2058,#2131,#1106,.T.);
#2627=EDGE_CURVE('',#2120,#2132,#1806,.T.);
#2628=EDGE_CURVE('',#2132,#2131,#1807,.T.);
#2629=EDGE_CURVE('',#2130,#2120,#1808,.T.);
#2630=EDGE_CURVE('',#2121,#2133,#1809,.T.);
#2631=EDGE_CURVE('',#2133,#2132,#1107,.T.);
#2632=EDGE_CURVE('',#2134,#2135,#1810,.T.);
#2633=EDGE_CURVE('',#2135,#2133,#1811,.T.);
#2634=EDGE_CURVE('',#2121,#2134,#1812,.T.);
#2635=EDGE_CURVE('',#2129,#2135,#1108,.T.);
#2636=EDGE_CURVE('',#2134,#2128,#1109,.T.);
#2637=EDGE_CURVE('',#2134,#2136,#1110,.T.);
#2638=EDGE_CURVE('',#2136,#2062,#1111,.T.);
#2639=EDGE_CURVE('',#2123,#2136,#1813,.T.);
#2640=EDGE_CURVE('',#2130,#2137,#1112,.T.);
#2641=EDGE_CURVE('',#2137,#2122,#1814,.T.);
#2642=EDGE_CURVE('',#2063,#2137,#1113,.T.);
#2643=EDGE_CURVE('',#2138,#2066,#1114,.T.);
#2644=EDGE_CURVE('',#2138,#2139,#1815,.T.);
#2645=EDGE_CURVE('',#2067,#2139,#1115,.T.);
#2646=EDGE_CURVE('',#2140,#2141,#1816,.T.);
#2647=EDGE_CURVE('',#2141,#2139,#1817,.T.);
#2648=EDGE_CURVE('',#2138,#2140,#1818,.T.);
#2649=EDGE_CURVE('',#2142,#2143,#1819,.T.);
#2650=EDGE_CURVE('',#2143,#2141,#1116,.T.);
#2651=EDGE_CURVE('',#2140,#2142,#1117,.T.);
#2652=EDGE_CURVE('',#2144,#2145,#1820,.T.);
#2653=EDGE_CURVE('',#2145,#2143,#1821,.T.);
#2654=EDGE_CURVE('',#2142,#2144,#1822,.T.);
#2655=EDGE_CURVE('',#2071,#2145,#1118,.T.);
#2656=EDGE_CURVE('',#2144,#2070,#1119,.T.);
#2657=EDGE_CURVE('',#2093,#2146,#1120,.T.);
#2658=EDGE_CURVE('',#2147,#2089,#1121,.T.);
#2659=EDGE_CURVE('',#2148,#2147,#1823,.T.);
#2660=EDGE_CURVE('',#2149,#2148,#1122,.T.);
#2661=EDGE_CURVE('',#2146,#2149,#1824,.T.);
#2662=EDGE_CURVE('',#2150,#2151,#1825,.T.);
#2663=EDGE_CURVE('',#2151,#2075,#1123,.T.);
#2664=EDGE_CURVE('',#2074,#2150,#1124,.T.);
#2665=EDGE_CURVE('',#2152,#2153,#1826,.T.);
#2666=EDGE_CURVE('',#2153,#2151,#1827,.T.);
#2667=EDGE_CURVE('',#2150,#2152,#1828,.T.);
#2668=EDGE_CURVE('',#2154,#2155,#1829,.T.);
#2669=EDGE_CURVE('',#2155,#2153,#1125,.T.);
#2670=EDGE_CURVE('',#2152,#2154,#1126,.T.);
#2671=EDGE_CURVE('',#2154,#2076,#1127,.T.);
#2672=EDGE_CURVE('',#2156,#2157,#1830,.T.);
#2673=EDGE_CURVE('',#2157,#2081,#1128,.T.);
#2674=EDGE_CURVE('',#2156,#2080,#1129,.T.);
#2675=EDGE_CURVE('',#2158,#2159,#1831,.T.);
#2676=EDGE_CURVE('',#2159,#2157,#1832,.T.);
#2677=EDGE_CURVE('',#2156,#2158,#1833,.T.);
#2678=EDGE_CURVE('',#2160,#2161,#1834,.T.);
#2679=EDGE_CURVE('',#2161,#2159,#1130,.T.);
#2680=EDGE_CURVE('',#2158,#2160,#1131,.T.);
#2681=EDGE_CURVE('',#2162,#2163,#1835,.T.);
#2682=EDGE_CURVE('',#2163,#2161,#1836,.T.);
#2683=EDGE_CURVE('',#2160,#2162,#1837,.T.);
#2684=EDGE_CURVE('',#2085,#2163,#1132,.T.);
#2685=EDGE_CURVE('',#2162,#2084,#1133,.T.);
#2686=EDGE_CURVE('',#2129,#2155,#1134,.T.);
#2687=EDGE_CURVE('',#2164,#2088,#1135,.T.);
#2688=EDGE_CURVE('',#2164,#2147,#1838,.T.);
#2689=EDGE_CURVE('',#2165,#2148,#1839,.T.);
#2690=EDGE_CURVE('',#2164,#2165,#1840,.T.);
#2691=EDGE_CURVE('',#2166,#2149,#1841,.T.);
#2692=EDGE_CURVE('',#2165,#2166,#1136,.T.);
#2693=EDGE_CURVE('',#2167,#2146,#1842,.T.);
#2694=EDGE_CURVE('',#2166,#2167,#1843,.T.);
#2695=EDGE_CURVE('',#2167,#2092,#1137,.T.);
#2696=EDGE_CURVE('',#2124,#2151,#1138,.T.);
#2697=EDGE_CURVE('',#2153,#2126,#1139,.T.);
#2698=EDGE_CURVE('',#2168,#2169,#1140,.T.);
#2699=EDGE_CURVE('',#2169,#2097,#1141,.T.);
#2700=EDGE_CURVE('',#2168,#2096,#1142,.T.);
#2701=EDGE_CURVE('',#2136,#2168,#1844,.T.);
#2702=EDGE_CURVE('',#2167,#2163,#1143,.T.);
#2703=EDGE_CURVE('',#2170,#2099,#1144,.T.);
#2704=EDGE_CURVE('',#2170,#2145,#1145,.T.);
#2705=EDGE_CURVE('',#2171,#2170,#1845,.T.);
#2706=EDGE_CURVE('',#2171,#2101,#1146,.T.);
#2707=EDGE_CURVE('',#2172,#2171,#1147,.T.);
#2708=EDGE_CURVE('',#2172,#2103,#1148,.T.);
#2709=EDGE_CURVE('',#2173,#2174,#1149,.T.);
#2710=EDGE_CURVE('',#2174,#2169,#1846,.T.);
#2711=EDGE_CURVE('',#2173,#2168,#1847,.T.);
#2712=EDGE_CURVE('',#2123,#2173,#1848,.T.);
#2713=EDGE_CURVE('',#2166,#2161,#1150,.T.);
#2714=EDGE_CURVE('',#2175,#2170,#1849,.T.);
#2715=EDGE_CURVE('',#2175,#2143,#1151,.T.);
#2716=EDGE_CURVE('',#2176,#2175,#1850,.T.);
#2717=EDGE_CURVE('',#2176,#2171,#1851,.T.);
#2718=EDGE_CURVE('',#2177,#2176,#1152,.T.);
#2719=EDGE_CURVE('',#2177,#2172,#1852,.T.);
#2720=EDGE_CURVE('',#2178,#2179,#1153,.T.);
#2721=EDGE_CURVE('',#2179,#2174,#1154,.T.);
#2722=EDGE_CURVE('',#2178,#2173,#1155,.T.);
#2723=EDGE_CURVE('',#2122,#2178,#1853,.T.);
#2724=EDGE_CURVE('',#2165,#2159,#1156,.T.);
#2725=EDGE_CURVE('',#2180,#2175,#1157,.T.);
#2726=EDGE_CURVE('',#2180,#2141,#1158,.T.);
#2727=EDGE_CURVE('',#2181,#2180,#1854,.T.);
#2728=EDGE_CURVE('',#2181,#2176,#1159,.T.);
#2729=EDGE_CURVE('',#2182,#2181,#1160,.T.);
#2730=EDGE_CURVE('',#2182,#2177,#1161,.T.);
#2731=EDGE_CURVE('',#2183,#2184,#1162,.T.);
#2732=EDGE_CURVE('',#2184,#2179,#1855,.T.);
#2733=EDGE_CURVE('',#2183,#2178,#1856,.T.);
#2734=EDGE_CURVE('',#2137,#2183,#1857,.T.);
#2735=EDGE_CURVE('',#2164,#2157,#1163,.T.);
#2736=EDGE_CURVE('',#2185,#2180,#1858,.T.);
#2737=EDGE_CURVE('',#2185,#2139,#1164,.T.);
#2738=EDGE_CURVE('',#2186,#2185,#1859,.T.);
#2739=EDGE_CURVE('',#2186,#2181,#1860,.T.);
#2740=EDGE_CURVE('',#2187,#2186,#1165,.T.);
#2741=EDGE_CURVE('',#2187,#2182,#1861,.T.);
#2742=EDGE_CURVE('',#2113,#2187,#1166,.T.);
#2743=EDGE_CURVE('',#2110,#2184,#1167,.T.);
#2744=EDGE_CURVE('',#2109,#2183,#1168,.T.);
#2745=EDGE_CURVE('',#2111,#2185,#1169,.T.);
#2746=EDGE_CURVE('',#2112,#2186,#1170,.T.);
#2747=EDGE_CURVE('',#2188,#2189,#31,.T.);
#2748=EDGE_CURVE('',#2190,#2189,#32,.T.);
#2749=EDGE_CURVE('',#2191,#2190,#33,.T.);
#2750=EDGE_CURVE('',#2192,#2191,#34,.T.);
#2751=EDGE_CURVE('',#2188,#2192,#35,.T.);
#2752=EDGE_CURVE('',#2193,#2188,#36,.T.);
#2753=EDGE_CURVE('',#2194,#2193,#37,.F.);
#2754=EDGE_CURVE('',#2189,#2194,#38,.T.);
#2755=EDGE_CURVE('',#2195,#2194,#1171,.T.);
#2756=EDGE_CURVE('',#2195,#2190,#39,.T.);
#2757=EDGE_CURVE('',#2196,#2195,#40,.F.);
#2758=EDGE_CURVE('',#2197,#2196,#41,.T.);
#2759=EDGE_CURVE('',#2191,#2197,#42,.T.);
#2760=EDGE_CURVE('',#2197,#2198,#1862,.T.);
#2761=EDGE_CURVE('',#2198,#2199,#1172,.T.);
#2762=EDGE_CURVE('',#2199,#2192,#1863,.T.);
#2763=EDGE_CURVE('',#2199,#2200,#13,.T.);
#2764=EDGE_CURVE('',#2201,#2198,#115,.T.);
#2765=EDGE_CURVE('',#2201,#2200,#1173,.T.);
#2766=EDGE_CURVE('',#2200,#2193,#1864,.T.);
#2767=EDGE_CURVE('',#2196,#2201,#1865,.T.);
#2768=EDGE_CURVE('',#2202,#2203,#1174,.T.);
#2769=EDGE_CURVE('',#2204,#2202,#116,.T.);
#2770=EDGE_CURVE('',#2205,#2204,#1175,.T.);
#2771=EDGE_CURVE('',#2203,#2205,#1866,.T.);
#2772=EDGE_CURVE('',#2206,#2207,#1867,.T.);
#2773=EDGE_CURVE('',#2208,#2206,#1868,.T.);
#2774=EDGE_CURVE('',#2208,#2209,#1869,.T.);
#2775=EDGE_CURVE('',#2207,#2209,#1870,.T.);
#2776=EDGE_CURVE('',#2210,#2211,#1871,.T.);
#2777=EDGE_CURVE('',#2206,#2210,#1176,.T.);
#2778=EDGE_CURVE('',#2211,#2207,#1177,.T.);
#2779=EDGE_CURVE('',#2212,#2213,#1872,.T.);
#2780=EDGE_CURVE('',#2210,#2212,#1873,.T.);
#2781=EDGE_CURVE('',#2213,#2211,#1874,.T.);
#2782=EDGE_CURVE('',#2204,#2213,#1178,.T.);
#2783=EDGE_CURVE('',#2212,#2202,#1179,.T.);
#2784=EDGE_CURVE('',#2214,#2215,#1875,.T.);
#2785=EDGE_CURVE('',#2203,#2214,#1876,.T.);
#2786=EDGE_CURVE('',#2215,#2205,#1877,.T.);
#2787=EDGE_CURVE('',#2216,#2214,#1180,.T.);
#2788=EDGE_CURVE('',#2216,#2217,#1878,.T.);
#2789=EDGE_CURVE('',#2203,#2217,#1181,.T.);
#2790=EDGE_CURVE('',#2217,#2218,#1182,.T.);
#2791=EDGE_CURVE('',#2218,#2202,#1183,.T.);
#2792=EDGE_CURVE('',#2219,#2217,#1879,.T.);
#2793=EDGE_CURVE('',#2220,#2219,#1184,.T.);
#2794=EDGE_CURVE('',#2218,#2220,#1880,.T.);
#2795=EDGE_CURVE('',#2221,#2216,#1881,.T.);
#2796=EDGE_CURVE('',#2219,#2221,#1882,.T.);
#2797=EDGE_CURVE('',#2222,#2223,#1883,.T.);
#2798=EDGE_CURVE('',#2224,#2222,#1884,.T.);
#2799=EDGE_CURVE('',#2224,#2225,#1885,.T.);
#2800=EDGE_CURVE('',#2223,#2225,#1886,.T.);
#2801=EDGE_CURVE('',#2226,#2227,#1887,.T.);
#2802=EDGE_CURVE('',#2222,#2226,#1185,.T.);
#2803=EDGE_CURVE('',#2227,#2223,#1186,.T.);
#2804=EDGE_CURVE('',#2228,#2229,#1888,.T.);
#2805=EDGE_CURVE('',#2226,#2228,#1889,.T.);
#2806=EDGE_CURVE('',#2229,#2227,#1890,.T.);
#2807=EDGE_CURVE('',#2228,#2230,#1187,.T.);
#2808=EDGE_CURVE('',#2230,#2231,#1891,.T.);
#2809=EDGE_CURVE('',#2226,#2231,#1188,.T.);
#2810=EDGE_CURVE('',#2231,#2232,#1189,.T.);
#2811=EDGE_CURVE('',#2222,#2232,#1190,.T.);
#2812=EDGE_CURVE('',#2232,#2233,#1892,.T.);
#2813=EDGE_CURVE('',#2224,#2233,#1191,.T.);
#2814=EDGE_CURVE('',#2234,#2232,#1893,.T.);
#2815=EDGE_CURVE('',#2235,#2234,#1894,.T.);
#2816=EDGE_CURVE('',#2235,#2233,#1895,.T.);
#2817=EDGE_CURVE('',#2236,#2231,#1896,.T.);
#2818=EDGE_CURVE('',#2234,#2236,#1192,.T.);
#2819=EDGE_CURVE('',#2237,#2230,#1897,.T.);
#2820=EDGE_CURVE('',#2236,#2237,#1898,.T.);
#2821=EDGE_CURVE('',#2238,#2211,#1193,.T.);
#2822=EDGE_CURVE('',#2238,#2239,#1899,.T.);
#2823=EDGE_CURVE('',#2239,#2213,#1194,.T.);
#2824=EDGE_CURVE('',#2240,#2238,#1900,.T.);
#2825=EDGE_CURVE('',#2240,#2241,#1901,.T.);
#2826=EDGE_CURVE('',#2241,#2239,#1902,.T.);
#2827=EDGE_CURVE('',#2242,#2240,#1195,.T.);
#2828=EDGE_CURVE('',#2242,#2243,#1903,.T.);
#2829=EDGE_CURVE('',#2243,#2241,#1196,.T.);
#2830=EDGE_CURVE('',#2244,#2207,#1197,.T.);
#2831=EDGE_CURVE('',#2244,#2238,#1198,.T.);
#2832=EDGE_CURVE('',#2245,#2244,#1904,.T.);
#2833=EDGE_CURVE('',#2245,#2240,#1199,.T.);
#2834=EDGE_CURVE('',#2246,#2245,#1200,.T.);
#2835=EDGE_CURVE('',#2246,#2242,#1201,.T.);
#2836=EDGE_CURVE('',#2247,#2246,#1202,.T.);
#2837=EDGE_CURVE('',#2247,#2248,#1203,.T.);
#2838=EDGE_CURVE('',#2248,#2242,#1204,.T.);
#2839=EDGE_CURVE('',#2249,#2209,#1205,.T.);
#2840=EDGE_CURVE('',#2249,#2244,#1905,.T.);
#2841=EDGE_CURVE('',#2250,#2249,#1906,.T.);
#2842=EDGE_CURVE('',#2250,#2245,#1907,.T.);
#2843=EDGE_CURVE('',#2251,#2250,#1206,.T.);
#2844=EDGE_CURVE('',#2251,#2246,#1908,.T.);
#2845=EDGE_CURVE('',#2252,#2253,#43,.T.);
#2846=EDGE_CURVE('',#2252,#2254,#44,.T.);
#2847=EDGE_CURVE('',#2254,#2255,#45,.T.);
#2848=EDGE_CURVE('',#2255,#2256,#46,.T.);
#2849=EDGE_CURVE('',#2256,#2253,#47,.T.);
#2850=EDGE_CURVE('',#2253,#2257,#48,.T.);
#2851=EDGE_CURVE('',#2257,#2258,#49,.F.);
#2852=EDGE_CURVE('',#2258,#2252,#50,.T.);
#2853=EDGE_CURVE('',#2259,#2256,#51,.T.);
#2854=EDGE_CURVE('',#2259,#2257,#1207,.T.);
#2855=EDGE_CURVE('',#2255,#2260,#52,.T.);
#2856=EDGE_CURVE('',#2260,#2261,#53,.T.);
#2857=EDGE_CURVE('',#2261,#2259,#54,.F.);
#2858=EDGE_CURVE('',#2262,#2254,#1909,.T.);
#2859=EDGE_CURVE('',#2263,#2262,#1208,.T.);
#2860=EDGE_CURVE('',#2260,#2263,#1910,.T.);
#2861=EDGE_CURVE('',#2262,#2264,#14,.T.);
#2862=EDGE_CURVE('',#2265,#2264,#1209,.T.);
#2863=EDGE_CURVE('',#2265,#2263,#117,.T.);
#2864=EDGE_CURVE('',#2264,#2258,#1911,.T.);
#2865=EDGE_CURVE('',#2261,#2265,#1912,.T.);
#2866=EDGE_CURVE('',#2266,#2267,#1210,.T.);
#2867=EDGE_CURVE('',#2267,#2268,#1913,.T.);
#2868=EDGE_CURVE('',#2268,#2269,#1211,.T.);
#2869=EDGE_CURVE('',#2269,#2266,#118,.T.);
#2870=EDGE_CURVE('',#2208,#2270,#1212,.T.);
#2871=EDGE_CURVE('',#2270,#2271,#1914,.T.);
#2872=EDGE_CURVE('',#2271,#2209,#1213,.T.);
#2873=EDGE_CURVE('',#2272,#2273,#1915,.T.);
#2874=EDGE_CURVE('',#2273,#2271,#1916,.T.);
#2875=EDGE_CURVE('',#2270,#2272,#1917,.T.);
#2876=EDGE_CURVE('',#2274,#2275,#1918,.T.);
#2877=EDGE_CURVE('',#2275,#2273,#1214,.T.);
#2878=EDGE_CURVE('',#2272,#2274,#1215,.T.);
#2879=EDGE_CURVE('',#2276,#2277,#1919,.T.);
#2880=EDGE_CURVE('',#2277,#2275,#1920,.T.);
#2881=EDGE_CURVE('',#2274,#2276,#1921,.T.);
#2882=EDGE_CURVE('',#2269,#2277,#1216,.T.);
#2883=EDGE_CURVE('',#2276,#2266,#1217,.T.);
#2884=EDGE_CURVE('',#2278,#2279,#1922,.T.);
#2885=EDGE_CURVE('',#2279,#2268,#1923,.T.);
#2886=EDGE_CURVE('',#2267,#2278,#1924,.T.);
#2887=EDGE_CURVE('',#2215,#2279,#1218,.T.);
#2888=EDGE_CURVE('',#2278,#2214,#1219,.T.);
#2889=EDGE_CURVE('',#2280,#2278,#1220,.T.);
#2890=EDGE_CURVE('',#2216,#2280,#1221,.T.);
#2891=EDGE_CURVE('',#2267,#2281,#1222,.T.);
#2892=EDGE_CURVE('',#2280,#2281,#1925,.T.);
#2893=EDGE_CURVE('',#2282,#2266,#1223,.T.);
#2894=EDGE_CURVE('',#2281,#2282,#1224,.T.);
#2895=EDGE_CURVE('',#2220,#2283,#1225,.T.);
#2896=EDGE_CURVE('',#2282,#2283,#1926,.T.);
#2897=EDGE_CURVE('',#2284,#2225,#1226,.T.);
#2898=EDGE_CURVE('',#2285,#2284,#1927,.T.);
#2899=EDGE_CURVE('',#2286,#2285,#1227,.T.);
#2900=EDGE_CURVE('',#2287,#2286,#1928,.T.);
#2901=EDGE_CURVE('',#2229,#2287,#1228,.T.);
#2902=EDGE_CURVE('',#2288,#2281,#1929,.T.);
#2903=EDGE_CURVE('',#2283,#2288,#1229,.T.);
#2904=EDGE_CURVE('',#2289,#2280,#1930,.T.);
#2905=EDGE_CURVE('',#2288,#2289,#1931,.T.);
#2906=EDGE_CURVE('',#2289,#2221,#1230,.T.);
#2907=EDGE_CURVE('',#2224,#2290,#1231,.T.);
#2908=EDGE_CURVE('',#2290,#2284,#1932,.T.);
#2909=EDGE_CURVE('',#2291,#2285,#1933,.T.);
#2910=EDGE_CURVE('',#2290,#2291,#1934,.T.);
#2911=EDGE_CURVE('',#2292,#2286,#1935,.T.);
#2912=EDGE_CURVE('',#2291,#2292,#1232,.T.);
#2913=EDGE_CURVE('',#2293,#2287,#1936,.T.);
#2914=EDGE_CURVE('',#2292,#2293,#1937,.T.);
#2915=EDGE_CURVE('',#2293,#2228,#1233,.T.);
#2916=EDGE_CURVE('',#2293,#2294,#1234,.T.);
#2917=EDGE_CURVE('',#2230,#2294,#1235,.T.);
#2918=EDGE_CURVE('',#2292,#2295,#1236,.T.);
#2919=EDGE_CURVE('',#2294,#2295,#1938,.T.);
#2920=EDGE_CURVE('',#2291,#2296,#1237,.T.);
#2921=EDGE_CURVE('',#2295,#2296,#1238,.T.);
#2922=EDGE_CURVE('',#2290,#2297,#1239,.T.);
#2923=EDGE_CURVE('',#2296,#2297,#1939,.T.);
#2924=EDGE_CURVE('',#2297,#2233,#1240,.T.);
#2925=EDGE_CURVE('',#2298,#2297,#1940,.T.);
#2926=EDGE_CURVE('',#2235,#2298,#1241,.T.);
#2927=EDGE_CURVE('',#2299,#2296,#1941,.T.);
#2928=EDGE_CURVE('',#2298,#2299,#1942,.T.);
#2929=EDGE_CURVE('',#2300,#2295,#1943,.T.);
#2930=EDGE_CURVE('',#2299,#2300,#1242,.T.);
#2931=EDGE_CURVE('',#2301,#2294,#1944,.T.);
#2932=EDGE_CURVE('',#2300,#2301,#1945,.T.);
#2933=EDGE_CURVE('',#2301,#2237,#1243,.T.);
#2934=EDGE_CURVE('',#2302,#2239,#1244,.T.);
#2935=EDGE_CURVE('',#2302,#2277,#1245,.T.);
#2936=EDGE_CURVE('',#2303,#2302,#1946,.T.);
#2937=EDGE_CURVE('',#2303,#2241,#1246,.T.);
#2938=EDGE_CURVE('',#2304,#2303,#1247,.T.);
#2939=EDGE_CURVE('',#2304,#2243,#1248,.T.);
#2940=EDGE_CURVE('',#2305,#2304,#1249,.T.);
#2941=EDGE_CURVE('',#2306,#2243,#1250,.T.);
#2942=EDGE_CURVE('',#2305,#2306,#1251,.T.);
#2943=EDGE_CURVE('',#2307,#2302,#1947,.T.);
#2944=EDGE_CURVE('',#2307,#2275,#1252,.T.);
#2945=EDGE_CURVE('',#2308,#2307,#1948,.T.);
#2946=EDGE_CURVE('',#2308,#2303,#1949,.T.);
#2947=EDGE_CURVE('',#2309,#2308,#1253,.T.);
#2948=EDGE_CURVE('',#2309,#2304,#1950,.T.);
#2949=EDGE_CURVE('',#2310,#2307,#1254,.T.);
#2950=EDGE_CURVE('',#2310,#2273,#1255,.T.);
#2951=EDGE_CURVE('',#2311,#2310,#1951,.T.);
#2952=EDGE_CURVE('',#2311,#2308,#1256,.T.);
#2953=EDGE_CURVE('',#2312,#2311,#1257,.T.);
#2954=EDGE_CURVE('',#2312,#2309,#1258,.T.);
#2955=EDGE_CURVE('',#2313,#2312,#1259,.T.);
#2956=EDGE_CURVE('',#2314,#2309,#1260,.T.);
#2957=EDGE_CURVE('',#2313,#2314,#1261,.T.);
#2958=EDGE_CURVE('',#2315,#2310,#1952,.T.);
#2959=EDGE_CURVE('',#2315,#2271,#1262,.T.);
#2960=EDGE_CURVE('',#2316,#2315,#1953,.T.);
#2961=EDGE_CURVE('',#2316,#2311,#1954,.T.);
#2962=EDGE_CURVE('',#2317,#2316,#1263,.T.);
#2963=EDGE_CURVE('',#2317,#2312,#1955,.T.);
#2964=EDGE_CURVE('',#2318,#2317,#1264,.T.);
#2965=EDGE_CURVE('',#2319,#2251,#1265,.T.);
#2966=EDGE_CURVE('',#2319,#2318,#1266,.T.);
#2967=EDGE_CURVE('',#2249,#2315,#1267,.T.);
#2968=EDGE_CURVE('',#2250,#2316,#1268,.T.);
#2969=EDGE_CURVE('',#2251,#2317,#1269,.T.);
#2970=EDGE_CURVE('',#2320,#2321,#55,.F.);
#2971=EDGE_CURVE('',#2322,#2320,#56,.F.);
#2972=EDGE_CURVE('',#2323,#2322,#1956,.T.);
#2973=EDGE_CURVE('',#2324,#2323,#57,.T.);
#2974=EDGE_CURVE('',#2321,#2324,#1957,.T.);
#2975=EDGE_CURVE('',#2325,#2322,#58,.T.);
#2976=EDGE_CURVE('',#2326,#2325,#1958,.T.);
#2977=EDGE_CURVE('',#2326,#2323,#1270,.T.);
#2978=EDGE_CURVE('',#2327,#2328,#59,.T.);
#2979=EDGE_CURVE('',#2329,#2327,#60,.T.);
#2980=EDGE_CURVE('',#2330,#2329,#1271,.T.);
#2981=EDGE_CURVE('',#2331,#2330,#1959,.T.);
#2982=EDGE_CURVE('',#2328,#2331,#1272,.T.);
#2983=EDGE_CURVE('',#2332,#2333,#1960,.T.);
#2984=EDGE_CURVE('',#2331,#2332,#1961,.T.);
#2985=EDGE_CURVE('',#2333,#2330,#1962,.T.);
#2986=EDGE_CURVE('',#2334,#2335,#1963,.T.);
#2987=EDGE_CURVE('',#2336,#2334,#1964,.T.);
#2988=EDGE_CURVE('',#2336,#2337,#1965,.T.);
#2989=EDGE_CURVE('',#2335,#2337,#1966,.T.);
#2990=EDGE_CURVE('',#2334,#2320,#1273,.T.);
#2991=EDGE_CURVE('',#2325,#2335,#1274,.T.);
#2992=EDGE_CURVE('',#2338,#2329,#1967,.T.);
#2993=EDGE_CURVE('',#2339,#2338,#1275,.T.);
#2994=EDGE_CURVE('',#2340,#2339,#1968,.T.);
#2995=EDGE_CURVE('',#2340,#2341,#1276,.T.);
#2996=EDGE_CURVE('',#2341,#2326,#1277,.T.);
#2997=EDGE_CURVE('',#2330,#2335,#1278,.T.);
#2998=EDGE_CURVE('',#2342,#2343,#1969,.T.);
#2999=EDGE_CURVE('',#2344,#2343,#1279,.T.);
#3000=EDGE_CURVE('',#2342,#2344,#1280,.T.);
#3001=EDGE_CURVE('',#2345,#2346,#1970,.T.);
#3002=EDGE_CURVE('',#2347,#2346,#1281,.T.);
#3003=EDGE_CURVE('',#2347,#2345,#1282,.T.);
#3004=EDGE_CURVE('',#2348,#2328,#61,.T.);
#3005=EDGE_CURVE('',#2348,#2349,#62,.T.);
#3006=EDGE_CURVE('',#2349,#2350,#63,.T.);
#3007=EDGE_CURVE('',#2350,#2351,#64,.T.);
#3008=EDGE_CURVE('',#2327,#2351,#65,.T.);
#3009=EDGE_CURVE('',#2352,#2353,#1283,.T.);
#3010=EDGE_CURVE('',#2354,#2352,#119,.T.);
#3011=EDGE_CURVE('',#2355,#2354,#1284,.T.);
#3012=EDGE_CURVE('',#2353,#2355,#1971,.T.);
#3013=EDGE_CURVE('',#2354,#2356,#1285,.T.);
#3014=EDGE_CURVE('',#2357,#2352,#1286,.T.);
#3015=EDGE_CURVE('',#2356,#2357,#1972,.T.);
#3016=EDGE_CURVE('',#2358,#2359,#1973,.T.);
#3017=EDGE_CURVE('',#2356,#2358,#1974,.T.);
#3018=EDGE_CURVE('',#2359,#2357,#1975,.T.);
#3019=EDGE_CURVE('',#2360,#2361,#1976,.T.);
#3020=EDGE_CURVE('',#2353,#2360,#1977,.T.);
#3021=EDGE_CURVE('',#2361,#2355,#1978,.T.);
#3022=EDGE_CURVE('',#2362,#2361,#1287,.T.);
#3023=EDGE_CURVE('',#2363,#2362,#1979,.T.);
#3024=EDGE_CURVE('',#2360,#2363,#1288,.T.);
#3025=EDGE_CURVE('',#2364,#2365,#1980,.T.);
#3026=EDGE_CURVE('',#2363,#2364,#1981,.T.);
#3027=EDGE_CURVE('',#2365,#2362,#1982,.T.);
#3028=EDGE_CURVE('',#2366,#2360,#1289,.T.);
#3029=EDGE_CURVE('',#2367,#2366,#1983,.F.);
#3030=EDGE_CURVE('',#2353,#2367,#1290,.T.);
#3031=EDGE_CURVE('',#2368,#2367,#1291,.F.);
#3032=EDGE_CURVE('',#2352,#2368,#1292,.T.);
#3033=EDGE_CURVE('',#2369,#2340,#1293,.T.);
#3034=EDGE_CURVE('',#2370,#2369,#1294,.T.);
#3035=EDGE_CURVE('',#2341,#2370,#1295,.T.);
#3036=EDGE_CURVE('',#2370,#2371,#1296,.T.);
#3037=EDGE_CURVE('',#2372,#2369,#120,.T.);
#3038=EDGE_CURVE('',#2373,#2372,#1297,.T.);
#3039=EDGE_CURVE('',#2350,#2373,#121,.T.);
#3040=EDGE_CURVE('',#2371,#2349,#66,.T.);
#3041=EDGE_CURVE('',#2371,#2348,#67,.T.);
#3042=EDGE_CURVE('',#2339,#2374,#1298,.T.);
#3043=EDGE_CURVE('',#2374,#2372,#1984,.T.);
#3044=EDGE_CURVE('',#2375,#2374,#1299,.T.);
#3045=EDGE_CURVE('',#2375,#2373,#1985,.F.);
#3046=EDGE_CURVE('',#2375,#2338,#1300,.T.);
#3047=EDGE_CURVE('',#2333,#2337,#1301,.T.);
#3048=EDGE_CURVE('',#2356,#2362,#1302,.T.);
#3049=EDGE_CURVE('',#2358,#2365,#1303,.T.);
#3050=EDGE_CURVE('',#2346,#2376,#68,.T.);
#3051=EDGE_CURVE('',#2377,#2345,#69,.T.);
#3052=EDGE_CURVE('',#2376,#2377,#1986,.T.);
#3053=EDGE_CURVE('',#2377,#2378,#1304,.T.);
#3054=EDGE_CURVE('',#2379,#2378,#1987,.T.);
#3055=EDGE_CURVE('',#2376,#2379,#1305,.T.);
#3056=EDGE_CURVE('',#2343,#2380,#70,.T.);
#3057=EDGE_CURVE('',#2381,#2342,#71,.T.);
#3058=EDGE_CURVE('',#2380,#2381,#1988,.T.);
#3059=EDGE_CURVE('',#2381,#2382,#1306,.T.);
#3060=EDGE_CURVE('',#2383,#2382,#1989,.T.);
#3061=EDGE_CURVE('',#2380,#2383,#1307,.T.);
#3062=EDGE_CURVE('',#2368,#2324,#1308,.T.);
#3063=EDGE_CURVE('',#2321,#2366,#1309,.T.);
#3064=EDGE_CURVE('',#2384,#2385,#15,.T.);
#3065=EDGE_CURVE('',#2386,#2384,#1990,.T.);
#3066=EDGE_CURVE('',#2387,#2386,#16,.T.);
#3067=EDGE_CURVE('',#2385,#2387,#1991,.T.);
#3068=EDGE_CURVE('',#2388,#2384,#1310,.T.);
#3069=EDGE_CURVE('',#2388,#2386,#1311,.T.);
#3070=EDGE_CURVE('',#2347,#2388,#1312,.T.);
#3071=EDGE_CURVE('',#2379,#2389,#1313,.T.);
#3072=EDGE_CURVE('',#2389,#2390,#17,.T.);
#3073=EDGE_CURVE('',#2387,#2390,#1314,.T.);
#3074=EDGE_CURVE('',#2391,#2392,#18,.T.);
#3075=EDGE_CURVE('',#2390,#2391,#1992,.T.);
#3076=EDGE_CURVE('',#2392,#2389,#1993,.T.);
#3077=EDGE_CURVE('',#2392,#2378,#1315,.T.);
#3078=EDGE_CURVE('',#2385,#2391,#1316,.T.);
#3079=EDGE_CURVE('',#2393,#2394,#19,.T.);
#3080=EDGE_CURVE('',#2395,#2393,#1994,.T.);
#3081=EDGE_CURVE('',#2396,#2395,#20,.T.);
#3082=EDGE_CURVE('',#2394,#2396,#1995,.T.);
#3083=EDGE_CURVE('',#2397,#2393,#1317,.T.);
#3084=EDGE_CURVE('',#2397,#2398,#1996,.T.);
#3085=EDGE_CURVE('',#2398,#2395,#1318,.T.);
#3086=EDGE_CURVE('',#2398,#2399,#21,.T.);
#3087=EDGE_CURVE('',#2400,#2399,#1319,.T.);
#3088=EDGE_CURVE('',#2344,#2400,#1320,.T.);
#3089=EDGE_CURVE('',#2383,#2396,#1321,.T.);
#3090=EDGE_CURVE('',#2401,#2397,#22,.T.);
#3091=EDGE_CURVE('',#2399,#2401,#1997,.T.);
#3092=EDGE_CURVE('',#2394,#2382,#1322,.T.);
#3093=EDGE_CURVE('',#2400,#2401,#1323,.T.);
#3094=EDGE_CURVE('',#2402,#2403,#72,.F.);
#3095=EDGE_CURVE('',#2403,#2404,#1998,.T.);
#3096=EDGE_CURVE('',#2404,#2405,#73,.T.);
#3097=EDGE_CURVE('',#2405,#2406,#1999,.T.);
#3098=EDGE_CURVE('',#2406,#2402,#74,.F.);
#3099=EDGE_CURVE('',#2407,#2405,#1324,.T.);
#3100=EDGE_CURVE('',#2407,#2408,#2000,.T.);
#3101=EDGE_CURVE('',#2408,#2406,#75,.T.);
#3102=EDGE_CURVE('',#2409,#2404,#1325,.T.);
#3103=EDGE_CURVE('',#2410,#2409,#1326,.T.);
#3104=EDGE_CURVE('',#2411,#2410,#1327,.T.);
#3105=EDGE_CURVE('',#2412,#2411,#2001,.T.);
#3106=EDGE_CURVE('',#2359,#2412,#1328,.T.);
#3107=EDGE_CURVE('',#2413,#2332,#1329,.T.);
#3108=EDGE_CURVE('',#2414,#2413,#2002,.T.);
#3109=EDGE_CURVE('',#2415,#2414,#1330,.T.);
#3110=EDGE_CURVE('',#2416,#2415,#76,.T.);
#3111=EDGE_CURVE('',#2417,#2416,#77,.T.);
#3112=EDGE_CURVE('',#2418,#2417,#1331,.T.);
#3113=EDGE_CURVE('',#2419,#2418,#1332,.T.);
#3114=EDGE_CURVE('',#2419,#2407,#1333,.T.);
#3115=EDGE_CURVE('',#2420,#2415,#78,.T.);
#3116=EDGE_CURVE('',#2414,#2421,#2003,.T.);
#3117=EDGE_CURVE('',#2421,#2422,#1334,.T.);
#3118=EDGE_CURVE('',#2422,#2420,#79,.T.);
#3119=EDGE_CURVE('',#2413,#2423,#2004,.T.);
#3120=EDGE_CURVE('',#2423,#2421,#2005,.T.);
#3121=EDGE_CURVE('',#2423,#2333,#1335,.T.);
#3122=EDGE_CURVE('',#2337,#2424,#1336,.T.);
#3123=EDGE_CURVE('',#2423,#2424,#1337,.T.);
#3124=EDGE_CURVE('',#2425,#2336,#1338,.T.);
#3125=EDGE_CURVE('',#2425,#2424,#2006,.T.);
#3126=EDGE_CURVE('',#2426,#2427,#2007,.T.);
#3127=EDGE_CURVE('',#2427,#2424,#2008,.T.);
#3128=EDGE_CURVE('',#2425,#2426,#2009,.T.);
#3129=EDGE_CURVE('',#2408,#2427,#1339,.T.);
#3130=EDGE_CURVE('',#2426,#2402,#1340,.T.);
#3131=EDGE_CURVE('',#2421,#2427,#1341,.T.);
#3132=EDGE_CURVE('',#2428,#2419,#1342,.T.);
#3133=EDGE_CURVE('',#2428,#2429,#2010,.T.);
#3134=EDGE_CURVE('',#2429,#2430,#1343,.T.);
#3135=EDGE_CURVE('',#2430,#2422,#2011,.T.);
#3136=EDGE_CURVE('',#2431,#2432,#2012,.T.);
#3137=EDGE_CURVE('',#2431,#2433,#1344,.T.);
#3138=EDGE_CURVE('',#2433,#2432,#1345,.T.);
#3139=EDGE_CURVE('',#2434,#2435,#2013,.T.);
#3140=EDGE_CURVE('',#2436,#2434,#1346,.T.);
#3141=EDGE_CURVE('',#2436,#2435,#1347,.T.);
#3142=EDGE_CURVE('',#2364,#2437,#1348,.T.);
#3143=EDGE_CURVE('',#2438,#2437,#2014,.T.);
#3144=EDGE_CURVE('',#2439,#2438,#1349,.T.);
#3145=EDGE_CURVE('',#2440,#2439,#1350,.T.);
#3146=EDGE_CURVE('',#2403,#2440,#1351,.T.);
#3147=EDGE_CURVE('',#2420,#2441,#80,.T.);
#3148=EDGE_CURVE('',#2442,#2441,#81,.T.);
#3149=EDGE_CURVE('',#2443,#2442,#82,.T.);
#3150=EDGE_CURVE('',#2416,#2443,#83,.T.);
#3151=EDGE_CURVE('',#2410,#2444,#1352,.T.);
#3152=EDGE_CURVE('',#2444,#2445,#2015,.T.);
#3153=EDGE_CURVE('',#2445,#2446,#1353,.T.);
#3154=EDGE_CURVE('',#2446,#2410,#122,.T.);
#3155=EDGE_CURVE('',#2446,#2447,#1354,.T.);
#3156=EDGE_CURVE('',#2447,#2411,#2016,.T.);
#3157=EDGE_CURVE('',#2448,#2412,#2017,.T.);
#3158=EDGE_CURVE('',#2447,#2448,#2018,.T.);
#3159=EDGE_CURVE('',#2439,#2449,#2019,.T.);
#3160=EDGE_CURVE('',#2449,#2445,#2020,.T.);
#3161=EDGE_CURVE('',#2444,#2439,#2021,.T.);
#3162=EDGE_CURVE('',#2448,#2358,#1355,.T.);
#3163=EDGE_CURVE('',#2438,#2450,#2022,.T.);
#3164=EDGE_CURVE('',#2450,#2449,#1356,.T.);
#3165=EDGE_CURVE('',#2437,#2451,#2023,.T.);
#3166=EDGE_CURVE('',#2451,#2450,#2024,.T.);
#3167=EDGE_CURVE('',#2365,#2451,#1357,.T.);
#3168=EDGE_CURVE('',#2444,#2452,#1358,.T.);
#3169=EDGE_CURVE('',#2452,#2440,#2025,.F.);
#3170=EDGE_CURVE('',#2409,#2452,#1359,.F.);
#3171=EDGE_CURVE('',#2453,#2428,#1360,.T.);
#3172=EDGE_CURVE('',#2418,#2453,#1361,.T.);
#3173=EDGE_CURVE('',#2417,#2443,#84,.T.);
#3174=EDGE_CURVE('',#2442,#2454,#123,.T.);
#3175=EDGE_CURVE('',#2454,#2455,#1362,.T.);
#3176=EDGE_CURVE('',#2455,#2453,#124,.T.);
#3177=EDGE_CURVE('',#2456,#2455,#2026,.T.);
#3178=EDGE_CURVE('',#2429,#2456,#1363,.T.);
#3179=EDGE_CURVE('',#2457,#2454,#2027,.F.);
#3180=EDGE_CURVE('',#2457,#2456,#1364,.T.);
#3181=EDGE_CURVE('',#2457,#2430,#1365,.T.);
#3182=EDGE_CURVE('',#2447,#2450,#1366,.T.);
#3183=EDGE_CURVE('',#2448,#2451,#1367,.T.);
#3184=EDGE_CURVE('',#2435,#2458,#85,.T.);
#3185=EDGE_CURVE('',#2458,#2459,#2028,.T.);
#3186=EDGE_CURVE('',#2459,#2434,#86,.T.);
#3187=EDGE_CURVE('',#2458,#2460,#1368,.T.);
#3188=EDGE_CURVE('',#2460,#2461,#2029,.T.);
#3189=EDGE_CURVE('',#2459,#2461,#1369,.T.);
#3190=EDGE_CURVE('',#2432,#2462,#87,.T.);
#3191=EDGE_CURVE('',#2462,#2463,#2030,.T.);
#3192=EDGE_CURVE('',#2463,#2431,#88,.T.);
#3193=EDGE_CURVE('',#2462,#2464,#1370,.T.);
#3194=EDGE_CURVE('',#2464,#2465,#2031,.T.);
#3195=EDGE_CURVE('',#2463,#2465,#1371,.T.);
#3196=EDGE_CURVE('',#2466,#2467,#23,.T.);
#3197=EDGE_CURVE('',#2467,#2468,#2032,.T.);
#3198=EDGE_CURVE('',#2468,#2469,#24,.T.);
#3199=EDGE_CURVE('',#2469,#2466,#2033,.T.);
#3200=EDGE_CURVE('',#2470,#2469,#1372,.T.);
#3201=EDGE_CURVE('',#2470,#2466,#1373,.T.);
#3202=EDGE_CURVE('',#2468,#2471,#1374,.T.);
#3203=EDGE_CURVE('',#2472,#2471,#25,.T.);
#3204=EDGE_CURVE('',#2460,#2472,#1375,.T.);
#3205=EDGE_CURVE('',#2436,#2470,#1376,.T.);
#3206=EDGE_CURVE('',#2473,#2474,#26,.T.);
#3207=EDGE_CURVE('',#2474,#2472,#2034,.T.);
#3208=EDGE_CURVE('',#2471,#2473,#2035,.T.);
#3209=EDGE_CURVE('',#2474,#2461,#1377,.T.);
#3210=EDGE_CURVE('',#2467,#2473,#1378,.T.);
#3211=EDGE_CURVE('',#2475,#2476,#27,.T.);
#3212=EDGE_CURVE('',#2476,#2477,#2036,.T.);
#3213=EDGE_CURVE('',#2477,#2478,#28,.T.);
#3214=EDGE_CURVE('',#2478,#2475,#2037,.T.);
#3215=EDGE_CURVE('',#2479,#2478,#1379,.T.);
#3216=EDGE_CURVE('',#2480,#2479,#2038,.T.);
#3217=EDGE_CURVE('',#2480,#2475,#1380,.T.);
#3218=EDGE_CURVE('',#2464,#2477,#1381,.T.);
#3219=EDGE_CURVE('',#2433,#2481,#1382,.T.);
#3220=EDGE_CURVE('',#2481,#2482,#1383,.T.);
#3221=EDGE_CURVE('',#2479,#2482,#29,.T.);
#3222=EDGE_CURVE('',#2483,#2480,#30,.T.);
#3223=EDGE_CURVE('',#2482,#2483,#2039,.T.);
#3224=EDGE_CURVE('',#2476,#2465,#1384,.T.);
#3225=EDGE_CURVE('',#2481,#2483,#1385,.T.);
#3226=ORIENTED_EDGE('',*,*,#2484,.F.);
#3227=ORIENTED_EDGE('',*,*,#2485,.T.);
#3228=ORIENTED_EDGE('',*,*,#2486,.T.);
#3229=ORIENTED_EDGE('',*,*,#2485,.F.);
#3230=ORIENTED_EDGE('',*,*,#2487,.T.);
#3231=ORIENTED_EDGE('',*,*,#2488,.T.);
#3232=ORIENTED_EDGE('',*,*,#2484,.T.);
#3233=ORIENTED_EDGE('',*,*,#2488,.F.);
#3234=ORIENTED_EDGE('',*,*,#2487,.F.);
#3235=ORIENTED_EDGE('',*,*,#2489,.T.);
#3236=ORIENTED_EDGE('',*,*,#2490,.F.);
#3237=ORIENTED_EDGE('',*,*,#2489,.F.);
#3238=ORIENTED_EDGE('',*,*,#2490,.T.);
#3239=ORIENTED_EDGE('',*,*,#2491,.F.);
#3240=ORIENTED_EDGE('',*,*,#2492,.T.);
#3241=ORIENTED_EDGE('',*,*,#2493,.F.);
#3242=ORIENTED_EDGE('',*,*,#2492,.F.);
#3243=ORIENTED_EDGE('',*,*,#2493,.T.);
#3244=ORIENTED_EDGE('',*,*,#2494,.T.);
#3245=ORIENTED_EDGE('',*,*,#2486,.F.);
#3246=ORIENTED_EDGE('',*,*,#2494,.F.);
#3247=ORIENTED_EDGE('',*,*,#2495,.T.);
#3248=ORIENTED_EDGE('',*,*,#2496,.T.);
#3249=ORIENTED_EDGE('',*,*,#2497,.F.);
#3250=ORIENTED_EDGE('',*,*,#2498,.F.);
#3251=ORIENTED_EDGE('',*,*,#2491,.T.);
#3252=ORIENTED_EDGE('',*,*,#2499,.F.);
#3253=ORIENTED_EDGE('',*,*,#2500,.F.);
#3254=ORIENTED_EDGE('',*,*,#2501,.T.);
#3255=ORIENTED_EDGE('',*,*,#2502,.F.);
#3256=ORIENTED_EDGE('',*,*,#2503,.F.);
#3257=ORIENTED_EDGE('',*,*,#2504,.F.);
#3258=ORIENTED_EDGE('',*,*,#2505,.F.);
#3259=ORIENTED_EDGE('',*,*,#2499,.T.);
#3260=ORIENTED_EDGE('',*,*,#2506,.F.);
#3261=ORIENTED_EDGE('',*,*,#2507,.F.);
#3262=ORIENTED_EDGE('',*,*,#2508,.T.);
#3263=ORIENTED_EDGE('',*,*,#2509,.F.);
#3264=ORIENTED_EDGE('',*,*,#2510,.F.);
#3265=ORIENTED_EDGE('',*,*,#2495,.F.);
#3266=ORIENTED_EDGE('',*,*,#2506,.T.);
#3267=ORIENTED_EDGE('',*,*,#2511,.F.);
#3268=ORIENTED_EDGE('',*,*,#2512,.F.);
#3269=ORIENTED_EDGE('',*,*,#2513,.F.);
#3270=ORIENTED_EDGE('',*,*,#2510,.T.);
#3271=ORIENTED_EDGE('',*,*,#2514,.F.);
#3272=ORIENTED_EDGE('',*,*,#2515,.F.);
#3273=ORIENTED_EDGE('',*,*,#2504,.T.);
#3274=ORIENTED_EDGE('',*,*,#2516,.F.);
#3275=ORIENTED_EDGE('',*,*,#2512,.T.);
#3276=ORIENTED_EDGE('',*,*,#2513,.T.);
#3277=ORIENTED_EDGE('',*,*,#2517,.T.);
#3278=ORIENTED_EDGE('',*,*,#2518,.F.);
#3279=ORIENTED_EDGE('',*,*,#2496,.F.);
#3280=ORIENTED_EDGE('',*,*,#2507,.T.);
#3281=ORIENTED_EDGE('',*,*,#2498,.T.);
#3282=ORIENTED_EDGE('',*,*,#2519,.F.);
#3283=ORIENTED_EDGE('',*,*,#2520,.F.);
#3284=ORIENTED_EDGE('',*,*,#2521,.F.);
#3285=ORIENTED_EDGE('',*,*,#2522,.F.);
#3286=ORIENTED_EDGE('',*,*,#2523,.T.);
#3287=ORIENTED_EDGE('',*,*,#2524,.F.);
#3288=ORIENTED_EDGE('',*,*,#2525,.F.);
#3289=ORIENTED_EDGE('',*,*,#2526,.F.);
#3290=ORIENTED_EDGE('',*,*,#2521,.T.);
#3291=ORIENTED_EDGE('',*,*,#2527,.F.);
#3292=ORIENTED_EDGE('',*,*,#2528,.F.);
#3293=ORIENTED_EDGE('',*,*,#2529,.F.);
#3294=ORIENTED_EDGE('',*,*,#2525,.T.);
#3295=ORIENTED_EDGE('',*,*,#2530,.F.);
#3296=ORIENTED_EDGE('',*,*,#2531,.F.);
#3297=ORIENTED_EDGE('',*,*,#2532,.F.);
#3298=ORIENTED_EDGE('',*,*,#2533,.T.);
#3299=ORIENTED_EDGE('',*,*,#2534,.F.);
#3300=ORIENTED_EDGE('',*,*,#2535,.F.);
#3301=ORIENTED_EDGE('',*,*,#2536,.F.);
#3302=ORIENTED_EDGE('',*,*,#2531,.T.);
#3303=ORIENTED_EDGE('',*,*,#2537,.F.);
#3304=ORIENTED_EDGE('',*,*,#2538,.F.);
#3305=ORIENTED_EDGE('',*,*,#2539,.F.);
#3306=ORIENTED_EDGE('',*,*,#2540,.T.);
#3307=ORIENTED_EDGE('',*,*,#2541,.F.);
#3308=ORIENTED_EDGE('',*,*,#2542,.F.);
#3309=ORIENTED_EDGE('',*,*,#2543,.F.);
#3310=ORIENTED_EDGE('',*,*,#2538,.T.);
#3311=ORIENTED_EDGE('',*,*,#2544,.F.);
#3312=ORIENTED_EDGE('',*,*,#2545,.F.);
#3313=ORIENTED_EDGE('',*,*,#2546,.F.);
#3314=ORIENTED_EDGE('',*,*,#2542,.T.);
#3315=ORIENTED_EDGE('',*,*,#2547,.F.);
#3316=ORIENTED_EDGE('',*,*,#2548,.F.);
#3317=ORIENTED_EDGE('',*,*,#2549,.F.);
#3318=ORIENTED_EDGE('',*,*,#2550,.T.);
#3319=ORIENTED_EDGE('',*,*,#2551,.F.);
#3320=ORIENTED_EDGE('',*,*,#2552,.F.);
#3321=ORIENTED_EDGE('',*,*,#2553,.F.);
#3322=ORIENTED_EDGE('',*,*,#2548,.T.);
#3323=ORIENTED_EDGE('',*,*,#2554,.F.);
#3324=ORIENTED_EDGE('',*,*,#2555,.F.);
#3325=ORIENTED_EDGE('',*,*,#2556,.F.);
#3326=ORIENTED_EDGE('',*,*,#2552,.T.);
#3327=ORIENTED_EDGE('',*,*,#2557,.F.);
#3328=ORIENTED_EDGE('',*,*,#2500,.T.);
#3329=ORIENTED_EDGE('',*,*,#2558,.F.);
#3330=ORIENTED_EDGE('',*,*,#2534,.T.);
#3331=ORIENTED_EDGE('',*,*,#2559,.F.);
#3332=ORIENTED_EDGE('',*,*,#2505,.T.);
#3333=ORIENTED_EDGE('',*,*,#2560,.T.);
#3334=ORIENTED_EDGE('',*,*,#2537,.T.);
#3335=ORIENTED_EDGE('',*,*,#2558,.T.);
#3336=ORIENTED_EDGE('',*,*,#2561,.F.);
#3337=ORIENTED_EDGE('',*,*,#2562,.T.);
#3338=ORIENTED_EDGE('',*,*,#2563,.T.);
#3339=ORIENTED_EDGE('',*,*,#2564,.F.);
#3340=ORIENTED_EDGE('',*,*,#2565,.F.);
#3341=ORIENTED_EDGE('',*,*,#2518,.T.);
#3342=ORIENTED_EDGE('',*,*,#2566,.T.);
#3343=ORIENTED_EDGE('',*,*,#2562,.F.);
#3344=ORIENTED_EDGE('',*,*,#2547,.T.);
#3345=ORIENTED_EDGE('',*,*,#2567,.F.);
#3346=ORIENTED_EDGE('',*,*,#2556,.T.);
#3347=ORIENTED_EDGE('',*,*,#2568,.T.);
#3348=ORIENTED_EDGE('',*,*,#2530,.T.);
#3349=ORIENTED_EDGE('',*,*,#2569,.F.);
#3350=ORIENTED_EDGE('',*,*,#2570,.T.);
#3351=ORIENTED_EDGE('',*,*,#2571,.T.);
#3352=ORIENTED_EDGE('',*,*,#2572,.F.);
#3353=ORIENTED_EDGE('',*,*,#2573,.T.);
#3354=ORIENTED_EDGE('',*,*,#2574,.T.);
#3355=ORIENTED_EDGE('',*,*,#2570,.F.);
#3356=ORIENTED_EDGE('',*,*,#2575,.F.);
#3357=ORIENTED_EDGE('',*,*,#2576,.T.);
#3358=ORIENTED_EDGE('',*,*,#2577,.T.);
#3359=ORIENTED_EDGE('',*,*,#2573,.F.);
#3360=ORIENTED_EDGE('',*,*,#2578,.F.);
#3361=ORIENTED_EDGE('',*,*,#2579,.T.);
#3362=ORIENTED_EDGE('',*,*,#2561,.T.);
#3363=ORIENTED_EDGE('',*,*,#2580,.F.);
#3364=ORIENTED_EDGE('',*,*,#2581,.F.);
#3365=ORIENTED_EDGE('',*,*,#2497,.T.);
#3366=ORIENTED_EDGE('',*,*,#2565,.T.);
#3367=ORIENTED_EDGE('',*,*,#2579,.F.);
#3368=ORIENTED_EDGE('',*,*,#2544,.T.);
#3369=ORIENTED_EDGE('',*,*,#2582,.F.);
#3370=ORIENTED_EDGE('',*,*,#2553,.T.);
#3371=ORIENTED_EDGE('',*,*,#2567,.T.);
#3372=ORIENTED_EDGE('',*,*,#2527,.T.);
#3373=ORIENTED_EDGE('',*,*,#2583,.F.);
#3374=ORIENTED_EDGE('',*,*,#2584,.T.);
#3375=ORIENTED_EDGE('',*,*,#2569,.T.);
#3376=ORIENTED_EDGE('',*,*,#2585,.F.);
#3377=ORIENTED_EDGE('',*,*,#2586,.T.);
#3378=ORIENTED_EDGE('',*,*,#2572,.T.);
#3379=ORIENTED_EDGE('',*,*,#2584,.F.);
#3380=ORIENTED_EDGE('',*,*,#2587,.F.);
#3381=ORIENTED_EDGE('',*,*,#2588,.T.);
#3382=ORIENTED_EDGE('',*,*,#2575,.T.);
#3383=ORIENTED_EDGE('',*,*,#2586,.F.);
#3384=ORIENTED_EDGE('',*,*,#2589,.F.);
#3385=ORIENTED_EDGE('',*,*,#2590,.T.);
#3386=ORIENTED_EDGE('',*,*,#2578,.T.);
#3387=ORIENTED_EDGE('',*,*,#2591,.F.);
#3388=ORIENTED_EDGE('',*,*,#2592,.F.);
#3389=ORIENTED_EDGE('',*,*,#2519,.T.);
#3390=ORIENTED_EDGE('',*,*,#2581,.T.);
#3391=ORIENTED_EDGE('',*,*,#2590,.F.);
#3392=ORIENTED_EDGE('',*,*,#2541,.T.);
#3393=ORIENTED_EDGE('',*,*,#2593,.F.);
#3394=ORIENTED_EDGE('',*,*,#2549,.T.);
#3395=ORIENTED_EDGE('',*,*,#2582,.T.);
#3396=ORIENTED_EDGE('',*,*,#2524,.T.);
#3397=ORIENTED_EDGE('',*,*,#2594,.F.);
#3398=ORIENTED_EDGE('',*,*,#2595,.T.);
#3399=ORIENTED_EDGE('',*,*,#2583,.T.);
#3400=ORIENTED_EDGE('',*,*,#2596,.F.);
#3401=ORIENTED_EDGE('',*,*,#2597,.T.);
#3402=ORIENTED_EDGE('',*,*,#2585,.T.);
#3403=ORIENTED_EDGE('',*,*,#2595,.F.);
#3404=ORIENTED_EDGE('',*,*,#2598,.F.);
#3405=ORIENTED_EDGE('',*,*,#2599,.T.);
#3406=ORIENTED_EDGE('',*,*,#2587,.T.);
#3407=ORIENTED_EDGE('',*,*,#2597,.F.);
#3408=ORIENTED_EDGE('',*,*,#2600,.T.);
#3409=ORIENTED_EDGE('',*,*,#2601,.T.);
#3410=ORIENTED_EDGE('',*,*,#2602,.F.);
#3411=ORIENTED_EDGE('',*,*,#2601,.F.);
#3412=ORIENTED_EDGE('',*,*,#2603,.F.);
#3413=ORIENTED_EDGE('',*,*,#2604,.T.);
#3414=ORIENTED_EDGE('',*,*,#2600,.F.);
#3415=ORIENTED_EDGE('',*,*,#2604,.F.);
#3416=ORIENTED_EDGE('',*,*,#2603,.T.);
#3417=ORIENTED_EDGE('',*,*,#2605,.T.);
#3418=ORIENTED_EDGE('',*,*,#2606,.T.);
#3419=ORIENTED_EDGE('',*,*,#2605,.F.);
#3420=ORIENTED_EDGE('',*,*,#2606,.F.);
#3421=ORIENTED_EDGE('',*,*,#2607,.T.);
#3422=ORIENTED_EDGE('',*,*,#2608,.T.);
#3423=ORIENTED_EDGE('',*,*,#2609,.T.);
#3424=ORIENTED_EDGE('',*,*,#2608,.F.);
#3425=ORIENTED_EDGE('',*,*,#2609,.F.);
#3426=ORIENTED_EDGE('',*,*,#2610,.T.);
#3427=ORIENTED_EDGE('',*,*,#2602,.T.);
#3428=ORIENTED_EDGE('',*,*,#2610,.F.);
#3429=ORIENTED_EDGE('',*,*,#2611,.F.);
#3430=ORIENTED_EDGE('',*,*,#2612,.T.);
#3431=ORIENTED_EDGE('',*,*,#2613,.T.);
#3432=ORIENTED_EDGE('',*,*,#2614,.F.);
#3433=ORIENTED_EDGE('',*,*,#2607,.F.);
#3434=ORIENTED_EDGE('',*,*,#2615,.T.);
#3435=ORIENTED_EDGE('',*,*,#2616,.T.);
#3436=ORIENTED_EDGE('',*,*,#2617,.T.);
#3437=ORIENTED_EDGE('',*,*,#2501,.F.);
#3438=ORIENTED_EDGE('',*,*,#2618,.T.);
#3439=ORIENTED_EDGE('',*,*,#2619,.T.);
#3440=ORIENTED_EDGE('',*,*,#2616,.F.);
#3441=ORIENTED_EDGE('',*,*,#2620,.T.);
#3442=ORIENTED_EDGE('',*,*,#2621,.T.);
#3443=ORIENTED_EDGE('',*,*,#2618,.F.);
#3444=ORIENTED_EDGE('',*,*,#2622,.T.);
#3445=ORIENTED_EDGE('',*,*,#2623,.T.);
#3446=ORIENTED_EDGE('',*,*,#2624,.F.);
#3447=ORIENTED_EDGE('',*,*,#2625,.T.);
#3448=ORIENTED_EDGE('',*,*,#2626,.F.);
#3449=ORIENTED_EDGE('',*,*,#2508,.F.);
#3450=ORIENTED_EDGE('',*,*,#2627,.T.);
#3451=ORIENTED_EDGE('',*,*,#2628,.T.);
#3452=ORIENTED_EDGE('',*,*,#2625,.F.);
#3453=ORIENTED_EDGE('',*,*,#2629,.T.);
#3454=ORIENTED_EDGE('',*,*,#2630,.T.);
#3455=ORIENTED_EDGE('',*,*,#2631,.T.);
#3456=ORIENTED_EDGE('',*,*,#2627,.F.);
#3457=ORIENTED_EDGE('',*,*,#2611,.T.);
#3458=ORIENTED_EDGE('',*,*,#2632,.T.);
#3459=ORIENTED_EDGE('',*,*,#2633,.T.);
#3460=ORIENTED_EDGE('',*,*,#2630,.F.);
#3461=ORIENTED_EDGE('',*,*,#2634,.T.);
#3462=ORIENTED_EDGE('',*,*,#2635,.T.);
#3463=ORIENTED_EDGE('',*,*,#2632,.F.);
#3464=ORIENTED_EDGE('',*,*,#2636,.T.);
#3465=ORIENTED_EDGE('',*,*,#2623,.F.);
#3466=ORIENTED_EDGE('',*,*,#2617,.F.);
#3467=ORIENTED_EDGE('',*,*,#2619,.F.);
#3468=ORIENTED_EDGE('',*,*,#2621,.F.);
#3469=ORIENTED_EDGE('',*,*,#2636,.F.);
#3470=ORIENTED_EDGE('',*,*,#2637,.T.);
#3471=ORIENTED_EDGE('',*,*,#2638,.T.);
#3472=ORIENTED_EDGE('',*,*,#2517,.F.);
#3473=ORIENTED_EDGE('',*,*,#2516,.T.);
#3474=ORIENTED_EDGE('',*,*,#2503,.T.);
#3475=ORIENTED_EDGE('',*,*,#2502,.T.);
#3476=ORIENTED_EDGE('',*,*,#2634,.F.);
#3477=ORIENTED_EDGE('',*,*,#2614,.T.);
#3478=ORIENTED_EDGE('',*,*,#2639,.T.);
#3479=ORIENTED_EDGE('',*,*,#2637,.F.);
#3480=ORIENTED_EDGE('',*,*,#2629,.F.);
#3481=ORIENTED_EDGE('',*,*,#2640,.T.);
#3482=ORIENTED_EDGE('',*,*,#2641,.T.);
#3483=ORIENTED_EDGE('',*,*,#2612,.F.);
#3484=ORIENTED_EDGE('',*,*,#2624,.T.);
#3485=ORIENTED_EDGE('',*,*,#2520,.T.);
#3486=ORIENTED_EDGE('',*,*,#2642,.T.);
#3487=ORIENTED_EDGE('',*,*,#2640,.F.);
#3488=ORIENTED_EDGE('',*,*,#2643,.F.);
#3489=ORIENTED_EDGE('',*,*,#2644,.T.);
#3490=ORIENTED_EDGE('',*,*,#2645,.F.);
#3491=ORIENTED_EDGE('',*,*,#2523,.F.);
#3492=ORIENTED_EDGE('',*,*,#2646,.T.);
#3493=ORIENTED_EDGE('',*,*,#2647,.T.);
#3494=ORIENTED_EDGE('',*,*,#2644,.F.);
#3495=ORIENTED_EDGE('',*,*,#2648,.T.);
#3496=ORIENTED_EDGE('',*,*,#2649,.T.);
#3497=ORIENTED_EDGE('',*,*,#2650,.T.);
#3498=ORIENTED_EDGE('',*,*,#2646,.F.);
#3499=ORIENTED_EDGE('',*,*,#2651,.T.);
#3500=ORIENTED_EDGE('',*,*,#2652,.T.);
#3501=ORIENTED_EDGE('',*,*,#2653,.T.);
#3502=ORIENTED_EDGE('',*,*,#2649,.F.);
#3503=ORIENTED_EDGE('',*,*,#2654,.T.);
#3504=ORIENTED_EDGE('',*,*,#2655,.T.);
#3505=ORIENTED_EDGE('',*,*,#2652,.F.);
#3506=ORIENTED_EDGE('',*,*,#2656,.T.);
#3507=ORIENTED_EDGE('',*,*,#2528,.T.);
#3508=ORIENTED_EDGE('',*,*,#2657,.F.);
#3509=ORIENTED_EDGE('',*,*,#2557,.T.);
#3510=ORIENTED_EDGE('',*,*,#2554,.T.);
#3511=ORIENTED_EDGE('',*,*,#2551,.T.);
#3512=ORIENTED_EDGE('',*,*,#2658,.F.);
#3513=ORIENTED_EDGE('',*,*,#2659,.F.);
#3514=ORIENTED_EDGE('',*,*,#2660,.F.);
#3515=ORIENTED_EDGE('',*,*,#2661,.F.);
#3516=ORIENTED_EDGE('',*,*,#2656,.F.);
#3517=ORIENTED_EDGE('',*,*,#2654,.F.);
#3518=ORIENTED_EDGE('',*,*,#2651,.F.);
#3519=ORIENTED_EDGE('',*,*,#2648,.F.);
#3520=ORIENTED_EDGE('',*,*,#2643,.T.);
#3521=ORIENTED_EDGE('',*,*,#2522,.T.);
#3522=ORIENTED_EDGE('',*,*,#2526,.T.);
#3523=ORIENTED_EDGE('',*,*,#2529,.T.);
#3524=ORIENTED_EDGE('',*,*,#2662,.T.);
#3525=ORIENTED_EDGE('',*,*,#2663,.T.);
#3526=ORIENTED_EDGE('',*,*,#2533,.F.);
#3527=ORIENTED_EDGE('',*,*,#2664,.T.);
#3528=ORIENTED_EDGE('',*,*,#2665,.T.);
#3529=ORIENTED_EDGE('',*,*,#2666,.T.);
#3530=ORIENTED_EDGE('',*,*,#2662,.F.);
#3531=ORIENTED_EDGE('',*,*,#2667,.T.);
#3532=ORIENTED_EDGE('',*,*,#2668,.T.);
#3533=ORIENTED_EDGE('',*,*,#2669,.T.);
#3534=ORIENTED_EDGE('',*,*,#2665,.F.);
#3535=ORIENTED_EDGE('',*,*,#2670,.T.);
#3536=ORIENTED_EDGE('',*,*,#2670,.F.);
#3537=ORIENTED_EDGE('',*,*,#2667,.F.);
#3538=ORIENTED_EDGE('',*,*,#2664,.F.);
#3539=ORIENTED_EDGE('',*,*,#2532,.T.);
#3540=ORIENTED_EDGE('',*,*,#2536,.T.);
#3541=ORIENTED_EDGE('',*,*,#2671,.F.);
#3542=ORIENTED_EDGE('',*,*,#2672,.T.);
#3543=ORIENTED_EDGE('',*,*,#2673,.T.);
#3544=ORIENTED_EDGE('',*,*,#2540,.F.);
#3545=ORIENTED_EDGE('',*,*,#2674,.F.);
#3546=ORIENTED_EDGE('',*,*,#2675,.T.);
#3547=ORIENTED_EDGE('',*,*,#2676,.T.);
#3548=ORIENTED_EDGE('',*,*,#2672,.F.);
#3549=ORIENTED_EDGE('',*,*,#2677,.T.);
#3550=ORIENTED_EDGE('',*,*,#2678,.T.);
#3551=ORIENTED_EDGE('',*,*,#2679,.T.);
#3552=ORIENTED_EDGE('',*,*,#2675,.F.);
#3553=ORIENTED_EDGE('',*,*,#2680,.T.);
#3554=ORIENTED_EDGE('',*,*,#2681,.T.);
#3555=ORIENTED_EDGE('',*,*,#2682,.T.);
#3556=ORIENTED_EDGE('',*,*,#2678,.F.);
#3557=ORIENTED_EDGE('',*,*,#2683,.T.);
#3558=ORIENTED_EDGE('',*,*,#2684,.T.);
#3559=ORIENTED_EDGE('',*,*,#2681,.F.);
#3560=ORIENTED_EDGE('',*,*,#2685,.T.);
#3561=ORIENTED_EDGE('',*,*,#2545,.T.);
#3562=ORIENTED_EDGE('',*,*,#2671,.T.);
#3563=ORIENTED_EDGE('',*,*,#2535,.T.);
#3564=ORIENTED_EDGE('',*,*,#2560,.F.);
#3565=ORIENTED_EDGE('',*,*,#2515,.T.);
#3566=ORIENTED_EDGE('',*,*,#2514,.T.);
#3567=ORIENTED_EDGE('',*,*,#2511,.T.);
#3568=ORIENTED_EDGE('',*,*,#2509,.T.);
#3569=ORIENTED_EDGE('',*,*,#2626,.T.);
#3570=ORIENTED_EDGE('',*,*,#2628,.F.);
#3571=ORIENTED_EDGE('',*,*,#2631,.F.);
#3572=ORIENTED_EDGE('',*,*,#2633,.F.);
#3573=ORIENTED_EDGE('',*,*,#2635,.F.);
#3574=ORIENTED_EDGE('',*,*,#2686,.T.);
#3575=ORIENTED_EDGE('',*,*,#2668,.F.);
#3576=ORIENTED_EDGE('',*,*,#2685,.F.);
#3577=ORIENTED_EDGE('',*,*,#2683,.F.);
#3578=ORIENTED_EDGE('',*,*,#2680,.F.);
#3579=ORIENTED_EDGE('',*,*,#2677,.F.);
#3580=ORIENTED_EDGE('',*,*,#2674,.T.);
#3581=ORIENTED_EDGE('',*,*,#2539,.T.);
#3582=ORIENTED_EDGE('',*,*,#2543,.T.);
#3583=ORIENTED_EDGE('',*,*,#2546,.T.);
#3584=ORIENTED_EDGE('',*,*,#2687,.F.);
#3585=ORIENTED_EDGE('',*,*,#2688,.T.);
#3586=ORIENTED_EDGE('',*,*,#2658,.T.);
#3587=ORIENTED_EDGE('',*,*,#2550,.F.);
#3588=ORIENTED_EDGE('',*,*,#2689,.T.);
#3589=ORIENTED_EDGE('',*,*,#2659,.T.);
#3590=ORIENTED_EDGE('',*,*,#2688,.F.);
#3591=ORIENTED_EDGE('',*,*,#2690,.T.);
#3592=ORIENTED_EDGE('',*,*,#2691,.T.);
#3593=ORIENTED_EDGE('',*,*,#2660,.T.);
#3594=ORIENTED_EDGE('',*,*,#2689,.F.);
#3595=ORIENTED_EDGE('',*,*,#2692,.T.);
#3596=ORIENTED_EDGE('',*,*,#2693,.T.);
#3597=ORIENTED_EDGE('',*,*,#2661,.T.);
#3598=ORIENTED_EDGE('',*,*,#2691,.F.);
#3599=ORIENTED_EDGE('',*,*,#2694,.T.);
#3600=ORIENTED_EDGE('',*,*,#2657,.T.);
#3601=ORIENTED_EDGE('',*,*,#2693,.F.);
#3602=ORIENTED_EDGE('',*,*,#2695,.T.);
#3603=ORIENTED_EDGE('',*,*,#2555,.T.);
#3604=ORIENTED_EDGE('',*,*,#2620,.F.);
#3605=ORIENTED_EDGE('',*,*,#2696,.T.);
#3606=ORIENTED_EDGE('',*,*,#2666,.F.);
#3607=ORIENTED_EDGE('',*,*,#2697,.T.);
#3608=ORIENTED_EDGE('',*,*,#2615,.F.);
#3609=ORIENTED_EDGE('',*,*,#2559,.T.);
#3610=ORIENTED_EDGE('',*,*,#2663,.F.);
#3611=ORIENTED_EDGE('',*,*,#2696,.F.);
#3612=ORIENTED_EDGE('',*,*,#2622,.F.);
#3613=ORIENTED_EDGE('',*,*,#2697,.F.);
#3614=ORIENTED_EDGE('',*,*,#2669,.F.);
#3615=ORIENTED_EDGE('',*,*,#2686,.F.);
#3616=ORIENTED_EDGE('',*,*,#2698,.T.);
#3617=ORIENTED_EDGE('',*,*,#2699,.T.);
#3618=ORIENTED_EDGE('',*,*,#2563,.F.);
#3619=ORIENTED_EDGE('',*,*,#2700,.F.);
#3620=ORIENTED_EDGE('',*,*,#2701,.T.);
#3621=ORIENTED_EDGE('',*,*,#2700,.T.);
#3622=ORIENTED_EDGE('',*,*,#2566,.F.);
#3623=ORIENTED_EDGE('',*,*,#2638,.F.);
#3624=ORIENTED_EDGE('',*,*,#2684,.F.);
#3625=ORIENTED_EDGE('',*,*,#2568,.F.);
#3626=ORIENTED_EDGE('',*,*,#2695,.F.);
#3627=ORIENTED_EDGE('',*,*,#2702,.T.);
#3628=ORIENTED_EDGE('',*,*,#2655,.F.);
#3629=ORIENTED_EDGE('',*,*,#2571,.F.);
#3630=ORIENTED_EDGE('',*,*,#2703,.F.);
#3631=ORIENTED_EDGE('',*,*,#2704,.T.);
#3632=ORIENTED_EDGE('',*,*,#2705,.T.);
#3633=ORIENTED_EDGE('',*,*,#2703,.T.);
#3634=ORIENTED_EDGE('',*,*,#2574,.F.);
#3635=ORIENTED_EDGE('',*,*,#2706,.F.);
#3636=ORIENTED_EDGE('',*,*,#2707,.T.);
#3637=ORIENTED_EDGE('',*,*,#2706,.T.);
#3638=ORIENTED_EDGE('',*,*,#2577,.F.);
#3639=ORIENTED_EDGE('',*,*,#2708,.F.);
#3640=ORIENTED_EDGE('',*,*,#2709,.T.);
#3641=ORIENTED_EDGE('',*,*,#2710,.T.);
#3642=ORIENTED_EDGE('',*,*,#2698,.F.);
#3643=ORIENTED_EDGE('',*,*,#2711,.F.);
#3644=ORIENTED_EDGE('',*,*,#2712,.T.);
#3645=ORIENTED_EDGE('',*,*,#2711,.T.);
#3646=ORIENTED_EDGE('',*,*,#2701,.F.);
#3647=ORIENTED_EDGE('',*,*,#2639,.F.);
#3648=ORIENTED_EDGE('',*,*,#2682,.F.);
#3649=ORIENTED_EDGE('',*,*,#2702,.F.);
#3650=ORIENTED_EDGE('',*,*,#2694,.F.);
#3651=ORIENTED_EDGE('',*,*,#2713,.T.);
#3652=ORIENTED_EDGE('',*,*,#2653,.F.);
#3653=ORIENTED_EDGE('',*,*,#2704,.F.);
#3654=ORIENTED_EDGE('',*,*,#2714,.F.);
#3655=ORIENTED_EDGE('',*,*,#2715,.T.);
#3656=ORIENTED_EDGE('',*,*,#2716,.T.);
#3657=ORIENTED_EDGE('',*,*,#2714,.T.);
#3658=ORIENTED_EDGE('',*,*,#2705,.F.);
#3659=ORIENTED_EDGE('',*,*,#2717,.F.);
#3660=ORIENTED_EDGE('',*,*,#2718,.T.);
#3661=ORIENTED_EDGE('',*,*,#2717,.T.);
#3662=ORIENTED_EDGE('',*,*,#2707,.F.);
#3663=ORIENTED_EDGE('',*,*,#2719,.F.);
#3664=ORIENTED_EDGE('',*,*,#2720,.T.);
#3665=ORIENTED_EDGE('',*,*,#2721,.T.);
#3666=ORIENTED_EDGE('',*,*,#2709,.F.);
#3667=ORIENTED_EDGE('',*,*,#2722,.F.);
#3668=ORIENTED_EDGE('',*,*,#2723,.T.);
#3669=ORIENTED_EDGE('',*,*,#2722,.T.);
#3670=ORIENTED_EDGE('',*,*,#2712,.F.);
#3671=ORIENTED_EDGE('',*,*,#2613,.F.);
#3672=ORIENTED_EDGE('',*,*,#2679,.F.);
#3673=ORIENTED_EDGE('',*,*,#2713,.F.);
#3674=ORIENTED_EDGE('',*,*,#2692,.F.);
#3675=ORIENTED_EDGE('',*,*,#2724,.T.);
#3676=ORIENTED_EDGE('',*,*,#2650,.F.);
#3677=ORIENTED_EDGE('',*,*,#2715,.F.);
#3678=ORIENTED_EDGE('',*,*,#2725,.F.);
#3679=ORIENTED_EDGE('',*,*,#2726,.T.);
#3680=ORIENTED_EDGE('',*,*,#2727,.T.);
#3681=ORIENTED_EDGE('',*,*,#2725,.T.);
#3682=ORIENTED_EDGE('',*,*,#2716,.F.);
#3683=ORIENTED_EDGE('',*,*,#2728,.F.);
#3684=ORIENTED_EDGE('',*,*,#2729,.T.);
#3685=ORIENTED_EDGE('',*,*,#2728,.T.);
#3686=ORIENTED_EDGE('',*,*,#2718,.F.);
#3687=ORIENTED_EDGE('',*,*,#2730,.F.);
#3688=ORIENTED_EDGE('',*,*,#2731,.T.);
#3689=ORIENTED_EDGE('',*,*,#2732,.T.);
#3690=ORIENTED_EDGE('',*,*,#2720,.F.);
#3691=ORIENTED_EDGE('',*,*,#2733,.F.);
#3692=ORIENTED_EDGE('',*,*,#2734,.T.);
#3693=ORIENTED_EDGE('',*,*,#2733,.T.);
#3694=ORIENTED_EDGE('',*,*,#2723,.F.);
#3695=ORIENTED_EDGE('',*,*,#2641,.F.);
#3696=ORIENTED_EDGE('',*,*,#2676,.F.);
#3697=ORIENTED_EDGE('',*,*,#2724,.F.);
#3698=ORIENTED_EDGE('',*,*,#2690,.F.);
#3699=ORIENTED_EDGE('',*,*,#2735,.T.);
#3700=ORIENTED_EDGE('',*,*,#2647,.F.);
#3701=ORIENTED_EDGE('',*,*,#2726,.F.);
#3702=ORIENTED_EDGE('',*,*,#2736,.F.);
#3703=ORIENTED_EDGE('',*,*,#2737,.T.);
#3704=ORIENTED_EDGE('',*,*,#2738,.T.);
#3705=ORIENTED_EDGE('',*,*,#2736,.T.);
#3706=ORIENTED_EDGE('',*,*,#2727,.F.);
#3707=ORIENTED_EDGE('',*,*,#2739,.F.);
#3708=ORIENTED_EDGE('',*,*,#2740,.T.);
#3709=ORIENTED_EDGE('',*,*,#2739,.T.);
#3710=ORIENTED_EDGE('',*,*,#2729,.F.);
#3711=ORIENTED_EDGE('',*,*,#2741,.F.);
#3712=ORIENTED_EDGE('',*,*,#2741,.T.);
#3713=ORIENTED_EDGE('',*,*,#2730,.T.);
#3714=ORIENTED_EDGE('',*,*,#2719,.T.);
#3715=ORIENTED_EDGE('',*,*,#2708,.T.);
#3716=ORIENTED_EDGE('',*,*,#2576,.F.);
#3717=ORIENTED_EDGE('',*,*,#2588,.F.);
#3718=ORIENTED_EDGE('',*,*,#2599,.F.);
#3719=ORIENTED_EDGE('',*,*,#2742,.T.);
#3720=ORIENTED_EDGE('',*,*,#2743,.T.);
#3721=ORIENTED_EDGE('',*,*,#2731,.F.);
#3722=ORIENTED_EDGE('',*,*,#2744,.F.);
#3723=ORIENTED_EDGE('',*,*,#2589,.T.);
#3724=ORIENTED_EDGE('',*,*,#2744,.T.);
#3725=ORIENTED_EDGE('',*,*,#2734,.F.);
#3726=ORIENTED_EDGE('',*,*,#2642,.F.);
#3727=ORIENTED_EDGE('',*,*,#2592,.T.);
#3728=ORIENTED_EDGE('',*,*,#2673,.F.);
#3729=ORIENTED_EDGE('',*,*,#2735,.F.);
#3730=ORIENTED_EDGE('',*,*,#2687,.T.);
#3731=ORIENTED_EDGE('',*,*,#2593,.T.);
#3732=ORIENTED_EDGE('',*,*,#2645,.T.);
#3733=ORIENTED_EDGE('',*,*,#2737,.F.);
#3734=ORIENTED_EDGE('',*,*,#2745,.F.);
#3735=ORIENTED_EDGE('',*,*,#2594,.T.);
#3736=ORIENTED_EDGE('',*,*,#2745,.T.);
#3737=ORIENTED_EDGE('',*,*,#2738,.F.);
#3738=ORIENTED_EDGE('',*,*,#2746,.F.);
#3739=ORIENTED_EDGE('',*,*,#2596,.T.);
#3740=ORIENTED_EDGE('',*,*,#2746,.T.);
#3741=ORIENTED_EDGE('',*,*,#2740,.F.);
#3742=ORIENTED_EDGE('',*,*,#2742,.F.);
#3743=ORIENTED_EDGE('',*,*,#2598,.T.);
#3744=ORIENTED_EDGE('',*,*,#2699,.F.);
#3745=ORIENTED_EDGE('',*,*,#2710,.F.);
#3746=ORIENTED_EDGE('',*,*,#2721,.F.);
#3747=ORIENTED_EDGE('',*,*,#2732,.F.);
#3748=ORIENTED_EDGE('',*,*,#2743,.F.);
#3749=ORIENTED_EDGE('',*,*,#2591,.T.);
#3750=ORIENTED_EDGE('',*,*,#2580,.T.);
#3751=ORIENTED_EDGE('',*,*,#2564,.T.);
#3752=ORIENTED_EDGE('',*,*,#2747,.T.);
#3753=ORIENTED_EDGE('',*,*,#2748,.F.);
#3754=ORIENTED_EDGE('',*,*,#2749,.F.);
#3755=ORIENTED_EDGE('',*,*,#2750,.F.);
#3756=ORIENTED_EDGE('',*,*,#2751,.F.);
#3757=ORIENTED_EDGE('',*,*,#2747,.F.);
#3758=ORIENTED_EDGE('',*,*,#2752,.F.);
#3759=ORIENTED_EDGE('',*,*,#2753,.F.);
#3760=ORIENTED_EDGE('',*,*,#2754,.F.);
#3761=ORIENTED_EDGE('',*,*,#2748,.T.);
#3762=ORIENTED_EDGE('',*,*,#2754,.T.);
#3763=ORIENTED_EDGE('',*,*,#2755,.F.);
#3764=ORIENTED_EDGE('',*,*,#2756,.T.);
#3765=ORIENTED_EDGE('',*,*,#2749,.T.);
#3766=ORIENTED_EDGE('',*,*,#2756,.F.);
#3767=ORIENTED_EDGE('',*,*,#2757,.F.);
#3768=ORIENTED_EDGE('',*,*,#2758,.F.);
#3769=ORIENTED_EDGE('',*,*,#2759,.F.);
#3770=ORIENTED_EDGE('',*,*,#2750,.T.);
#3771=ORIENTED_EDGE('',*,*,#2759,.T.);
#3772=ORIENTED_EDGE('',*,*,#2760,.T.);
#3773=ORIENTED_EDGE('',*,*,#2761,.T.);
#3774=ORIENTED_EDGE('',*,*,#2762,.T.);
#3775=ORIENTED_EDGE('',*,*,#2763,.F.);
#3776=ORIENTED_EDGE('',*,*,#2761,.F.);
#3777=ORIENTED_EDGE('',*,*,#2764,.F.);
#3778=ORIENTED_EDGE('',*,*,#2765,.T.);
#3779=ORIENTED_EDGE('',*,*,#2752,.T.);
#3780=ORIENTED_EDGE('',*,*,#2751,.T.);
#3781=ORIENTED_EDGE('',*,*,#2762,.F.);
#3782=ORIENTED_EDGE('',*,*,#2763,.T.);
#3783=ORIENTED_EDGE('',*,*,#2766,.T.);
#3784=ORIENTED_EDGE('',*,*,#2758,.T.);
#3785=ORIENTED_EDGE('',*,*,#2767,.T.);
#3786=ORIENTED_EDGE('',*,*,#2764,.T.);
#3787=ORIENTED_EDGE('',*,*,#2760,.F.);
#3788=ORIENTED_EDGE('',*,*,#2768,.F.);
#3789=ORIENTED_EDGE('',*,*,#2769,.F.);
#3790=ORIENTED_EDGE('',*,*,#2770,.F.);
#3791=ORIENTED_EDGE('',*,*,#2771,.F.);
#3792=ORIENTED_EDGE('',*,*,#2772,.F.);
#3793=ORIENTED_EDGE('',*,*,#2773,.F.);
#3794=ORIENTED_EDGE('',*,*,#2774,.T.);
#3795=ORIENTED_EDGE('',*,*,#2775,.F.);
#3796=ORIENTED_EDGE('',*,*,#2776,.F.);
#3797=ORIENTED_EDGE('',*,*,#2777,.F.);
#3798=ORIENTED_EDGE('',*,*,#2772,.T.);
#3799=ORIENTED_EDGE('',*,*,#2778,.F.);
#3800=ORIENTED_EDGE('',*,*,#2779,.F.);
#3801=ORIENTED_EDGE('',*,*,#2780,.F.);
#3802=ORIENTED_EDGE('',*,*,#2776,.T.);
#3803=ORIENTED_EDGE('',*,*,#2781,.F.);
#3804=ORIENTED_EDGE('',*,*,#2782,.F.);
#3805=ORIENTED_EDGE('',*,*,#2769,.T.);
#3806=ORIENTED_EDGE('',*,*,#2783,.F.);
#3807=ORIENTED_EDGE('',*,*,#2779,.T.);
#3808=ORIENTED_EDGE('',*,*,#2784,.F.);
#3809=ORIENTED_EDGE('',*,*,#2785,.F.);
#3810=ORIENTED_EDGE('',*,*,#2771,.T.);
#3811=ORIENTED_EDGE('',*,*,#2786,.F.);
#3812=ORIENTED_EDGE('',*,*,#2785,.T.);
#3813=ORIENTED_EDGE('',*,*,#2787,.F.);
#3814=ORIENTED_EDGE('',*,*,#2788,.T.);
#3815=ORIENTED_EDGE('',*,*,#2789,.F.);
#3816=ORIENTED_EDGE('',*,*,#2768,.T.);
#3817=ORIENTED_EDGE('',*,*,#2789,.T.);
#3818=ORIENTED_EDGE('',*,*,#2790,.T.);
#3819=ORIENTED_EDGE('',*,*,#2791,.T.);
#3820=ORIENTED_EDGE('',*,*,#2792,.F.);
#3821=ORIENTED_EDGE('',*,*,#2793,.F.);
#3822=ORIENTED_EDGE('',*,*,#2794,.F.);
#3823=ORIENTED_EDGE('',*,*,#2790,.F.);
#3824=ORIENTED_EDGE('',*,*,#2795,.F.);
#3825=ORIENTED_EDGE('',*,*,#2796,.F.);
#3826=ORIENTED_EDGE('',*,*,#2792,.T.);
#3827=ORIENTED_EDGE('',*,*,#2788,.F.);
#3828=ORIENTED_EDGE('',*,*,#2797,.F.);
#3829=ORIENTED_EDGE('',*,*,#2798,.F.);
#3830=ORIENTED_EDGE('',*,*,#2799,.T.);
#3831=ORIENTED_EDGE('',*,*,#2800,.F.);
#3832=ORIENTED_EDGE('',*,*,#2801,.F.);
#3833=ORIENTED_EDGE('',*,*,#2802,.F.);
#3834=ORIENTED_EDGE('',*,*,#2797,.T.);
#3835=ORIENTED_EDGE('',*,*,#2803,.F.);
#3836=ORIENTED_EDGE('',*,*,#2804,.F.);
#3837=ORIENTED_EDGE('',*,*,#2805,.F.);
#3838=ORIENTED_EDGE('',*,*,#2801,.T.);
#3839=ORIENTED_EDGE('',*,*,#2806,.F.);
#3840=ORIENTED_EDGE('',*,*,#2805,.T.);
#3841=ORIENTED_EDGE('',*,*,#2807,.T.);
#3842=ORIENTED_EDGE('',*,*,#2808,.T.);
#3843=ORIENTED_EDGE('',*,*,#2809,.F.);
#3844=ORIENTED_EDGE('',*,*,#2802,.T.);
#3845=ORIENTED_EDGE('',*,*,#2809,.T.);
#3846=ORIENTED_EDGE('',*,*,#2810,.T.);
#3847=ORIENTED_EDGE('',*,*,#2811,.F.);
#3848=ORIENTED_EDGE('',*,*,#2798,.T.);
#3849=ORIENTED_EDGE('',*,*,#2811,.T.);
#3850=ORIENTED_EDGE('',*,*,#2812,.T.);
#3851=ORIENTED_EDGE('',*,*,#2813,.F.);
#3852=ORIENTED_EDGE('',*,*,#2814,.F.);
#3853=ORIENTED_EDGE('',*,*,#2815,.F.);
#3854=ORIENTED_EDGE('',*,*,#2816,.T.);
#3855=ORIENTED_EDGE('',*,*,#2812,.F.);
#3856=ORIENTED_EDGE('',*,*,#2817,.F.);
#3857=ORIENTED_EDGE('',*,*,#2818,.F.);
#3858=ORIENTED_EDGE('',*,*,#2814,.T.);
#3859=ORIENTED_EDGE('',*,*,#2810,.F.);
#3860=ORIENTED_EDGE('',*,*,#2819,.F.);
#3861=ORIENTED_EDGE('',*,*,#2820,.F.);
#3862=ORIENTED_EDGE('',*,*,#2817,.T.);
#3863=ORIENTED_EDGE('',*,*,#2808,.F.);
#3864=ORIENTED_EDGE('',*,*,#2781,.T.);
#3865=ORIENTED_EDGE('',*,*,#2821,.F.);
#3866=ORIENTED_EDGE('',*,*,#2822,.T.);
#3867=ORIENTED_EDGE('',*,*,#2823,.T.);
#3868=ORIENTED_EDGE('',*,*,#2824,.F.);
#3869=ORIENTED_EDGE('',*,*,#2825,.T.);
#3870=ORIENTED_EDGE('',*,*,#2826,.T.);
#3871=ORIENTED_EDGE('',*,*,#2822,.F.);
#3872=ORIENTED_EDGE('',*,*,#2827,.F.);
#3873=ORIENTED_EDGE('',*,*,#2828,.T.);
#3874=ORIENTED_EDGE('',*,*,#2829,.T.);
#3875=ORIENTED_EDGE('',*,*,#2825,.F.);
#3876=ORIENTED_EDGE('',*,*,#2778,.T.);
#3877=ORIENTED_EDGE('',*,*,#2830,.F.);
#3878=ORIENTED_EDGE('',*,*,#2831,.T.);
#3879=ORIENTED_EDGE('',*,*,#2821,.T.);
#3880=ORIENTED_EDGE('',*,*,#2767,.F.);
#3881=ORIENTED_EDGE('',*,*,#2757,.T.);
#3882=ORIENTED_EDGE('',*,*,#2755,.T.);
#3883=ORIENTED_EDGE('',*,*,#2753,.T.);
#3884=ORIENTED_EDGE('',*,*,#2766,.F.);
#3885=ORIENTED_EDGE('',*,*,#2765,.F.);
#3886=ORIENTED_EDGE('',*,*,#2832,.F.);
#3887=ORIENTED_EDGE('',*,*,#2833,.T.);
#3888=ORIENTED_EDGE('',*,*,#2824,.T.);
#3889=ORIENTED_EDGE('',*,*,#2831,.F.);
#3890=ORIENTED_EDGE('',*,*,#2834,.F.);
#3891=ORIENTED_EDGE('',*,*,#2835,.T.);
#3892=ORIENTED_EDGE('',*,*,#2827,.T.);
#3893=ORIENTED_EDGE('',*,*,#2833,.F.);
#3894=ORIENTED_EDGE('',*,*,#2836,.F.);
#3895=ORIENTED_EDGE('',*,*,#2837,.T.);
#3896=ORIENTED_EDGE('',*,*,#2838,.T.);
#3897=ORIENTED_EDGE('',*,*,#2835,.F.);
#3898=ORIENTED_EDGE('',*,*,#2775,.T.);
#3899=ORIENTED_EDGE('',*,*,#2839,.F.);
#3900=ORIENTED_EDGE('',*,*,#2840,.T.);
#3901=ORIENTED_EDGE('',*,*,#2830,.T.);
#3902=ORIENTED_EDGE('',*,*,#2841,.F.);
#3903=ORIENTED_EDGE('',*,*,#2842,.T.);
#3904=ORIENTED_EDGE('',*,*,#2832,.T.);
#3905=ORIENTED_EDGE('',*,*,#2840,.F.);
#3906=ORIENTED_EDGE('',*,*,#2843,.F.);
#3907=ORIENTED_EDGE('',*,*,#2844,.T.);
#3908=ORIENTED_EDGE('',*,*,#2834,.T.);
#3909=ORIENTED_EDGE('',*,*,#2842,.F.);
#3910=ORIENTED_EDGE('',*,*,#2845,.F.);
#3911=ORIENTED_EDGE('',*,*,#2846,.T.);
#3912=ORIENTED_EDGE('',*,*,#2847,.T.);
#3913=ORIENTED_EDGE('',*,*,#2848,.T.);
#3914=ORIENTED_EDGE('',*,*,#2849,.T.);
#3915=ORIENTED_EDGE('',*,*,#2845,.T.);
#3916=ORIENTED_EDGE('',*,*,#2850,.T.);
#3917=ORIENTED_EDGE('',*,*,#2851,.T.);
#3918=ORIENTED_EDGE('',*,*,#2852,.T.);
#3919=ORIENTED_EDGE('',*,*,#2849,.F.);
#3920=ORIENTED_EDGE('',*,*,#2853,.F.);
#3921=ORIENTED_EDGE('',*,*,#2854,.T.);
#3922=ORIENTED_EDGE('',*,*,#2850,.F.);
#3923=ORIENTED_EDGE('',*,*,#2848,.F.);
#3924=ORIENTED_EDGE('',*,*,#2855,.T.);
#3925=ORIENTED_EDGE('',*,*,#2856,.T.);
#3926=ORIENTED_EDGE('',*,*,#2857,.T.);
#3927=ORIENTED_EDGE('',*,*,#2853,.T.);
#3928=ORIENTED_EDGE('',*,*,#2847,.F.);
#3929=ORIENTED_EDGE('',*,*,#2858,.F.);
#3930=ORIENTED_EDGE('',*,*,#2859,.F.);
#3931=ORIENTED_EDGE('',*,*,#2860,.F.);
#3932=ORIENTED_EDGE('',*,*,#2855,.F.);
#3933=ORIENTED_EDGE('',*,*,#2861,.T.);
#3934=ORIENTED_EDGE('',*,*,#2862,.F.);
#3935=ORIENTED_EDGE('',*,*,#2863,.T.);
#3936=ORIENTED_EDGE('',*,*,#2859,.T.);
#3937=ORIENTED_EDGE('',*,*,#2852,.F.);
#3938=ORIENTED_EDGE('',*,*,#2864,.F.);
#3939=ORIENTED_EDGE('',*,*,#2861,.F.);
#3940=ORIENTED_EDGE('',*,*,#2858,.T.);
#3941=ORIENTED_EDGE('',*,*,#2846,.F.);
#3942=ORIENTED_EDGE('',*,*,#2856,.F.);
#3943=ORIENTED_EDGE('',*,*,#2860,.T.);
#3944=ORIENTED_EDGE('',*,*,#2863,.F.);
#3945=ORIENTED_EDGE('',*,*,#2865,.F.);
#3946=ORIENTED_EDGE('',*,*,#2866,.T.);
#3947=ORIENTED_EDGE('',*,*,#2867,.T.);
#3948=ORIENTED_EDGE('',*,*,#2868,.T.);
#3949=ORIENTED_EDGE('',*,*,#2869,.T.);
#3950=ORIENTED_EDGE('',*,*,#2870,.T.);
#3951=ORIENTED_EDGE('',*,*,#2871,.T.);
#3952=ORIENTED_EDGE('',*,*,#2872,.T.);
#3953=ORIENTED_EDGE('',*,*,#2774,.F.);
#3954=ORIENTED_EDGE('',*,*,#2873,.T.);
#3955=ORIENTED_EDGE('',*,*,#2874,.T.);
#3956=ORIENTED_EDGE('',*,*,#2871,.F.);
#3957=ORIENTED_EDGE('',*,*,#2875,.T.);
#3958=ORIENTED_EDGE('',*,*,#2876,.T.);
#3959=ORIENTED_EDGE('',*,*,#2877,.T.);
#3960=ORIENTED_EDGE('',*,*,#2873,.F.);
#3961=ORIENTED_EDGE('',*,*,#2878,.T.);
#3962=ORIENTED_EDGE('',*,*,#2879,.T.);
#3963=ORIENTED_EDGE('',*,*,#2880,.T.);
#3964=ORIENTED_EDGE('',*,*,#2876,.F.);
#3965=ORIENTED_EDGE('',*,*,#2881,.T.);
#3966=ORIENTED_EDGE('',*,*,#2882,.T.);
#3967=ORIENTED_EDGE('',*,*,#2879,.F.);
#3968=ORIENTED_EDGE('',*,*,#2883,.T.);
#3969=ORIENTED_EDGE('',*,*,#2869,.F.);
#3970=ORIENTED_EDGE('',*,*,#2884,.T.);
#3971=ORIENTED_EDGE('',*,*,#2885,.T.);
#3972=ORIENTED_EDGE('',*,*,#2867,.F.);
#3973=ORIENTED_EDGE('',*,*,#2886,.T.);
#3974=ORIENTED_EDGE('',*,*,#2887,.T.);
#3975=ORIENTED_EDGE('',*,*,#2884,.F.);
#3976=ORIENTED_EDGE('',*,*,#2888,.T.);
#3977=ORIENTED_EDGE('',*,*,#2784,.T.);
#3978=ORIENTED_EDGE('',*,*,#2888,.F.);
#3979=ORIENTED_EDGE('',*,*,#2889,.F.);
#3980=ORIENTED_EDGE('',*,*,#2890,.F.);
#3981=ORIENTED_EDGE('',*,*,#2787,.T.);
#3982=ORIENTED_EDGE('',*,*,#2886,.F.);
#3983=ORIENTED_EDGE('',*,*,#2891,.T.);
#3984=ORIENTED_EDGE('',*,*,#2892,.F.);
#3985=ORIENTED_EDGE('',*,*,#2889,.T.);
#3986=ORIENTED_EDGE('',*,*,#2866,.F.);
#3987=ORIENTED_EDGE('',*,*,#2893,.F.);
#3988=ORIENTED_EDGE('',*,*,#2894,.F.);
#3989=ORIENTED_EDGE('',*,*,#2891,.F.);
#3990=ORIENTED_EDGE('',*,*,#2870,.F.);
#3991=ORIENTED_EDGE('',*,*,#2773,.T.);
#3992=ORIENTED_EDGE('',*,*,#2777,.T.);
#3993=ORIENTED_EDGE('',*,*,#2780,.T.);
#3994=ORIENTED_EDGE('',*,*,#2783,.T.);
#3995=ORIENTED_EDGE('',*,*,#2791,.F.);
#3996=ORIENTED_EDGE('',*,*,#2794,.T.);
#3997=ORIENTED_EDGE('',*,*,#2895,.T.);
#3998=ORIENTED_EDGE('',*,*,#2896,.F.);
#3999=ORIENTED_EDGE('',*,*,#2893,.T.);
#4000=ORIENTED_EDGE('',*,*,#2883,.F.);
#4001=ORIENTED_EDGE('',*,*,#2881,.F.);
#4002=ORIENTED_EDGE('',*,*,#2878,.F.);
#4003=ORIENTED_EDGE('',*,*,#2875,.F.);
#4004=ORIENTED_EDGE('',*,*,#2897,.F.);
#4005=ORIENTED_EDGE('',*,*,#2898,.F.);
#4006=ORIENTED_EDGE('',*,*,#2899,.F.);
#4007=ORIENTED_EDGE('',*,*,#2900,.F.);
#4008=ORIENTED_EDGE('',*,*,#2901,.F.);
#4009=ORIENTED_EDGE('',*,*,#2806,.T.);
#4010=ORIENTED_EDGE('',*,*,#2803,.T.);
#4011=ORIENTED_EDGE('',*,*,#2800,.T.);
#4012=ORIENTED_EDGE('',*,*,#2902,.T.);
#4013=ORIENTED_EDGE('',*,*,#2894,.T.);
#4014=ORIENTED_EDGE('',*,*,#2896,.T.);
#4015=ORIENTED_EDGE('',*,*,#2903,.T.);
#4016=ORIENTED_EDGE('',*,*,#2904,.T.);
#4017=ORIENTED_EDGE('',*,*,#2892,.T.);
#4018=ORIENTED_EDGE('',*,*,#2902,.F.);
#4019=ORIENTED_EDGE('',*,*,#2905,.T.);
#4020=ORIENTED_EDGE('',*,*,#2890,.T.);
#4021=ORIENTED_EDGE('',*,*,#2904,.F.);
#4022=ORIENTED_EDGE('',*,*,#2906,.T.);
#4023=ORIENTED_EDGE('',*,*,#2795,.T.);
#4024=ORIENTED_EDGE('',*,*,#2906,.F.);
#4025=ORIENTED_EDGE('',*,*,#2905,.F.);
#4026=ORIENTED_EDGE('',*,*,#2903,.F.);
#4027=ORIENTED_EDGE('',*,*,#2895,.F.);
#4028=ORIENTED_EDGE('',*,*,#2793,.T.);
#4029=ORIENTED_EDGE('',*,*,#2796,.T.);
#4030=ORIENTED_EDGE('',*,*,#2907,.T.);
#4031=ORIENTED_EDGE('',*,*,#2908,.T.);
#4032=ORIENTED_EDGE('',*,*,#2897,.T.);
#4033=ORIENTED_EDGE('',*,*,#2799,.F.);
#4034=ORIENTED_EDGE('',*,*,#2909,.T.);
#4035=ORIENTED_EDGE('',*,*,#2898,.T.);
#4036=ORIENTED_EDGE('',*,*,#2908,.F.);
#4037=ORIENTED_EDGE('',*,*,#2910,.T.);
#4038=ORIENTED_EDGE('',*,*,#2911,.T.);
#4039=ORIENTED_EDGE('',*,*,#2899,.T.);
#4040=ORIENTED_EDGE('',*,*,#2909,.F.);
#4041=ORIENTED_EDGE('',*,*,#2912,.T.);
#4042=ORIENTED_EDGE('',*,*,#2913,.T.);
#4043=ORIENTED_EDGE('',*,*,#2900,.T.);
#4044=ORIENTED_EDGE('',*,*,#2911,.F.);
#4045=ORIENTED_EDGE('',*,*,#2914,.T.);
#4046=ORIENTED_EDGE('',*,*,#2901,.T.);
#4047=ORIENTED_EDGE('',*,*,#2913,.F.);
#4048=ORIENTED_EDGE('',*,*,#2915,.T.);
#4049=ORIENTED_EDGE('',*,*,#2804,.T.);
#4050=ORIENTED_EDGE('',*,*,#2915,.F.);
#4051=ORIENTED_EDGE('',*,*,#2916,.T.);
#4052=ORIENTED_EDGE('',*,*,#2917,.F.);
#4053=ORIENTED_EDGE('',*,*,#2807,.F.);
#4054=ORIENTED_EDGE('',*,*,#2914,.F.);
#4055=ORIENTED_EDGE('',*,*,#2918,.T.);
#4056=ORIENTED_EDGE('',*,*,#2919,.F.);
#4057=ORIENTED_EDGE('',*,*,#2916,.F.);
#4058=ORIENTED_EDGE('',*,*,#2912,.F.);
#4059=ORIENTED_EDGE('',*,*,#2920,.T.);
#4060=ORIENTED_EDGE('',*,*,#2921,.F.);
#4061=ORIENTED_EDGE('',*,*,#2918,.F.);
#4062=ORIENTED_EDGE('',*,*,#2910,.F.);
#4063=ORIENTED_EDGE('',*,*,#2922,.T.);
#4064=ORIENTED_EDGE('',*,*,#2923,.F.);
#4065=ORIENTED_EDGE('',*,*,#2920,.F.);
#4066=ORIENTED_EDGE('',*,*,#2907,.F.);
#4067=ORIENTED_EDGE('',*,*,#2813,.T.);
#4068=ORIENTED_EDGE('',*,*,#2924,.F.);
#4069=ORIENTED_EDGE('',*,*,#2922,.F.);
#4070=ORIENTED_EDGE('',*,*,#2925,.T.);
#4071=ORIENTED_EDGE('',*,*,#2924,.T.);
#4072=ORIENTED_EDGE('',*,*,#2816,.F.);
#4073=ORIENTED_EDGE('',*,*,#2926,.T.);
#4074=ORIENTED_EDGE('',*,*,#2927,.T.);
#4075=ORIENTED_EDGE('',*,*,#2923,.T.);
#4076=ORIENTED_EDGE('',*,*,#2925,.F.);
#4077=ORIENTED_EDGE('',*,*,#2928,.T.);
#4078=ORIENTED_EDGE('',*,*,#2929,.T.);
#4079=ORIENTED_EDGE('',*,*,#2921,.T.);
#4080=ORIENTED_EDGE('',*,*,#2927,.F.);
#4081=ORIENTED_EDGE('',*,*,#2930,.T.);
#4082=ORIENTED_EDGE('',*,*,#2931,.T.);
#4083=ORIENTED_EDGE('',*,*,#2919,.T.);
#4084=ORIENTED_EDGE('',*,*,#2929,.F.);
#4085=ORIENTED_EDGE('',*,*,#2932,.T.);
#4086=ORIENTED_EDGE('',*,*,#2917,.T.);
#4087=ORIENTED_EDGE('',*,*,#2931,.F.);
#4088=ORIENTED_EDGE('',*,*,#2933,.T.);
#4089=ORIENTED_EDGE('',*,*,#2819,.T.);
#4090=ORIENTED_EDGE('',*,*,#2933,.F.);
#4091=ORIENTED_EDGE('',*,*,#2932,.F.);
#4092=ORIENTED_EDGE('',*,*,#2930,.F.);
#4093=ORIENTED_EDGE('',*,*,#2928,.F.);
#4094=ORIENTED_EDGE('',*,*,#2926,.F.);
#4095=ORIENTED_EDGE('',*,*,#2815,.T.);
#4096=ORIENTED_EDGE('',*,*,#2818,.T.);
#4097=ORIENTED_EDGE('',*,*,#2820,.T.);
#4098=ORIENTED_EDGE('',*,*,#2887,.F.);
#4099=ORIENTED_EDGE('',*,*,#2786,.T.);
#4100=ORIENTED_EDGE('',*,*,#2770,.T.);
#4101=ORIENTED_EDGE('',*,*,#2782,.T.);
#4102=ORIENTED_EDGE('',*,*,#2823,.F.);
#4103=ORIENTED_EDGE('',*,*,#2934,.F.);
#4104=ORIENTED_EDGE('',*,*,#2935,.T.);
#4105=ORIENTED_EDGE('',*,*,#2882,.F.);
#4106=ORIENTED_EDGE('',*,*,#2868,.F.);
#4107=ORIENTED_EDGE('',*,*,#2885,.F.);
#4108=ORIENTED_EDGE('',*,*,#2936,.T.);
#4109=ORIENTED_EDGE('',*,*,#2934,.T.);
#4110=ORIENTED_EDGE('',*,*,#2826,.F.);
#4111=ORIENTED_EDGE('',*,*,#2937,.F.);
#4112=ORIENTED_EDGE('',*,*,#2938,.T.);
#4113=ORIENTED_EDGE('',*,*,#2937,.T.);
#4114=ORIENTED_EDGE('',*,*,#2829,.F.);
#4115=ORIENTED_EDGE('',*,*,#2939,.F.);
#4116=ORIENTED_EDGE('',*,*,#2940,.T.);
#4117=ORIENTED_EDGE('',*,*,#2939,.T.);
#4118=ORIENTED_EDGE('',*,*,#2941,.F.);
#4119=ORIENTED_EDGE('',*,*,#2942,.F.);
#4120=ORIENTED_EDGE('',*,*,#2880,.F.);
#4121=ORIENTED_EDGE('',*,*,#2935,.F.);
#4122=ORIENTED_EDGE('',*,*,#2943,.F.);
#4123=ORIENTED_EDGE('',*,*,#2944,.T.);
#4124=ORIENTED_EDGE('',*,*,#2945,.T.);
#4125=ORIENTED_EDGE('',*,*,#2943,.T.);
#4126=ORIENTED_EDGE('',*,*,#2936,.F.);
#4127=ORIENTED_EDGE('',*,*,#2946,.F.);
#4128=ORIENTED_EDGE('',*,*,#2947,.T.);
#4129=ORIENTED_EDGE('',*,*,#2946,.T.);
#4130=ORIENTED_EDGE('',*,*,#2938,.F.);
#4131=ORIENTED_EDGE('',*,*,#2948,.F.);
#4132=ORIENTED_EDGE('',*,*,#2877,.F.);
#4133=ORIENTED_EDGE('',*,*,#2944,.F.);
#4134=ORIENTED_EDGE('',*,*,#2949,.F.);
#4135=ORIENTED_EDGE('',*,*,#2950,.T.);
#4136=ORIENTED_EDGE('',*,*,#2865,.T.);
#4137=ORIENTED_EDGE('',*,*,#2862,.T.);
#4138=ORIENTED_EDGE('',*,*,#2864,.T.);
#4139=ORIENTED_EDGE('',*,*,#2851,.F.);
#4140=ORIENTED_EDGE('',*,*,#2854,.F.);
#4141=ORIENTED_EDGE('',*,*,#2857,.F.);
#4142=ORIENTED_EDGE('',*,*,#2951,.T.);
#4143=ORIENTED_EDGE('',*,*,#2949,.T.);
#4144=ORIENTED_EDGE('',*,*,#2945,.F.);
#4145=ORIENTED_EDGE('',*,*,#2952,.F.);
#4146=ORIENTED_EDGE('',*,*,#2953,.T.);
#4147=ORIENTED_EDGE('',*,*,#2952,.T.);
#4148=ORIENTED_EDGE('',*,*,#2947,.F.);
#4149=ORIENTED_EDGE('',*,*,#2954,.F.);
#4150=ORIENTED_EDGE('',*,*,#2955,.T.);
#4151=ORIENTED_EDGE('',*,*,#2954,.T.);
#4152=ORIENTED_EDGE('',*,*,#2956,.F.);
#4153=ORIENTED_EDGE('',*,*,#2957,.F.);
#4154=ORIENTED_EDGE('',*,*,#2874,.F.);
#4155=ORIENTED_EDGE('',*,*,#2950,.F.);
#4156=ORIENTED_EDGE('',*,*,#2958,.F.);
#4157=ORIENTED_EDGE('',*,*,#2959,.T.);
#4158=ORIENTED_EDGE('',*,*,#2960,.T.);
#4159=ORIENTED_EDGE('',*,*,#2958,.T.);
#4160=ORIENTED_EDGE('',*,*,#2951,.F.);
#4161=ORIENTED_EDGE('',*,*,#2961,.F.);
#4162=ORIENTED_EDGE('',*,*,#2962,.T.);
#4163=ORIENTED_EDGE('',*,*,#2961,.T.);
#4164=ORIENTED_EDGE('',*,*,#2953,.F.);
#4165=ORIENTED_EDGE('',*,*,#2963,.F.);
#4166=ORIENTED_EDGE('',*,*,#2964,.T.);
#4167=ORIENTED_EDGE('',*,*,#2963,.T.);
#4168=ORIENTED_EDGE('',*,*,#2955,.F.);
#4169=ORIENTED_EDGE('',*,*,#2957,.T.);
#4170=ORIENTED_EDGE('',*,*,#2956,.T.);
#4171=ORIENTED_EDGE('',*,*,#2948,.T.);
#4172=ORIENTED_EDGE('',*,*,#2940,.F.);
#4173=ORIENTED_EDGE('',*,*,#2942,.T.);
#4174=ORIENTED_EDGE('',*,*,#2941,.T.);
#4175=ORIENTED_EDGE('',*,*,#2828,.F.);
#4176=ORIENTED_EDGE('',*,*,#2838,.F.);
#4177=ORIENTED_EDGE('',*,*,#2837,.F.);
#4178=ORIENTED_EDGE('',*,*,#2836,.T.);
#4179=ORIENTED_EDGE('',*,*,#2844,.F.);
#4180=ORIENTED_EDGE('',*,*,#2965,.F.);
#4181=ORIENTED_EDGE('',*,*,#2966,.T.);
#4182=ORIENTED_EDGE('',*,*,#2872,.F.);
#4183=ORIENTED_EDGE('',*,*,#2959,.F.);
#4184=ORIENTED_EDGE('',*,*,#2967,.F.);
#4185=ORIENTED_EDGE('',*,*,#2839,.T.);
#4186=ORIENTED_EDGE('',*,*,#2967,.T.);
#4187=ORIENTED_EDGE('',*,*,#2960,.F.);
#4188=ORIENTED_EDGE('',*,*,#2968,.F.);
#4189=ORIENTED_EDGE('',*,*,#2841,.T.);
#4190=ORIENTED_EDGE('',*,*,#2968,.T.);
#4191=ORIENTED_EDGE('',*,*,#2962,.F.);
#4192=ORIENTED_EDGE('',*,*,#2969,.F.);
#4193=ORIENTED_EDGE('',*,*,#2843,.T.);
#4194=ORIENTED_EDGE('',*,*,#2969,.T.);
#4195=ORIENTED_EDGE('',*,*,#2964,.F.);
#4196=ORIENTED_EDGE('',*,*,#2966,.F.);
#4197=ORIENTED_EDGE('',*,*,#2965,.T.);
#4198=ORIENTED_EDGE('',*,*,#2970,.F.);
#4199=ORIENTED_EDGE('',*,*,#2971,.F.);
#4200=ORIENTED_EDGE('',*,*,#2972,.F.);
#4201=ORIENTED_EDGE('',*,*,#2973,.F.);
#4202=ORIENTED_EDGE('',*,*,#2974,.F.);
#4203=ORIENTED_EDGE('',*,*,#2972,.T.);
#4204=ORIENTED_EDGE('',*,*,#2975,.F.);
#4205=ORIENTED_EDGE('',*,*,#2976,.F.);
#4206=ORIENTED_EDGE('',*,*,#2977,.T.);
#4207=ORIENTED_EDGE('',*,*,#2978,.F.);
#4208=ORIENTED_EDGE('',*,*,#2979,.F.);
#4209=ORIENTED_EDGE('',*,*,#2980,.F.);
#4210=ORIENTED_EDGE('',*,*,#2981,.F.);
#4211=ORIENTED_EDGE('',*,*,#2982,.F.);
#4212=ORIENTED_EDGE('',*,*,#2983,.F.);
#4213=ORIENTED_EDGE('',*,*,#2984,.F.);
#4214=ORIENTED_EDGE('',*,*,#2981,.T.);
#4215=ORIENTED_EDGE('',*,*,#2985,.F.);
#4216=ORIENTED_EDGE('',*,*,#2986,.F.);
#4217=ORIENTED_EDGE('',*,*,#2987,.F.);
#4218=ORIENTED_EDGE('',*,*,#2988,.T.);
#4219=ORIENTED_EDGE('',*,*,#2989,.F.);
#4220=ORIENTED_EDGE('',*,*,#2975,.T.);
#4221=ORIENTED_EDGE('',*,*,#2971,.T.);
#4222=ORIENTED_EDGE('',*,*,#2990,.F.);
#4223=ORIENTED_EDGE('',*,*,#2986,.T.);
#4224=ORIENTED_EDGE('',*,*,#2991,.F.);
#4225=ORIENTED_EDGE('',*,*,#2980,.T.);
#4226=ORIENTED_EDGE('',*,*,#2992,.F.);
#4227=ORIENTED_EDGE('',*,*,#2993,.F.);
#4228=ORIENTED_EDGE('',*,*,#2994,.F.);
#4229=ORIENTED_EDGE('',*,*,#2995,.T.);
#4230=ORIENTED_EDGE('',*,*,#2996,.T.);
#4231=ORIENTED_EDGE('',*,*,#2976,.T.);
#4232=ORIENTED_EDGE('',*,*,#2991,.T.);
#4233=ORIENTED_EDGE('',*,*,#2997,.F.);
#4234=ORIENTED_EDGE('',*,*,#2998,.T.);
#4235=ORIENTED_EDGE('',*,*,#2999,.F.);
#4236=ORIENTED_EDGE('',*,*,#3000,.F.);
#4237=ORIENTED_EDGE('',*,*,#3001,.T.);
#4238=ORIENTED_EDGE('',*,*,#3002,.F.);
#4239=ORIENTED_EDGE('',*,*,#3003,.T.);
#4240=ORIENTED_EDGE('',*,*,#2978,.T.);
#4241=ORIENTED_EDGE('',*,*,#3004,.F.);
#4242=ORIENTED_EDGE('',*,*,#3005,.T.);
#4243=ORIENTED_EDGE('',*,*,#3006,.T.);
#4244=ORIENTED_EDGE('',*,*,#3007,.T.);
#4245=ORIENTED_EDGE('',*,*,#3008,.F.);
#4246=ORIENTED_EDGE('',*,*,#3009,.F.);
#4247=ORIENTED_EDGE('',*,*,#3010,.F.);
#4248=ORIENTED_EDGE('',*,*,#3011,.F.);
#4249=ORIENTED_EDGE('',*,*,#3012,.F.);
#4250=ORIENTED_EDGE('',*,*,#3013,.F.);
#4251=ORIENTED_EDGE('',*,*,#3010,.T.);
#4252=ORIENTED_EDGE('',*,*,#3014,.F.);
#4253=ORIENTED_EDGE('',*,*,#3015,.F.);
#4254=ORIENTED_EDGE('',*,*,#3016,.F.);
#4255=ORIENTED_EDGE('',*,*,#3017,.F.);
#4256=ORIENTED_EDGE('',*,*,#3015,.T.);
#4257=ORIENTED_EDGE('',*,*,#3018,.F.);
#4258=ORIENTED_EDGE('',*,*,#3019,.F.);
#4259=ORIENTED_EDGE('',*,*,#3020,.F.);
#4260=ORIENTED_EDGE('',*,*,#3012,.T.);
#4261=ORIENTED_EDGE('',*,*,#3021,.F.);
#4262=ORIENTED_EDGE('',*,*,#3019,.T.);
#4263=ORIENTED_EDGE('',*,*,#3022,.F.);
#4264=ORIENTED_EDGE('',*,*,#3023,.F.);
#4265=ORIENTED_EDGE('',*,*,#3024,.F.);
#4266=ORIENTED_EDGE('',*,*,#3025,.F.);
#4267=ORIENTED_EDGE('',*,*,#3026,.F.);
#4268=ORIENTED_EDGE('',*,*,#3023,.T.);
#4269=ORIENTED_EDGE('',*,*,#3027,.F.);
#4270=ORIENTED_EDGE('',*,*,#3020,.T.);
#4271=ORIENTED_EDGE('',*,*,#3028,.F.);
#4272=ORIENTED_EDGE('',*,*,#3029,.F.);
#4273=ORIENTED_EDGE('',*,*,#3030,.F.);
#4274=ORIENTED_EDGE('',*,*,#3009,.T.);
#4275=ORIENTED_EDGE('',*,*,#3030,.T.);
#4276=ORIENTED_EDGE('',*,*,#3031,.F.);
#4277=ORIENTED_EDGE('',*,*,#3032,.F.);
#4278=ORIENTED_EDGE('',*,*,#3033,.F.);
#4279=ORIENTED_EDGE('',*,*,#3034,.F.);
#4280=ORIENTED_EDGE('',*,*,#3035,.F.);
#4281=ORIENTED_EDGE('',*,*,#2995,.F.);
#4282=ORIENTED_EDGE('',*,*,#3036,.F.);
#4283=ORIENTED_EDGE('',*,*,#3034,.T.);
#4284=ORIENTED_EDGE('',*,*,#3037,.F.);
#4285=ORIENTED_EDGE('',*,*,#3038,.F.);
#4286=ORIENTED_EDGE('',*,*,#3039,.F.);
#4287=ORIENTED_EDGE('',*,*,#3006,.F.);
#4288=ORIENTED_EDGE('',*,*,#3040,.F.);
#4289=ORIENTED_EDGE('',*,*,#3005,.F.);
#4290=ORIENTED_EDGE('',*,*,#3041,.F.);
#4291=ORIENTED_EDGE('',*,*,#3040,.T.);
#4292=ORIENTED_EDGE('',*,*,#3033,.T.);
#4293=ORIENTED_EDGE('',*,*,#2994,.T.);
#4294=ORIENTED_EDGE('',*,*,#3042,.T.);
#4295=ORIENTED_EDGE('',*,*,#3043,.T.);
#4296=ORIENTED_EDGE('',*,*,#3037,.T.);
#4297=ORIENTED_EDGE('',*,*,#3038,.T.);
#4298=ORIENTED_EDGE('',*,*,#3043,.F.);
#4299=ORIENTED_EDGE('',*,*,#3044,.F.);
#4300=ORIENTED_EDGE('',*,*,#3045,.T.);
#4301=ORIENTED_EDGE('',*,*,#2979,.T.);
#4302=ORIENTED_EDGE('',*,*,#3008,.T.);
#4303=ORIENTED_EDGE('',*,*,#3007,.F.);
#4304=ORIENTED_EDGE('',*,*,#3039,.T.);
#4305=ORIENTED_EDGE('',*,*,#3045,.F.);
#4306=ORIENTED_EDGE('',*,*,#3046,.T.);
#4307=ORIENTED_EDGE('',*,*,#2992,.T.);
#4308=ORIENTED_EDGE('',*,*,#3046,.F.);
#4309=ORIENTED_EDGE('',*,*,#3044,.T.);
#4310=ORIENTED_EDGE('',*,*,#3042,.F.);
#4311=ORIENTED_EDGE('',*,*,#2993,.T.);
#4312=ORIENTED_EDGE('',*,*,#2985,.T.);
#4313=ORIENTED_EDGE('',*,*,#2997,.T.);
#4314=ORIENTED_EDGE('',*,*,#2989,.T.);
#4315=ORIENTED_EDGE('',*,*,#3047,.F.);
#4316=ORIENTED_EDGE('',*,*,#3022,.T.);
#4317=ORIENTED_EDGE('',*,*,#3021,.T.);
#4318=ORIENTED_EDGE('',*,*,#3011,.T.);
#4319=ORIENTED_EDGE('',*,*,#3013,.T.);
#4320=ORIENTED_EDGE('',*,*,#3048,.T.);
#4321=ORIENTED_EDGE('',*,*,#3027,.T.);
#4322=ORIENTED_EDGE('',*,*,#3048,.F.);
#4323=ORIENTED_EDGE('',*,*,#3017,.T.);
#4324=ORIENTED_EDGE('',*,*,#3049,.T.);
#4325=ORIENTED_EDGE('',*,*,#3050,.F.);
#4326=ORIENTED_EDGE('',*,*,#3001,.F.);
#4327=ORIENTED_EDGE('',*,*,#3051,.F.);
#4328=ORIENTED_EDGE('',*,*,#3052,.F.);
#4329=ORIENTED_EDGE('',*,*,#3052,.T.);
#4330=ORIENTED_EDGE('',*,*,#3053,.T.);
#4331=ORIENTED_EDGE('',*,*,#3054,.F.);
#4332=ORIENTED_EDGE('',*,*,#3055,.F.);
#4333=ORIENTED_EDGE('',*,*,#3056,.F.);
#4334=ORIENTED_EDGE('',*,*,#2998,.F.);
#4335=ORIENTED_EDGE('',*,*,#3057,.F.);
#4336=ORIENTED_EDGE('',*,*,#3058,.F.);
#4337=ORIENTED_EDGE('',*,*,#3058,.T.);
#4338=ORIENTED_EDGE('',*,*,#3059,.T.);
#4339=ORIENTED_EDGE('',*,*,#3060,.F.);
#4340=ORIENTED_EDGE('',*,*,#3061,.F.);
#4341=ORIENTED_EDGE('',*,*,#2974,.T.);
#4342=ORIENTED_EDGE('',*,*,#3062,.F.);
#4343=ORIENTED_EDGE('',*,*,#3031,.T.);
#4344=ORIENTED_EDGE('',*,*,#3029,.T.);
#4345=ORIENTED_EDGE('',*,*,#3063,.F.);
#4346=ORIENTED_EDGE('',*,*,#3064,.F.);
#4347=ORIENTED_EDGE('',*,*,#3065,.F.);
#4348=ORIENTED_EDGE('',*,*,#3066,.F.);
#4349=ORIENTED_EDGE('',*,*,#3067,.F.);
#4350=ORIENTED_EDGE('',*,*,#3065,.T.);
#4351=ORIENTED_EDGE('',*,*,#3068,.F.);
#4352=ORIENTED_EDGE('',*,*,#3069,.T.);
#4353=ORIENTED_EDGE('',*,*,#3066,.T.);
#4354=ORIENTED_EDGE('',*,*,#3069,.F.);
#4355=ORIENTED_EDGE('',*,*,#3070,.F.);
#4356=ORIENTED_EDGE('',*,*,#3002,.T.);
#4357=ORIENTED_EDGE('',*,*,#3050,.T.);
#4358=ORIENTED_EDGE('',*,*,#3055,.T.);
#4359=ORIENTED_EDGE('',*,*,#3071,.T.);
#4360=ORIENTED_EDGE('',*,*,#3072,.T.);
#4361=ORIENTED_EDGE('',*,*,#3073,.F.);
#4362=ORIENTED_EDGE('',*,*,#3074,.F.);
#4363=ORIENTED_EDGE('',*,*,#3075,.F.);
#4364=ORIENTED_EDGE('',*,*,#3072,.F.);
#4365=ORIENTED_EDGE('',*,*,#3076,.F.);
#4366=ORIENTED_EDGE('',*,*,#3076,.T.);
#4367=ORIENTED_EDGE('',*,*,#3071,.F.);
#4368=ORIENTED_EDGE('',*,*,#3054,.T.);
#4369=ORIENTED_EDGE('',*,*,#3077,.F.);
#4370=ORIENTED_EDGE('',*,*,#3067,.T.);
#4371=ORIENTED_EDGE('',*,*,#3073,.T.);
#4372=ORIENTED_EDGE('',*,*,#3075,.T.);
#4373=ORIENTED_EDGE('',*,*,#3078,.F.);
#4374=ORIENTED_EDGE('',*,*,#3064,.T.);
#4375=ORIENTED_EDGE('',*,*,#3078,.T.);
#4376=ORIENTED_EDGE('',*,*,#3074,.T.);
#4377=ORIENTED_EDGE('',*,*,#3077,.T.);
#4378=ORIENTED_EDGE('',*,*,#3053,.F.);
#4379=ORIENTED_EDGE('',*,*,#3051,.T.);
#4380=ORIENTED_EDGE('',*,*,#3003,.F.);
#4381=ORIENTED_EDGE('',*,*,#3070,.T.);
#4382=ORIENTED_EDGE('',*,*,#3068,.T.);
#4383=ORIENTED_EDGE('',*,*,#3079,.F.);
#4384=ORIENTED_EDGE('',*,*,#3080,.F.);
#4385=ORIENTED_EDGE('',*,*,#3081,.F.);
#4386=ORIENTED_EDGE('',*,*,#3082,.F.);
#4387=ORIENTED_EDGE('',*,*,#3080,.T.);
#4388=ORIENTED_EDGE('',*,*,#3083,.F.);
#4389=ORIENTED_EDGE('',*,*,#3084,.T.);
#4390=ORIENTED_EDGE('',*,*,#3085,.T.);
#4391=ORIENTED_EDGE('',*,*,#3081,.T.);
#4392=ORIENTED_EDGE('',*,*,#3085,.F.);
#4393=ORIENTED_EDGE('',*,*,#3086,.T.);
#4394=ORIENTED_EDGE('',*,*,#3087,.F.);
#4395=ORIENTED_EDGE('',*,*,#3088,.F.);
#4396=ORIENTED_EDGE('',*,*,#2999,.T.);
#4397=ORIENTED_EDGE('',*,*,#3056,.T.);
#4398=ORIENTED_EDGE('',*,*,#3061,.T.);
#4399=ORIENTED_EDGE('',*,*,#3089,.T.);
#4400=ORIENTED_EDGE('',*,*,#3090,.F.);
#4401=ORIENTED_EDGE('',*,*,#3091,.F.);
#4402=ORIENTED_EDGE('',*,*,#3086,.F.);
#4403=ORIENTED_EDGE('',*,*,#3084,.F.);
#4404=ORIENTED_EDGE('',*,*,#3082,.T.);
#4405=ORIENTED_EDGE('',*,*,#3089,.F.);
#4406=ORIENTED_EDGE('',*,*,#3060,.T.);
#4407=ORIENTED_EDGE('',*,*,#3092,.F.);
#4408=ORIENTED_EDGE('',*,*,#3079,.T.);
#4409=ORIENTED_EDGE('',*,*,#3092,.T.);
#4410=ORIENTED_EDGE('',*,*,#3059,.F.);
#4411=ORIENTED_EDGE('',*,*,#3057,.T.);
#4412=ORIENTED_EDGE('',*,*,#3000,.T.);
#4413=ORIENTED_EDGE('',*,*,#3088,.T.);
#4414=ORIENTED_EDGE('',*,*,#3093,.T.);
#4415=ORIENTED_EDGE('',*,*,#3090,.T.);
#4416=ORIENTED_EDGE('',*,*,#3083,.T.);
#4417=ORIENTED_EDGE('',*,*,#3091,.T.);
#4418=ORIENTED_EDGE('',*,*,#3093,.F.);
#4419=ORIENTED_EDGE('',*,*,#3087,.T.);
#4420=ORIENTED_EDGE('',*,*,#3094,.T.);
#4421=ORIENTED_EDGE('',*,*,#3095,.T.);
#4422=ORIENTED_EDGE('',*,*,#3096,.T.);
#4423=ORIENTED_EDGE('',*,*,#3097,.T.);
#4424=ORIENTED_EDGE('',*,*,#3098,.T.);
#4425=ORIENTED_EDGE('',*,*,#3097,.F.);
#4426=ORIENTED_EDGE('',*,*,#3099,.F.);
#4427=ORIENTED_EDGE('',*,*,#3100,.T.);
#4428=ORIENTED_EDGE('',*,*,#3101,.T.);
#4429=ORIENTED_EDGE('',*,*,#3096,.F.);
#4430=ORIENTED_EDGE('',*,*,#3102,.F.);
#4431=ORIENTED_EDGE('',*,*,#3103,.F.);
#4432=ORIENTED_EDGE('',*,*,#3104,.F.);
#4433=ORIENTED_EDGE('',*,*,#3105,.F.);
#4434=ORIENTED_EDGE('',*,*,#3106,.F.);
#4435=ORIENTED_EDGE('',*,*,#3018,.T.);
#4436=ORIENTED_EDGE('',*,*,#3014,.T.);
#4437=ORIENTED_EDGE('',*,*,#3032,.T.);
#4438=ORIENTED_EDGE('',*,*,#3062,.T.);
#4439=ORIENTED_EDGE('',*,*,#2973,.T.);
#4440=ORIENTED_EDGE('',*,*,#2977,.F.);
#4441=ORIENTED_EDGE('',*,*,#2996,.F.);
#4442=ORIENTED_EDGE('',*,*,#3035,.T.);
#4443=ORIENTED_EDGE('',*,*,#3036,.T.);
#4444=ORIENTED_EDGE('',*,*,#3041,.T.);
#4445=ORIENTED_EDGE('',*,*,#3004,.T.);
#4446=ORIENTED_EDGE('',*,*,#2982,.T.);
#4447=ORIENTED_EDGE('',*,*,#2984,.T.);
#4448=ORIENTED_EDGE('',*,*,#3107,.F.);
#4449=ORIENTED_EDGE('',*,*,#3108,.F.);
#4450=ORIENTED_EDGE('',*,*,#3109,.F.);
#4451=ORIENTED_EDGE('',*,*,#3110,.F.);
#4452=ORIENTED_EDGE('',*,*,#3111,.F.);
#4453=ORIENTED_EDGE('',*,*,#3112,.F.);
#4454=ORIENTED_EDGE('',*,*,#3113,.F.);
#4455=ORIENTED_EDGE('',*,*,#3114,.T.);
#4456=ORIENTED_EDGE('',*,*,#3099,.T.);
#4457=ORIENTED_EDGE('',*,*,#3115,.T.);
#4458=ORIENTED_EDGE('',*,*,#3109,.T.);
#4459=ORIENTED_EDGE('',*,*,#3116,.T.);
#4460=ORIENTED_EDGE('',*,*,#3117,.T.);
#4461=ORIENTED_EDGE('',*,*,#3118,.T.);
#4462=ORIENTED_EDGE('',*,*,#3119,.T.);
#4463=ORIENTED_EDGE('',*,*,#3120,.T.);
#4464=ORIENTED_EDGE('',*,*,#3116,.F.);
#4465=ORIENTED_EDGE('',*,*,#3108,.T.);
#4466=ORIENTED_EDGE('',*,*,#3121,.F.);
#4467=ORIENTED_EDGE('',*,*,#3119,.F.);
#4468=ORIENTED_EDGE('',*,*,#3107,.T.);
#4469=ORIENTED_EDGE('',*,*,#2983,.T.);
#4470=ORIENTED_EDGE('',*,*,#3121,.T.);
#4471=ORIENTED_EDGE('',*,*,#3047,.T.);
#4472=ORIENTED_EDGE('',*,*,#3122,.T.);
#4473=ORIENTED_EDGE('',*,*,#3123,.F.);
#4474=ORIENTED_EDGE('',*,*,#3124,.F.);
#4475=ORIENTED_EDGE('',*,*,#3125,.T.);
#4476=ORIENTED_EDGE('',*,*,#3122,.F.);
#4477=ORIENTED_EDGE('',*,*,#2988,.F.);
#4478=ORIENTED_EDGE('',*,*,#3126,.T.);
#4479=ORIENTED_EDGE('',*,*,#3127,.T.);
#4480=ORIENTED_EDGE('',*,*,#3125,.F.);
#4481=ORIENTED_EDGE('',*,*,#3128,.T.);
#4482=ORIENTED_EDGE('',*,*,#3101,.F.);
#4483=ORIENTED_EDGE('',*,*,#3129,.T.);
#4484=ORIENTED_EDGE('',*,*,#3126,.F.);
#4485=ORIENTED_EDGE('',*,*,#3130,.T.);
#4486=ORIENTED_EDGE('',*,*,#3098,.F.);
#4487=ORIENTED_EDGE('',*,*,#3117,.F.);
#4488=ORIENTED_EDGE('',*,*,#3131,.T.);
#4489=ORIENTED_EDGE('',*,*,#3129,.F.);
#4490=ORIENTED_EDGE('',*,*,#3100,.F.);
#4491=ORIENTED_EDGE('',*,*,#3114,.F.);
#4492=ORIENTED_EDGE('',*,*,#3132,.F.);
#4493=ORIENTED_EDGE('',*,*,#3133,.T.);
#4494=ORIENTED_EDGE('',*,*,#3134,.T.);
#4495=ORIENTED_EDGE('',*,*,#3135,.T.);
#4496=ORIENTED_EDGE('',*,*,#3136,.F.);
#4497=ORIENTED_EDGE('',*,*,#3137,.T.);
#4498=ORIENTED_EDGE('',*,*,#3138,.T.);
#4499=ORIENTED_EDGE('',*,*,#3139,.F.);
#4500=ORIENTED_EDGE('',*,*,#3140,.F.);
#4501=ORIENTED_EDGE('',*,*,#3141,.T.);
#4502=ORIENTED_EDGE('',*,*,#3130,.F.);
#4503=ORIENTED_EDGE('',*,*,#3128,.F.);
#4504=ORIENTED_EDGE('',*,*,#3124,.T.);
#4505=ORIENTED_EDGE('',*,*,#2987,.T.);
#4506=ORIENTED_EDGE('',*,*,#2990,.T.);
#4507=ORIENTED_EDGE('',*,*,#2970,.T.);
#4508=ORIENTED_EDGE('',*,*,#3063,.T.);
#4509=ORIENTED_EDGE('',*,*,#3028,.T.);
#4510=ORIENTED_EDGE('',*,*,#3024,.T.);
#4511=ORIENTED_EDGE('',*,*,#3026,.T.);
#4512=ORIENTED_EDGE('',*,*,#3142,.T.);
#4513=ORIENTED_EDGE('',*,*,#3143,.F.);
#4514=ORIENTED_EDGE('',*,*,#3144,.F.);
#4515=ORIENTED_EDGE('',*,*,#3145,.F.);
#4516=ORIENTED_EDGE('',*,*,#3146,.F.);
#4517=ORIENTED_EDGE('',*,*,#3094,.F.);
#4518=ORIENTED_EDGE('',*,*,#3115,.F.);
#4519=ORIENTED_EDGE('',*,*,#3147,.T.);
#4520=ORIENTED_EDGE('',*,*,#3148,.F.);
#4521=ORIENTED_EDGE('',*,*,#3149,.F.);
#4522=ORIENTED_EDGE('',*,*,#3150,.F.);
#4523=ORIENTED_EDGE('',*,*,#3110,.T.);
#4524=ORIENTED_EDGE('',*,*,#3151,.T.);
#4525=ORIENTED_EDGE('',*,*,#3152,.T.);
#4526=ORIENTED_EDGE('',*,*,#3153,.T.);
#4527=ORIENTED_EDGE('',*,*,#3154,.T.);
#4528=ORIENTED_EDGE('',*,*,#3155,.T.);
#4529=ORIENTED_EDGE('',*,*,#3156,.T.);
#4530=ORIENTED_EDGE('',*,*,#3104,.T.);
#4531=ORIENTED_EDGE('',*,*,#3154,.F.);
#4532=ORIENTED_EDGE('',*,*,#3157,.T.);
#4533=ORIENTED_EDGE('',*,*,#3105,.T.);
#4534=ORIENTED_EDGE('',*,*,#3156,.F.);
#4535=ORIENTED_EDGE('',*,*,#3158,.T.);
#4536=ORIENTED_EDGE('',*,*,#3159,.T.);
#4537=ORIENTED_EDGE('',*,*,#3160,.T.);
#4538=ORIENTED_EDGE('',*,*,#3152,.F.);
#4539=ORIENTED_EDGE('',*,*,#3161,.T.);
#4540=ORIENTED_EDGE('',*,*,#3106,.T.);
#4541=ORIENTED_EDGE('',*,*,#3157,.F.);
#4542=ORIENTED_EDGE('',*,*,#3162,.T.);
#4543=ORIENTED_EDGE('',*,*,#3016,.T.);
#4544=ORIENTED_EDGE('',*,*,#3159,.F.);
#4545=ORIENTED_EDGE('',*,*,#3144,.T.);
#4546=ORIENTED_EDGE('',*,*,#3163,.T.);
#4547=ORIENTED_EDGE('',*,*,#3164,.T.);
#4548=ORIENTED_EDGE('',*,*,#3165,.T.);
#4549=ORIENTED_EDGE('',*,*,#3166,.T.);
#4550=ORIENTED_EDGE('',*,*,#3163,.F.);
#4551=ORIENTED_EDGE('',*,*,#3143,.T.);
#4552=ORIENTED_EDGE('',*,*,#3167,.T.);
#4553=ORIENTED_EDGE('',*,*,#3165,.F.);
#4554=ORIENTED_EDGE('',*,*,#3142,.F.);
#4555=ORIENTED_EDGE('',*,*,#3025,.T.);
#4556=ORIENTED_EDGE('',*,*,#3161,.F.);
#4557=ORIENTED_EDGE('',*,*,#3168,.T.);
#4558=ORIENTED_EDGE('',*,*,#3169,.T.);
#4559=ORIENTED_EDGE('',*,*,#3145,.T.);
#4560=ORIENTED_EDGE('',*,*,#3151,.F.);
#4561=ORIENTED_EDGE('',*,*,#3103,.T.);
#4562=ORIENTED_EDGE('',*,*,#3170,.T.);
#4563=ORIENTED_EDGE('',*,*,#3168,.F.);
#4564=ORIENTED_EDGE('',*,*,#3171,.T.);
#4565=ORIENTED_EDGE('',*,*,#3132,.T.);
#4566=ORIENTED_EDGE('',*,*,#3113,.T.);
#4567=ORIENTED_EDGE('',*,*,#3172,.T.);
#4568=ORIENTED_EDGE('',*,*,#3112,.T.);
#4569=ORIENTED_EDGE('',*,*,#3173,.T.);
#4570=ORIENTED_EDGE('',*,*,#3149,.T.);
#4571=ORIENTED_EDGE('',*,*,#3174,.T.);
#4572=ORIENTED_EDGE('',*,*,#3175,.T.);
#4573=ORIENTED_EDGE('',*,*,#3176,.T.);
#4574=ORIENTED_EDGE('',*,*,#3172,.F.);
#4575=ORIENTED_EDGE('',*,*,#3150,.T.);
#4576=ORIENTED_EDGE('',*,*,#3173,.F.);
#4577=ORIENTED_EDGE('',*,*,#3111,.T.);
#4578=ORIENTED_EDGE('',*,*,#3171,.F.);
#4579=ORIENTED_EDGE('',*,*,#3176,.F.);
#4580=ORIENTED_EDGE('',*,*,#3177,.F.);
#4581=ORIENTED_EDGE('',*,*,#3178,.F.);
#4582=ORIENTED_EDGE('',*,*,#3133,.F.);
#4583=ORIENTED_EDGE('',*,*,#3175,.F.);
#4584=ORIENTED_EDGE('',*,*,#3179,.F.);
#4585=ORIENTED_EDGE('',*,*,#3180,.T.);
#4586=ORIENTED_EDGE('',*,*,#3177,.T.);
#4587=ORIENTED_EDGE('',*,*,#3118,.F.);
#4588=ORIENTED_EDGE('',*,*,#3135,.F.);
#4589=ORIENTED_EDGE('',*,*,#3181,.F.);
#4590=ORIENTED_EDGE('',*,*,#3179,.T.);
#4591=ORIENTED_EDGE('',*,*,#3174,.F.);
#4592=ORIENTED_EDGE('',*,*,#3148,.T.);
#4593=ORIENTED_EDGE('',*,*,#3147,.F.);
#4594=ORIENTED_EDGE('',*,*,#3181,.T.);
#4595=ORIENTED_EDGE('',*,*,#3134,.F.);
#4596=ORIENTED_EDGE('',*,*,#3178,.T.);
#4597=ORIENTED_EDGE('',*,*,#3180,.F.);
#4598=ORIENTED_EDGE('',*,*,#3120,.F.);
#4599=ORIENTED_EDGE('',*,*,#3123,.T.);
#4600=ORIENTED_EDGE('',*,*,#3127,.F.);
#4601=ORIENTED_EDGE('',*,*,#3131,.F.);
#4602=ORIENTED_EDGE('',*,*,#3164,.F.);
#4603=ORIENTED_EDGE('',*,*,#3182,.F.);
#4604=ORIENTED_EDGE('',*,*,#3155,.F.);
#4605=ORIENTED_EDGE('',*,*,#3153,.F.);
#4606=ORIENTED_EDGE('',*,*,#3160,.F.);
#4607=ORIENTED_EDGE('',*,*,#3166,.F.);
#4608=ORIENTED_EDGE('',*,*,#3183,.F.);
#4609=ORIENTED_EDGE('',*,*,#3158,.F.);
#4610=ORIENTED_EDGE('',*,*,#3182,.T.);
#4611=ORIENTED_EDGE('',*,*,#3167,.F.);
#4612=ORIENTED_EDGE('',*,*,#3049,.F.);
#4613=ORIENTED_EDGE('',*,*,#3162,.F.);
#4614=ORIENTED_EDGE('',*,*,#3183,.T.);
#4615=ORIENTED_EDGE('',*,*,#3184,.T.);
#4616=ORIENTED_EDGE('',*,*,#3185,.T.);
#4617=ORIENTED_EDGE('',*,*,#3186,.T.);
#4618=ORIENTED_EDGE('',*,*,#3139,.T.);
#4619=ORIENTED_EDGE('',*,*,#3185,.F.);
#4620=ORIENTED_EDGE('',*,*,#3187,.T.);
#4621=ORIENTED_EDGE('',*,*,#3188,.T.);
#4622=ORIENTED_EDGE('',*,*,#3189,.F.);
#4623=ORIENTED_EDGE('',*,*,#3190,.T.);
#4624=ORIENTED_EDGE('',*,*,#3191,.T.);
#4625=ORIENTED_EDGE('',*,*,#3192,.T.);
#4626=ORIENTED_EDGE('',*,*,#3136,.T.);
#4627=ORIENTED_EDGE('',*,*,#3191,.F.);
#4628=ORIENTED_EDGE('',*,*,#3193,.T.);
#4629=ORIENTED_EDGE('',*,*,#3194,.T.);
#4630=ORIENTED_EDGE('',*,*,#3195,.F.);
#4631=ORIENTED_EDGE('',*,*,#3095,.F.);
#4632=ORIENTED_EDGE('',*,*,#3146,.T.);
#4633=ORIENTED_EDGE('',*,*,#3169,.F.);
#4634=ORIENTED_EDGE('',*,*,#3170,.F.);
#4635=ORIENTED_EDGE('',*,*,#3102,.T.);
#4636=ORIENTED_EDGE('',*,*,#3196,.T.);
#4637=ORIENTED_EDGE('',*,*,#3197,.T.);
#4638=ORIENTED_EDGE('',*,*,#3198,.T.);
#4639=ORIENTED_EDGE('',*,*,#3199,.T.);
#4640=ORIENTED_EDGE('',*,*,#3199,.F.);
#4641=ORIENTED_EDGE('',*,*,#3200,.F.);
#4642=ORIENTED_EDGE('',*,*,#3201,.T.);
#4643=ORIENTED_EDGE('',*,*,#3198,.F.);
#4644=ORIENTED_EDGE('',*,*,#3202,.T.);
#4645=ORIENTED_EDGE('',*,*,#3203,.F.);
#4646=ORIENTED_EDGE('',*,*,#3204,.F.);
#4647=ORIENTED_EDGE('',*,*,#3187,.F.);
#4648=ORIENTED_EDGE('',*,*,#3184,.F.);
#4649=ORIENTED_EDGE('',*,*,#3141,.F.);
#4650=ORIENTED_EDGE('',*,*,#3205,.T.);
#4651=ORIENTED_EDGE('',*,*,#3200,.T.);
#4652=ORIENTED_EDGE('',*,*,#3206,.T.);
#4653=ORIENTED_EDGE('',*,*,#3207,.T.);
#4654=ORIENTED_EDGE('',*,*,#3203,.T.);
#4655=ORIENTED_EDGE('',*,*,#3208,.T.);
#4656=ORIENTED_EDGE('',*,*,#3207,.F.);
#4657=ORIENTED_EDGE('',*,*,#3209,.T.);
#4658=ORIENTED_EDGE('',*,*,#3188,.F.);
#4659=ORIENTED_EDGE('',*,*,#3204,.T.);
#4660=ORIENTED_EDGE('',*,*,#3197,.F.);
#4661=ORIENTED_EDGE('',*,*,#3210,.T.);
#4662=ORIENTED_EDGE('',*,*,#3208,.F.);
#4663=ORIENTED_EDGE('',*,*,#3202,.F.);
#4664=ORIENTED_EDGE('',*,*,#3196,.F.);
#4665=ORIENTED_EDGE('',*,*,#3201,.F.);
#4666=ORIENTED_EDGE('',*,*,#3205,.F.);
#4667=ORIENTED_EDGE('',*,*,#3140,.T.);
#4668=ORIENTED_EDGE('',*,*,#3186,.F.);
#4669=ORIENTED_EDGE('',*,*,#3189,.T.);
#4670=ORIENTED_EDGE('',*,*,#3209,.F.);
#4671=ORIENTED_EDGE('',*,*,#3206,.F.);
#4672=ORIENTED_EDGE('',*,*,#3210,.F.);
#4673=ORIENTED_EDGE('',*,*,#3211,.T.);
#4674=ORIENTED_EDGE('',*,*,#3212,.T.);
#4675=ORIENTED_EDGE('',*,*,#3213,.T.);
#4676=ORIENTED_EDGE('',*,*,#3214,.T.);
#4677=ORIENTED_EDGE('',*,*,#3214,.F.);
#4678=ORIENTED_EDGE('',*,*,#3215,.F.);
#4679=ORIENTED_EDGE('',*,*,#3216,.F.);
#4680=ORIENTED_EDGE('',*,*,#3217,.T.);
#4681=ORIENTED_EDGE('',*,*,#3213,.F.);
#4682=ORIENTED_EDGE('',*,*,#3218,.F.);
#4683=ORIENTED_EDGE('',*,*,#3193,.F.);
#4684=ORIENTED_EDGE('',*,*,#3190,.F.);
#4685=ORIENTED_EDGE('',*,*,#3138,.F.);
#4686=ORIENTED_EDGE('',*,*,#3219,.T.);
#4687=ORIENTED_EDGE('',*,*,#3220,.T.);
#4688=ORIENTED_EDGE('',*,*,#3221,.F.);
#4689=ORIENTED_EDGE('',*,*,#3215,.T.);
#4690=ORIENTED_EDGE('',*,*,#3222,.T.);
#4691=ORIENTED_EDGE('',*,*,#3216,.T.);
#4692=ORIENTED_EDGE('',*,*,#3221,.T.);
#4693=ORIENTED_EDGE('',*,*,#3223,.T.);
#4694=ORIENTED_EDGE('',*,*,#3212,.F.);
#4695=ORIENTED_EDGE('',*,*,#3224,.T.);
#4696=ORIENTED_EDGE('',*,*,#3194,.F.);
#4697=ORIENTED_EDGE('',*,*,#3218,.T.);
#4698=ORIENTED_EDGE('',*,*,#3211,.F.);
#4699=ORIENTED_EDGE('',*,*,#3217,.F.);
#4700=ORIENTED_EDGE('',*,*,#3222,.F.);
#4701=ORIENTED_EDGE('',*,*,#3225,.F.);
#4702=ORIENTED_EDGE('',*,*,#3219,.F.);
#4703=ORIENTED_EDGE('',*,*,#3137,.F.);
#4704=ORIENTED_EDGE('',*,*,#3192,.F.);
#4705=ORIENTED_EDGE('',*,*,#3195,.T.);
#4706=ORIENTED_EDGE('',*,*,#3224,.F.);
#4707=ORIENTED_EDGE('',*,*,#3223,.F.);
#4708=ORIENTED_EDGE('',*,*,#3220,.F.);
#4709=ORIENTED_EDGE('',*,*,#3225,.T.);
#4710=CONICAL_SURFACE('',#5071,15.8,0.785398163397451);
#4711=CONICAL_SURFACE('',#5076,16.05,0.785398163397442);
#4712=CONICAL_SURFACE('',#5079,15.6,0.291456794477868);
#4713=CONICAL_SURFACE('',#5149,30.0675784409087,0.872664625997164);
#4714=CONICAL_SURFACE('',#5160,13.8397459621555,1.0471975511966);
#4715=CONICAL_SURFACE('',#5170,30.0675784409087,0.872664625997164);
#4716=CONICAL_SURFACE('',#5179,13.8397459621556,1.0471975511966);
#4717=CONICAL_SURFACE('',#5181,15.8,0.785398163397451);
#4718=CONICAL_SURFACE('',#5186,16.05,0.785398163397442);
#4719=CONICAL_SURFACE('',#5189,15.6,0.291456794477868);
#4720=CONICAL_SURFACE('',#5282,30.0675784409087,0.872664625997164);
#4721=CONICAL_SURFACE('',#5291,13.8397459621555,1.0471975511966);
#4722=CONICAL_SURFACE('',#5301,30.0675784409087,0.872664625997164);
#4723=CONICAL_SURFACE('',#5310,13.8397459621556,1.0471975511966);
#4724=CONICAL_SURFACE('',#5326,28.,0.785398163397446);
#4725=CONICAL_SURFACE('',#5389,34.0405470640158,0.872664625985873);
#4726=CONICAL_SURFACE('',#5401,34.0405470640158,0.872664625985873);
#4727=CONICAL_SURFACE('',#5409,28.,0.785398163397446);
#4728=CONICAL_SURFACE('',#5489,34.0405470640158,0.872664625985873);
#4729=CONICAL_SURFACE('',#5501,34.0405470640158,0.872664625985873);
#4730=CONICAL_SURFACE('',#5560,28.0282485578728,0.785398163397447);
#4731=CONICAL_SURFACE('',#5574,15.5,0.78539816339745);
#4732=CONICAL_SURFACE('',#5579,15.5,0.78539816339745);
#4733=CONICAL_SURFACE('',#5585,15.7,0.785398163397437);
#4734=CONICAL_SURFACE('',#5591,15.5,0.785398163397461);
#4735=CONICAL_SURFACE('',#5655,28.0282485578728,0.785398163397447);
#4736=CONICAL_SURFACE('',#5670,15.5,0.78539816339745);
#4737=CONICAL_SURFACE('',#5675,15.5,0.78539816339745);
#4738=CONICAL_SURFACE('',#5681,15.7,0.785398163397437);
#4739=CONICAL_SURFACE('',#5687,15.5,0.785398163397461);
#4740=ADVANCED_FACE('',(#403),#4710,.F.);
#4741=ADVANCED_FACE('',(#404),#287,.F.);
#4742=ADVANCED_FACE('',(#405),#4711,.F.);
#4743=ADVANCED_FACE('',(#406),#192,.F.);
#4744=ADVANCED_FACE('',(#407),#4712,.F.);
#4745=ADVANCED_FACE('',(#408),#288,.F.);
#4746=ADVANCED_FACE('',(#409,#181),#193,.F.);
#4747=ADVANCED_FACE('',(#410),#125,.T.);
#4748=ADVANCED_FACE('',(#411),#289,.T.);
#4749=ADVANCED_FACE('',(#412),#126,.T.);
#4750=ADVANCED_FACE('',(#413),#290,.T.);
#4751=ADVANCED_FACE('',(#414),#127,.T.);
#4752=ADVANCED_FACE('',(#415),#291,.T.);
#4753=ADVANCED_FACE('',(#416),#292,.T.);
#4754=ADVANCED_FACE('',(#417),#293,.T.);
#4755=ADVANCED_FACE('',(#418),#128,.T.);
#4756=ADVANCED_FACE('',(#419),#294,.T.);
#4757=ADVANCED_FACE('',(#420),#129,.T.);
#4758=ADVANCED_FACE('',(#421),#130,.F.);
#4759=ADVANCED_FACE('',(#422),#295,.F.);
#4760=ADVANCED_FACE('',(#423),#131,.F.);
#4761=ADVANCED_FACE('',(#424),#296,.F.);
#4762=ADVANCED_FACE('',(#425),#132,.F.);
#4763=ADVANCED_FACE('',(#426),#133,.T.);
#4764=ADVANCED_FACE('',(#427),#297,.T.);
#4765=ADVANCED_FACE('',(#428),#134,.T.);
#4766=ADVANCED_FACE('',(#429),#298,.F.);
#4767=ADVANCED_FACE('',(#430),#194,.T.);
#4768=ADVANCED_FACE('',(#431),#4713,.T.);
#4769=ADVANCED_FACE('',(#432),#105,.T.);
#4770=ADVANCED_FACE('',(#433),#299,.T.);
#4771=ADVANCED_FACE('',(#434),#300,.F.);
#4772=ADVANCED_FACE('',(#435),#106,.F.);
#4773=ADVANCED_FACE('',(#436),#4714,.F.);
#4774=ADVANCED_FACE('',(#437),#195,.F.);
#4775=ADVANCED_FACE('',(#438),#301,.T.);
#4776=ADVANCED_FACE('',(#439),#196,.F.);
#4777=ADVANCED_FACE('',(#440),#197,.F.);
#4778=ADVANCED_FACE('',(#441),#302,.F.);
#4779=ADVANCED_FACE('',(#442),#198,.F.);
#4780=ADVANCED_FACE('',(#443),#4715,.T.);
#4781=ADVANCED_FACE('',(#444),#107,.T.);
#4782=ADVANCED_FACE('',(#445),#303,.T.);
#4783=ADVANCED_FACE('',(#446),#304,.F.);
#4784=ADVANCED_FACE('',(#447),#108,.F.);
#4785=ADVANCED_FACE('',(#448),#4716,.F.);
#4786=ADVANCED_FACE('',(#449),#4717,.F.);
#4787=ADVANCED_FACE('',(#450),#305,.F.);
#4788=ADVANCED_FACE('',(#451),#4718,.F.);
#4789=ADVANCED_FACE('',(#452),#199,.T.);
#4790=ADVANCED_FACE('',(#453),#4719,.F.);
#4791=ADVANCED_FACE('',(#454),#306,.F.);
#4792=ADVANCED_FACE('',(#455,#182),#200,.T.);
#4793=ADVANCED_FACE('',(#456),#307,.T.);
#4794=ADVANCED_FACE('',(#457),#135,.T.);
#4795=ADVANCED_FACE('',(#458),#308,.T.);
#4796=ADVANCED_FACE('',(#459),#309,.T.);
#4797=ADVANCED_FACE('',(#460),#136,.T.);
#4798=ADVANCED_FACE('',(#461),#310,.T.);
#4799=ADVANCED_FACE('',(#462),#137,.T.);
#4800=ADVANCED_FACE('',(#463),#311,.T.);
#4801=ADVANCED_FACE('',(#464),#201,.T.);
#4802=ADVANCED_FACE('',(#465),#312,.T.);
#4803=ADVANCED_FACE('',(#466),#313,.T.);
#4804=ADVANCED_FACE('',(#467),#202,.T.);
#4805=ADVANCED_FACE('',(#468),#314,.T.);
#4806=ADVANCED_FACE('',(#469),#138,.T.);
#4807=ADVANCED_FACE('',(#470),#315,.T.);
#4808=ADVANCED_FACE('',(#471),#139,.T.);
#4809=ADVANCED_FACE('',(#472),#316,.T.);
#4810=ADVANCED_FACE('',(#473,#183),#203,.T.);
#4811=ADVANCED_FACE('',(#474),#317,.F.);
#4812=ADVANCED_FACE('',(#475),#140,.F.);
#4813=ADVANCED_FACE('',(#476),#318,.F.);
#4814=ADVANCED_FACE('',(#477),#204,.F.);
#4815=ADVANCED_FACE('',(#478),#319,.F.);
#4816=ADVANCED_FACE('',(#479),#141,.F.);
#4817=ADVANCED_FACE('',(#480),#320,.F.);
#4818=ADVANCED_FACE('',(#481),#142,.F.);
#4819=ADVANCED_FACE('',(#482),#321,.F.);
#4820=ADVANCED_FACE('',(#483,#184),#205,.T.);
#4821=ADVANCED_FACE('',(#484),#322,.T.);
#4822=ADVANCED_FACE('',(#485),#143,.T.);
#4823=ADVANCED_FACE('',(#486),#323,.T.);
#4824=ADVANCED_FACE('',(#487),#144,.T.);
#4825=ADVANCED_FACE('',(#488),#324,.T.);
#4826=ADVANCED_FACE('',(#489),#325,.F.);
#4827=ADVANCED_FACE('',(#490),#206,.F.);
#4828=ADVANCED_FACE('',(#491),#207,.F.);
#4829=ADVANCED_FACE('',(#492),#208,.T.);
#4830=ADVANCED_FACE('',(#493),#326,.T.);
#4831=ADVANCED_FACE('',(#494),#209,.T.);
#4832=ADVANCED_FACE('',(#495),#210,.T.);
#4833=ADVANCED_FACE('',(#496),#327,.F.);
#4834=ADVANCED_FACE('',(#497),#211,.T.);
#4835=ADVANCED_FACE('',(#498),#4720,.T.);
#4836=ADVANCED_FACE('',(#499),#109,.F.);
#4837=ADVANCED_FACE('',(#500),#328,.T.);
#4838=ADVANCED_FACE('',(#501),#329,.F.);
#4839=ADVANCED_FACE('',(#502),#110,.T.);
#4840=ADVANCED_FACE('',(#503),#4721,.F.);
#4841=ADVANCED_FACE('',(#504),#212,.T.);
#4842=ADVANCED_FACE('',(#505),#330,.T.);
#4843=ADVANCED_FACE('',(#506),#213,.T.);
#4844=ADVANCED_FACE('',(#507),#214,.T.);
#4845=ADVANCED_FACE('',(#508),#331,.F.);
#4846=ADVANCED_FACE('',(#509),#215,.T.);
#4847=ADVANCED_FACE('',(#510),#4722,.T.);
#4848=ADVANCED_FACE('',(#511),#111,.F.);
#4849=ADVANCED_FACE('',(#512),#332,.T.);
#4850=ADVANCED_FACE('',(#513),#333,.F.);
#4851=ADVANCED_FACE('',(#514),#112,.T.);
#4852=ADVANCED_FACE('',(#515),#4723,.F.);
#4853=ADVANCED_FACE('',(#516),#216,.T.);
#4854=ADVANCED_FACE('',(#517),#217,.T.);
#4855=ADVANCED_FACE('',(#518),#334,.T.);
#4856=ADVANCED_FACE('',(#519),#218,.T.);
#4857=ADVANCED_FACE('',(#520),#219,.T.);
#4858=ADVANCED_FACE('',(#521),#335,.F.);
#4859=ADVANCED_FACE('',(#522),#220,.T.);
#4860=ADVANCED_FACE('',(#523),#221,.T.);
#4861=ADVANCED_FACE('',(#524),#89,.F.);
#4862=ADVANCED_FACE('',(#525),#90,.F.);
#4863=ADVANCED_FACE('',(#526),#222,.F.);
#4864=ADVANCED_FACE('',(#527),#91,.F.);
#4865=ADVANCED_FACE('',(#528),#223,.T.);
#4866=ADVANCED_FACE('',(#529),#224,.F.);
#4867=ADVANCED_FACE('',(#530),#4724,.T.);
#4868=ADVANCED_FACE('',(#531),#336,.F.);
#4869=ADVANCED_FACE('',(#532),#337,.T.);
#4870=ADVANCED_FACE('',(#533),#145,.T.);
#4871=ADVANCED_FACE('',(#534),#338,.T.);
#4872=ADVANCED_FACE('',(#535),#146,.T.);
#4873=ADVANCED_FACE('',(#536),#339,.T.);
#4874=ADVANCED_FACE('',(#537),#147,.T.);
#4875=ADVANCED_FACE('',(#538),#340,.F.);
#4876=ADVANCED_FACE('',(#539),#225,.T.);
#4877=ADVANCED_FACE('',(#540),#341,.F.);
#4878=ADVANCED_FACE('',(#541),#148,.F.);
#4879=ADVANCED_FACE('',(#542),#149,.T.);
#4880=ADVANCED_FACE('',(#543),#342,.T.);
#4881=ADVANCED_FACE('',(#544),#150,.T.);
#4882=ADVANCED_FACE('',(#545),#343,.F.);
#4883=ADVANCED_FACE('',(#546),#226,.F.);
#4884=ADVANCED_FACE('',(#547),#344,.F.);
#4885=ADVANCED_FACE('',(#548),#151,.F.);
#4886=ADVANCED_FACE('',(#549),#345,.F.);
#4887=ADVANCED_FACE('',(#550),#152,.F.);
#4888=ADVANCED_FACE('',(#551),#346,.T.);
#4889=ADVANCED_FACE('',(#552),#153,.T.);
#4890=ADVANCED_FACE('',(#553),#4725,.T.);
#4891=ADVANCED_FACE('',(#554,#185),#227,.F.);
#4892=ADVANCED_FACE('',(#555),#347,.T.);
#4893=ADVANCED_FACE('',(#556),#228,.F.);
#4894=ADVANCED_FACE('',(#557),#229,.F.);
#4895=ADVANCED_FACE('',(#558),#348,.T.);
#4896=ADVANCED_FACE('',(#559),#154,.T.);
#4897=ADVANCED_FACE('',(#560),#4726,.T.);
#4898=ADVANCED_FACE('',(#561),#92,.T.);
#4899=ADVANCED_FACE('',(#562),#93,.T.);
#4900=ADVANCED_FACE('',(#563),#230,.T.);
#4901=ADVANCED_FACE('',(#564),#94,.T.);
#4902=ADVANCED_FACE('',(#565),#231,.F.);
#4903=ADVANCED_FACE('',(#566),#232,.T.);
#4904=ADVANCED_FACE('',(#567),#4727,.T.);
#4905=ADVANCED_FACE('',(#568),#349,.F.);
#4906=ADVANCED_FACE('',(#569),#350,.T.);
#4907=ADVANCED_FACE('',(#570),#351,.T.);
#4908=ADVANCED_FACE('',(#571),#155,.T.);
#4909=ADVANCED_FACE('',(#572),#352,.T.);
#4910=ADVANCED_FACE('',(#573),#156,.T.);
#4911=ADVANCED_FACE('',(#574),#353,.T.);
#4912=ADVANCED_FACE('',(#575),#157,.T.);
#4913=ADVANCED_FACE('',(#576),#354,.T.);
#4914=ADVANCED_FACE('',(#577),#233,.F.);
#4915=ADVANCED_FACE('',(#578),#355,.F.);
#4916=ADVANCED_FACE('',(#579),#234,.F.);
#4917=ADVANCED_FACE('',(#580,#186),#235,.T.);
#4918=ADVANCED_FACE('',(#581),#356,.F.);
#4919=ADVANCED_FACE('',(#582),#158,.F.);
#4920=ADVANCED_FACE('',(#583),#357,.F.);
#4921=ADVANCED_FACE('',(#584),#236,.F.);
#4922=ADVANCED_FACE('',(#585),#358,.T.);
#4923=ADVANCED_FACE('',(#586),#159,.T.);
#4924=ADVANCED_FACE('',(#587),#359,.T.);
#4925=ADVANCED_FACE('',(#588),#160,.T.);
#4926=ADVANCED_FACE('',(#589),#360,.T.);
#4927=ADVANCED_FACE('',(#590),#237,.T.);
#4928=ADVANCED_FACE('',(#591),#361,.F.);
#4929=ADVANCED_FACE('',(#592),#238,.T.);
#4930=ADVANCED_FACE('',(#593),#362,.F.);
#4931=ADVANCED_FACE('',(#594),#239,.T.);
#4932=ADVANCED_FACE('',(#595),#363,.F.);
#4933=ADVANCED_FACE('',(#596),#161,.F.);
#4934=ADVANCED_FACE('',(#597),#364,.F.);
#4935=ADVANCED_FACE('',(#598),#162,.F.);
#4936=ADVANCED_FACE('',(#599),#365,.F.);
#4937=ADVANCED_FACE('',(#600),#240,.T.);
#4938=ADVANCED_FACE('',(#601),#241,.T.);
#4939=ADVANCED_FACE('',(#602),#366,.T.);
#4940=ADVANCED_FACE('',(#603),#242,.T.);
#4941=ADVANCED_FACE('',(#604),#243,.T.);
#4942=ADVANCED_FACE('',(#605),#367,.T.);
#4943=ADVANCED_FACE('',(#606),#163,.T.);
#4944=ADVANCED_FACE('',(#607),#4728,.T.);
#4945=ADVANCED_FACE('',(#608,#187),#244,.T.);
#4946=ADVANCED_FACE('',(#609),#368,.T.);
#4947=ADVANCED_FACE('',(#610),#245,.T.);
#4948=ADVANCED_FACE('',(#611),#246,.T.);
#4949=ADVANCED_FACE('',(#612),#369,.T.);
#4950=ADVANCED_FACE('',(#613),#164,.T.);
#4951=ADVANCED_FACE('',(#614),#4729,.T.);
#4952=ADVANCED_FACE('',(#615),#247,.T.);
#4953=ADVANCED_FACE('',(#616),#248,.T.);
#4954=ADVANCED_FACE('',(#617),#370,.T.);
#4955=ADVANCED_FACE('',(#618),#249,.T.);
#4956=ADVANCED_FACE('',(#619),#250,.T.);
#4957=ADVANCED_FACE('',(#620),#165,.T.);
#4958=ADVANCED_FACE('',(#621),#371,.T.);
#4959=ADVANCED_FACE('',(#622),#372,.T.);
#4960=ADVANCED_FACE('',(#623),#166,.T.);
#4961=ADVANCED_FACE('',(#624),#167,.T.);
#4962=ADVANCED_FACE('',(#625),#373,.T.);
#4963=ADVANCED_FACE('',(#626,#188,#189),#251,.T.);
#4964=ADVANCED_FACE('',(#627),#95,.F.);
#4965=ADVANCED_FACE('',(#628),#374,.T.);
#4966=ADVANCED_FACE('',(#629),#375,.T.);
#4967=ADVANCED_FACE('',(#630),#168,.T.);
#4968=ADVANCED_FACE('',(#631),#169,.T.);
#4969=ADVANCED_FACE('',(#632),#376,.T.);
#4970=ADVANCED_FACE('',(#633),#170,.T.);
#4971=ADVANCED_FACE('',(#634),#377,.T.);
#4972=ADVANCED_FACE('',(#635),#252,.F.);
#4973=ADVANCED_FACE('',(#636),#253,.F.);
#4974=ADVANCED_FACE('',(#637),#254,.F.);
#4975=ADVANCED_FACE('',(#638),#96,.F.);
#4976=ADVANCED_FACE('',(#639),#378,.T.);
#4977=ADVANCED_FACE('',(#640),#255,.F.);
#4978=ADVANCED_FACE('',(#641),#4730,.F.);
#4979=ADVANCED_FACE('',(#642),#256,.F.);
#4980=ADVANCED_FACE('',(#643),#379,.F.);
#4981=ADVANCED_FACE('',(#644),#257,.F.);
#4982=ADVANCED_FACE('',(#645),#380,.T.);
#4983=ADVANCED_FACE('',(#646),#171,.F.);
#4984=ADVANCED_FACE('',(#647),#381,.T.);
#4985=ADVANCED_FACE('',(#648),#172,.F.);
#4986=ADVANCED_FACE('',(#649),#382,.T.);
#4987=ADVANCED_FACE('',(#650),#258,.F.);
#4988=ADVANCED_FACE('',(#651),#4731,.T.);
#4989=ADVANCED_FACE('',(#652),#259,.T.);
#4990=ADVANCED_FACE('',(#653),#260,.F.);
#4991=ADVANCED_FACE('',(#654),#4732,.T.);
#4992=ADVANCED_FACE('',(#655),#261,.F.);
#4993=ADVANCED_FACE('',(#656),#383,.T.);
#4994=ADVANCED_FACE('',(#657),#262,.F.);
#4995=ADVANCED_FACE('',(#658),#4733,.T.);
#4996=ADVANCED_FACE('',(#659),#384,.T.);
#4997=ADVANCED_FACE('',(#660),#263,.F.);
#4998=ADVANCED_FACE('',(#661),#4734,.T.);
#4999=ADVANCED_FACE('',(#662),#264,.F.);
#5000=ADVANCED_FACE('',(#663),#265,.F.);
#5001=ADVANCED_FACE('',(#664),#266,.T.);
#5002=ADVANCED_FACE('',(#665),#173,.T.);
#5003=ADVANCED_FACE('',(#666),#385,.T.);
#5004=ADVANCED_FACE('',(#667),#267,.T.);
#5005=ADVANCED_FACE('',(#668),#386,.T.);
#5006=ADVANCED_FACE('',(#669),#174,.T.);
#5007=ADVANCED_FACE('',(#670),#387,.T.);
#5008=ADVANCED_FACE('',(#671),#268,.T.);
#5009=ADVANCED_FACE('',(#672),#388,.T.);
#5010=ADVANCED_FACE('',(#673),#175,.T.);
#5011=ADVANCED_FACE('',(#674),#389,.T.);
#5012=ADVANCED_FACE('',(#675,#190,#191),#269,.F.);
#5013=ADVANCED_FACE('',(#676),#270,.T.);
#5014=ADVANCED_FACE('',(#677),#97,.T.);
#5015=ADVANCED_FACE('',(#678),#390,.T.);
#5016=ADVANCED_FACE('',(#679),#391,.T.);
#5017=ADVANCED_FACE('',(#680),#176,.T.);
#5018=ADVANCED_FACE('',(#681),#177,.T.);
#5019=ADVANCED_FACE('',(#682),#392,.T.);
#5020=ADVANCED_FACE('',(#683),#393,.T.);
#5021=ADVANCED_FACE('',(#684),#178,.T.);
#5022=ADVANCED_FACE('',(#685),#394,.T.);
#5023=ADVANCED_FACE('',(#686),#395,.T.);
#5024=ADVANCED_FACE('',(#687),#271,.T.);
#5025=ADVANCED_FACE('',(#688),#272,.T.);
#5026=ADVANCED_FACE('',(#689),#273,.T.);
#5027=ADVANCED_FACE('',(#690),#98,.T.);
#5028=ADVANCED_FACE('',(#691),#396,.T.);
#5029=ADVANCED_FACE('',(#692),#274,.T.);
#5030=ADVANCED_FACE('',(#693),#4735,.F.);
#5031=ADVANCED_FACE('',(#694),#275,.T.);
#5032=ADVANCED_FACE('',(#695),#397,.F.);
#5033=ADVANCED_FACE('',(#696),#276,.T.);
#5034=ADVANCED_FACE('',(#697),#398,.T.);
#5035=ADVANCED_FACE('',(#698),#277,.T.);
#5036=ADVANCED_FACE('',(#699),#179,.F.);
#5037=ADVANCED_FACE('',(#700),#399,.T.);
#5038=ADVANCED_FACE('',(#701),#180,.F.);
#5039=ADVANCED_FACE('',(#702),#400,.T.);
#5040=ADVANCED_FACE('',(#703),#278,.T.);
#5041=ADVANCED_FACE('',(#704),#4736,.T.);
#5042=ADVANCED_FACE('',(#705),#279,.F.);
#5043=ADVANCED_FACE('',(#706),#280,.T.);
#5044=ADVANCED_FACE('',(#707),#4737,.T.);
#5045=ADVANCED_FACE('',(#708),#281,.T.);
#5046=ADVANCED_FACE('',(#709),#401,.T.);
#5047=ADVANCED_FACE('',(#710),#282,.T.);
#5048=ADVANCED_FACE('',(#711),#4738,.T.);
#5049=ADVANCED_FACE('',(#712),#402,.T.);
#5050=ADVANCED_FACE('',(#713),#283,.T.);
#5051=ADVANCED_FACE('',(#714),#4739,.T.);
#5052=ADVANCED_FACE('',(#715),#284,.T.);
#5053=ADVANCED_FACE('',(#716),#285,.T.);
#5054=ADVANCED_FACE('',(#717),#286,.F.);
#5055=CLOSED_SHELL('',(#4740,#4741,#4742,#4743,#4744,#4745,#4746,#4747,
#4748,#4749,#4750,#4751,#4752,#4753,#4754,#4755,#4756,#4757,#4758,#4759,
#4760,#4761,#4762,#4763,#4764,#4765,#4766,#4767,#4768,#4769,#4770,#4771,
#4772,#4773,#4774,#4775,#4776,#4777,#4778,#4779,#4780,#4781,#4782,#4783,
#4784,#4785,#4786,#4787,#4788,#4789,#4790,#4791,#4792,#4793,#4794,#4795,
#4796,#4797,#4798,#4799,#4800,#4801,#4802,#4803,#4804,#4805,#4806,#4807,
#4808,#4809,#4810,#4811,#4812,#4813,#4814,#4815,#4816,#4817,#4818,#4819,
#4820,#4821,#4822,#4823,#4824,#4825,#4826,#4827,#4828,#4829,#4830,#4831,
#4832,#4833,#4834,#4835,#4836,#4837,#4838,#4839,#4840,#4841,#4842,#4843,
#4844,#4845,#4846,#4847,#4848,#4849,#4850,#4851,#4852,#4853,#4854,#4855,
#4856,#4857,#4858,#4859,#4860));
#5056=CLOSED_SHELL('',(#4861,#4862,#4863,#4864,#4865,#4866,#4867,#4868,
#4869,#4870,#4871,#4872,#4873,#4874,#4875,#4876,#4877,#4878,#4879,#4880,
#4881,#4882,#4883,#4884,#4885,#4886,#4887,#4888,#4889,#4890,#4891,#4892,
#4893,#4894,#4895,#4896,#4897,#4898,#4899,#4900,#4901,#4902,#4903,#4904,
#4905,#4906,#4907,#4908,#4909,#4910,#4911,#4912,#4913,#4914,#4915,#4916,
#4917,#4918,#4919,#4920,#4921,#4922,#4923,#4924,#4925,#4926,#4927,#4928,
#4929,#4930,#4931,#4932,#4933,#4934,#4935,#4936,#4937,#4938,#4939,#4940,
#4941,#4942,#4943,#4944,#4945,#4946,#4947,#4948,#4949,#4950,#4951,#4952,
#4953,#4954,#4955,#4956));
#5057=CLOSED_SHELL('',(#4957,#4958,#4959,#4960,#4961,#4962,#4963,#4964,
#4965,#4966,#4967,#4968,#4969,#4970,#4971,#4972,#4973,#4974,#4975,#4976,
#4977,#4978,#4979,#4980,#4981,#4982,#4983,#4984,#4985,#4986,#4987,#4988,
#4989,#4990,#4991,#4992,#4993,#4994,#4995,#4996,#4997,#4998,#4999,#5000,
#5001,#5002,#5003,#5004,#5005,#5006,#5007,#5008,#5009,#5010,#5011,#5012,
#5013,#5014,#5015,#5016,#5017,#5018,#5019,#5020,#5021,#5022,#5023,#5024,
#5025,#5026,#5027,#5028,#5029,#5030,#5031,#5032,#5033,#5034,#5035,#5036,
#5037,#5038,#5039,#5040,#5041,#5042,#5043,#5044,#5045,#5046,#5047,#5048,
#5049,#5050,#5051,#5052,#5053,#5054));
#5058=DERIVED_UNIT_ELEMENT(#5060,1.);
#5059=DERIVED_UNIT_ELEMENT(#9387,-3.);
#5060=(
MASS_UNIT()
NAMED_UNIT(*)
SI_UNIT(.KILO.,.GRAM.)
);
#5061=DERIVED_UNIT((#5058,#5059));
#5062=MEASURE_REPRESENTATION_ITEM('density measure',
POSITIVE_RATIO_MEASURE(7850.),#5061);
#5063=PROPERTY_DEFINITION_REPRESENTATION(#5068,#5065);
#5064=PROPERTY_DEFINITION_REPRESENTATION(#5069,#5066);
#5065=REPRESENTATION('material name',(#5067),#9384);
#5066=REPRESENTATION('density',(#5062),#9384);
#5067=DESCRIPTIVE_REPRESENTATION_ITEM('Steel','Steel');
#5068=PROPERTY_DEFINITION('material property','material name',#9394);
#5069=PROPERTY_DEFINITION('material property','density of part',#9394);
#5070=AXIS2_PLACEMENT_3D('',#7278,#5692,#5693);
#5071=AXIS2_PLACEMENT_3D('',#7279,#5694,#5695);
#5072=AXIS2_PLACEMENT_3D('',#7281,#5696,#5697);
#5073=AXIS2_PLACEMENT_3D('',#7284,#5699,#5700);
#5074=AXIS2_PLACEMENT_3D('',#7285,#5701,#5702);
#5075=AXIS2_PLACEMENT_3D('',#7287,#5703,#5704);
#5076=AXIS2_PLACEMENT_3D('',#7289,#5706,#5707);
#5077=AXIS2_PLACEMENT_3D('',#7292,#5709,#5710);
#5078=AXIS2_PLACEMENT_3D('',#7293,#5711,#5712);
#5079=AXIS2_PLACEMENT_3D('',#7294,#5713,#5714);
#5080=AXIS2_PLACEMENT_3D('',#7296,#5715,#5716);
#5081=AXIS2_PLACEMENT_3D('',#7299,#5718,#5719);
#5082=AXIS2_PLACEMENT_3D('',#7300,#5720,#5721);
#5083=AXIS2_PLACEMENT_3D('',#7302,#5723,#5724);
#5084=AXIS2_PLACEMENT_3D('',#7311,#5729,#5730);
#5085=AXIS2_PLACEMENT_3D('',#7314,#5731,#5732);
#5086=AXIS2_PLACEMENT_3D('',#7316,#5733,#5734);
#5087=AXIS2_PLACEMENT_3D('',#7318,#5735,#5736);
#5088=AXIS2_PLACEMENT_3D('',#7319,#5737,#5738);
#5089=AXIS2_PLACEMENT_3D('',#7320,#5739,#5740);
#5090=AXIS2_PLACEMENT_3D('',#7324,#5742,#5743);
#5091=AXIS2_PLACEMENT_3D('',#7326,#5745,#5746);
#5092=AXIS2_PLACEMENT_3D('',#7328,#5747,#5748);
#5093=AXIS2_PLACEMENT_3D('',#7330,#5749,#5750);
#5094=AXIS2_PLACEMENT_3D('',#7332,#5751,#5752);
#5095=AXIS2_PLACEMENT_3D('',#7333,#5753,#5754);
#5096=AXIS2_PLACEMENT_3D('',#7334,#5755,#5756);
#5097=AXIS2_PLACEMENT_3D('',#7336,#5757,#5758);
#5098=AXIS2_PLACEMENT_3D('',#7338,#5760,#5761);
#5099=AXIS2_PLACEMENT_3D('',#7341,#5762,#5763);
#5100=AXIS2_PLACEMENT_3D('',#7342,#5764,#5765);
#5101=AXIS2_PLACEMENT_3D('',#7343,#5766,#5767);
#5102=AXIS2_PLACEMENT_3D('',#7344,#5768,#5769);
#5103=AXIS2_PLACEMENT_3D('',#7347,#5772,#5773);
#5104=AXIS2_PLACEMENT_3D('',#7350,#5775,#5776);
#5105=AXIS2_PLACEMENT_3D('',#7351,#5777,#5778);
#5106=AXIS2_PLACEMENT_3D('',#7353,#5779,#5780);
#5107=AXIS2_PLACEMENT_3D('',#7355,#5782,#5783);
#5108=AXIS2_PLACEMENT_3D('',#7358,#5784,#5785);
#5109=AXIS2_PLACEMENT_3D('',#7360,#5786,#5787);
#5110=AXIS2_PLACEMENT_3D('',#7362,#5788,#5789);
#5111=AXIS2_PLACEMENT_3D('',#7363,#5790,#5791);
#5112=AXIS2_PLACEMENT_3D('',#7364,#5792,#5793);
#5113=AXIS2_PLACEMENT_3D('',#7367,#5794,#5795);
#5114=AXIS2_PLACEMENT_3D('',#7370,#5798,#5799);
#5115=AXIS2_PLACEMENT_3D('',#7373,#5800,#5801);
#5116=AXIS2_PLACEMENT_3D('',#7374,#5802,#5803);
#5117=AXIS2_PLACEMENT_3D('',#7375,#5804,#5805);
#5118=AXIS2_PLACEMENT_3D('',#7376,#5806,#5807);
#5119=AXIS2_PLACEMENT_3D('',#7379,#5808,#5809);
#5120=AXIS2_PLACEMENT_3D('',#7381,#5810,#5811);
#5121=AXIS2_PLACEMENT_3D('',#7383,#5812,#5813);
#5122=AXIS2_PLACEMENT_3D('',#7384,#5814,#5815);
#5123=AXIS2_PLACEMENT_3D('',#7385,#5816,#5817);
#5124=AXIS2_PLACEMENT_3D('',#7388,#5818,#5819);
#5125=AXIS2_PLACEMENT_3D('',#7391,#5822,#5823);
#5126=AXIS2_PLACEMENT_3D('',#7394,#5824,#5825);
#5127=AXIS2_PLACEMENT_3D('',#7396,#5826,#5827);
#5128=AXIS2_PLACEMENT_3D('',#7398,#5828,#5829);
#5129=AXIS2_PLACEMENT_3D('',#7399,#5830,#5831);
#5130=AXIS2_PLACEMENT_3D('',#7400,#5832,#5833);
#5131=AXIS2_PLACEMENT_3D('',#7403,#5834,#5835);
#5132=AXIS2_PLACEMENT_3D('',#7406,#5838,#5839);
#5133=AXIS2_PLACEMENT_3D('',#7409,#5840,#5841);
#5134=AXIS2_PLACEMENT_3D('',#7410,#5842,#5843);
#5135=AXIS2_PLACEMENT_3D('',#7411,#5844,#5845);
#5136=AXIS2_PLACEMENT_3D('',#7412,#5846,#5847);
#5137=AXIS2_PLACEMENT_3D('',#7415,#5848,#5849);
#5138=AXIS2_PLACEMENT_3D('',#7417,#5850,#5851);
#5139=AXIS2_PLACEMENT_3D('',#7419,#5852,#5853);
#5140=AXIS2_PLACEMENT_3D('',#7420,#5854,#5855);
#5141=AXIS2_PLACEMENT_3D('',#7421,#5856,#5857);
#5142=AXIS2_PLACEMENT_3D('',#7424,#5858,#5859);
#5143=AXIS2_PLACEMENT_3D('',#7427,#5862,#5863);
#5144=AXIS2_PLACEMENT_3D('',#7430,#5864,#5865);
#5145=AXIS2_PLACEMENT_3D('',#7431,#5866,#5867);
#5146=AXIS2_PLACEMENT_3D('',#7432,#5868,#5869);
#5147=AXIS2_PLACEMENT_3D('',#7433,#5870,#5871);
#5148=AXIS2_PLACEMENT_3D('',#7436,#5874,#5875);
#5149=AXIS2_PLACEMENT_3D('',#7438,#5877,#5878);
#5150=AXIS2_PLACEMENT_3D('',#7443,#5880,#5881);
#5151=AXIS2_PLACEMENT_3D('',#7446,#5883,#5884);
#5152=AXIS2_PLACEMENT_3D('',#7456,#5885,#5886);
#5153=AXIS2_PLACEMENT_3D('',#7457,#5887,#5888);
#5154=AXIS2_PLACEMENT_3D('',#7458,#5889,#5890);
#5155=AXIS2_PLACEMENT_3D('',#7461,#5893,#5894);
#5156=AXIS2_PLACEMENT_3D('',#7465,#5896,#5897);
#5157=AXIS2_PLACEMENT_3D('',#7477,#5899,#5900);
#5158=AXIS2_PLACEMENT_3D('',#7479,#5901,#5902);
#5159=AXIS2_PLACEMENT_3D('',#7480,#5903,#5904);
#5160=AXIS2_PLACEMENT_3D('',#7481,#5905,#5906);
#5161=AXIS2_PLACEMENT_3D('',#7485,#5908,#5909);
#5162=AXIS2_PLACEMENT_3D('',#7487,#5911,#5912);
#5163=AXIS2_PLACEMENT_3D('',#7493,#5916,#5917);
#5164=AXIS2_PLACEMENT_3D('',#7494,#5918,#5919);
#5165=AXIS2_PLACEMENT_3D('',#7495,#5920,#5921);
#5166=AXIS2_PLACEMENT_3D('',#7497,#5923,#5924);
#5167=AXIS2_PLACEMENT_3D('',#7501,#5927,#5928);
#5168=AXIS2_PLACEMENT_3D('',#7503,#5929,#5930);
#5169=AXIS2_PLACEMENT_3D('',#7505,#5932,#5933);
#5170=AXIS2_PLACEMENT_3D('',#7509,#5936,#5937);
#5171=AXIS2_PLACEMENT_3D('',#7513,#5939,#5940);
#5172=AXIS2_PLACEMENT_3D('',#7514,#5941,#5942);
#5173=AXIS2_PLACEMENT_3D('',#7524,#5943,#5944);
#5174=AXIS2_PLACEMENT_3D('',#7525,#5945,#5946);
#5175=AXIS2_PLACEMENT_3D('',#7527,#5948,#5949);
#5176=AXIS2_PLACEMENT_3D('',#7530,#5951,#5952);
#5177=AXIS2_PLACEMENT_3D('',#7541,#5953,#5954);
#5178=AXIS2_PLACEMENT_3D('',#7542,#5955,#5956);
#5179=AXIS2_PLACEMENT_3D('',#7543,#5957,#5958);
#5180=AXIS2_PLACEMENT_3D('',#7546,#5960,#5961);
#5181=AXIS2_PLACEMENT_3D('',#7547,#5962,#5963);
#5182=AXIS2_PLACEMENT_3D('',#7549,#5964,#5965);
#5183=AXIS2_PLACEMENT_3D('',#7552,#5967,#5968);
#5184=AXIS2_PLACEMENT_3D('',#7553,#5969,#5970);
#5185=AXIS2_PLACEMENT_3D('',#7555,#5971,#5972);
#5186=AXIS2_PLACEMENT_3D('',#7557,#5974,#5975);
#5187=AXIS2_PLACEMENT_3D('',#7560,#5977,#5978);
#5188=AXIS2_PLACEMENT_3D('',#7561,#5979,#5980);
#5189=AXIS2_PLACEMENT_3D('',#7562,#5981,#5982);
#5190=AXIS2_PLACEMENT_3D('',#7564,#5983,#5984);
#5191=AXIS2_PLACEMENT_3D('',#7567,#5986,#5987);
#5192=AXIS2_PLACEMENT_3D('',#7568,#5988,#5989);
#5193=AXIS2_PLACEMENT_3D('',#7570,#5991,#5992);
#5194=AXIS2_PLACEMENT_3D('',#7579,#5997,#5998);
#5195=AXIS2_PLACEMENT_3D('',#7583,#6000,#6001);
#5196=AXIS2_PLACEMENT_3D('',#7585,#6003,#6004);
#5197=AXIS2_PLACEMENT_3D('',#7588,#6005,#6006);
#5198=AXIS2_PLACEMENT_3D('',#7589,#6007,#6008);
#5199=AXIS2_PLACEMENT_3D('',#7590,#6009,#6010);
#5200=AXIS2_PLACEMENT_3D('',#7591,#6011,#6012);
#5201=AXIS2_PLACEMENT_3D('',#7596,#6015,#6016);
#5202=AXIS2_PLACEMENT_3D('',#7597,#6017,#6018);
#5203=AXIS2_PLACEMENT_3D('',#7601,#6020,#6021);
#5204=AXIS2_PLACEMENT_3D('',#7603,#6023,#6024);
#5205=AXIS2_PLACEMENT_3D('',#7605,#6025,#6026);
#5206=AXIS2_PLACEMENT_3D('',#7606,#6027,#6028);
#5207=AXIS2_PLACEMENT_3D('',#7607,#6029,#6030);
#5208=AXIS2_PLACEMENT_3D('',#7608,#6031,#6032);
#5209=AXIS2_PLACEMENT_3D('',#7610,#6033,#6034);
#5210=AXIS2_PLACEMENT_3D('',#7612,#6036,#6037);
#5211=AXIS2_PLACEMENT_3D('',#7615,#6038,#6039);
#5212=AXIS2_PLACEMENT_3D('',#7616,#6040,#6041);
#5213=AXIS2_PLACEMENT_3D('',#7617,#6042,#6043);
#5214=AXIS2_PLACEMENT_3D('',#7618,#6044,#6045);
#5215=AXIS2_PLACEMENT_3D('',#7621,#6048,#6049);
#5216=AXIS2_PLACEMENT_3D('',#7625,#6052,#6053);
#5217=AXIS2_PLACEMENT_3D('',#7626,#6054,#6055);
#5218=AXIS2_PLACEMENT_3D('',#7627,#6056,#6057);
#5219=AXIS2_PLACEMENT_3D('',#7630,#6059,#6060);
#5220=AXIS2_PLACEMENT_3D('',#7631,#6061,#6062);
#5221=AXIS2_PLACEMENT_3D('',#7633,#6064,#6065);
#5222=AXIS2_PLACEMENT_3D('',#7637,#6067,#6068);
#5223=AXIS2_PLACEMENT_3D('',#7639,#6070,#6071);
#5224=AXIS2_PLACEMENT_3D('',#7642,#6072,#6073);
#5225=AXIS2_PLACEMENT_3D('',#7643,#6074,#6075);
#5226=AXIS2_PLACEMENT_3D('',#7644,#6076,#6077);
#5227=AXIS2_PLACEMENT_3D('',#7645,#6078,#6079);
#5228=AXIS2_PLACEMENT_3D('',#7648,#6080,#6081);
#5229=AXIS2_PLACEMENT_3D('',#7651,#6084,#6085);
#5230=AXIS2_PLACEMENT_3D('',#7654,#6086,#6087);
#5231=AXIS2_PLACEMENT_3D('',#7655,#6088,#6089);
#5232=AXIS2_PLACEMENT_3D('',#7656,#6090,#6091);
#5233=AXIS2_PLACEMENT_3D('',#7657,#6092,#6093);
#5234=AXIS2_PLACEMENT_3D('',#7660,#6096,#6097);
#5235=AXIS2_PLACEMENT_3D('',#7666,#6100,#6101);
#5236=AXIS2_PLACEMENT_3D('',#7669,#6103,#6104);
#5237=AXIS2_PLACEMENT_3D('',#7670,#6105,#6106);
#5238=AXIS2_PLACEMENT_3D('',#7673,#6107,#6108);
#5239=AXIS2_PLACEMENT_3D('',#7676,#6111,#6112);
#5240=AXIS2_PLACEMENT_3D('',#7679,#6113,#6114);
#5241=AXIS2_PLACEMENT_3D('',#7680,#6115,#6116);
#5242=AXIS2_PLACEMENT_3D('',#7681,#6117,#6118);
#5243=AXIS2_PLACEMENT_3D('',#7682,#6119,#6120);
#5244=AXIS2_PLACEMENT_3D('',#7685,#6121,#6122);
#5245=AXIS2_PLACEMENT_3D('',#7688,#6125,#6126);
#5246=AXIS2_PLACEMENT_3D('',#7690,#6128,#6129);
#5247=AXIS2_PLACEMENT_3D('',#7693,#6130,#6131);
#5248=AXIS2_PLACEMENT_3D('',#7696,#6134,#6135);
#5249=AXIS2_PLACEMENT_3D('',#7699,#6136,#6137);
#5250=AXIS2_PLACEMENT_3D('',#7700,#6138,#6139);
#5251=AXIS2_PLACEMENT_3D('',#7701,#6140,#6141);
#5252=AXIS2_PLACEMENT_3D('',#7702,#6142,#6143);
#5253=AXIS2_PLACEMENT_3D('',#7705,#6144,#6145);
#5254=AXIS2_PLACEMENT_3D('',#7708,#6148,#6149);
#5255=AXIS2_PLACEMENT_3D('',#7711,#6150,#6151);
#5256=AXIS2_PLACEMENT_3D('',#7712,#6152,#6153);
#5257=AXIS2_PLACEMENT_3D('',#7713,#6154,#6155);
#5258=AXIS2_PLACEMENT_3D('',#7714,#6156,#6157);
#5259=AXIS2_PLACEMENT_3D('',#7717,#6160,#6161);
#5260=AXIS2_PLACEMENT_3D('',#7719,#6163,#6164);
#5261=AXIS2_PLACEMENT_3D('',#7722,#6166,#6167);
#5262=AXIS2_PLACEMENT_3D('',#7723,#6168,#6169);
#5263=AXIS2_PLACEMENT_3D('',#7725,#6170,#6171);
#5264=AXIS2_PLACEMENT_3D('',#7726,#6172,#6173);
#5265=AXIS2_PLACEMENT_3D('',#7727,#6174,#6175);
#5266=AXIS2_PLACEMENT_3D('',#7729,#6176,#6177);
#5267=AXIS2_PLACEMENT_3D('',#7731,#6179,#6180);
#5268=AXIS2_PLACEMENT_3D('',#7733,#6181,#6182);
#5269=AXIS2_PLACEMENT_3D('',#7734,#6183,#6184);
#5270=AXIS2_PLACEMENT_3D('',#7735,#6185,#6186);
#5271=AXIS2_PLACEMENT_3D('',#7737,#6188,#6189);
#5272=AXIS2_PLACEMENT_3D('',#7740,#6192,#6193);
#5273=AXIS2_PLACEMENT_3D('',#7741,#6194,#6195);
#5274=AXIS2_PLACEMENT_3D('',#7742,#6196,#6197);
#5275=AXIS2_PLACEMENT_3D('',#7748,#6201,#6202);
#5276=AXIS2_PLACEMENT_3D('',#7749,#6203,#6204);
#5277=AXIS2_PLACEMENT_3D('',#7750,#6205,#6206);
#5278=AXIS2_PLACEMENT_3D('',#7752,#6208,#6209);
#5279=AXIS2_PLACEMENT_3D('',#7756,#6212,#6213);
#5280=AXIS2_PLACEMENT_3D('',#7758,#6214,#6215);
#5281=AXIS2_PLACEMENT_3D('',#7760,#6217,#6218);
#5282=AXIS2_PLACEMENT_3D('',#7764,#6221,#6222);
#5283=AXIS2_PLACEMENT_3D('',#7768,#6224,#6225);
#5284=AXIS2_PLACEMENT_3D('',#7769,#6226,#6227);
#5285=AXIS2_PLACEMENT_3D('',#7779,#6228,#6229);
#5286=AXIS2_PLACEMENT_3D('',#7780,#6230,#6231);
#5287=AXIS2_PLACEMENT_3D('',#7782,#6233,#6234);
#5288=AXIS2_PLACEMENT_3D('',#7784,#6235,#6236);
#5289=AXIS2_PLACEMENT_3D('',#7796,#6238,#6239);
#5290=AXIS2_PLACEMENT_3D('',#7797,#6240,#6241);
#5291=AXIS2_PLACEMENT_3D('',#7798,#6242,#6243);
#5292=AXIS2_PLACEMENT_3D('',#7801,#6245,#6246);
#5293=AXIS2_PLACEMENT_3D('',#7802,#6247,#6248);
#5294=AXIS2_PLACEMENT_3D('',#7808,#6252,#6253);
#5295=AXIS2_PLACEMENT_3D('',#7809,#6254,#6255);
#5296=AXIS2_PLACEMENT_3D('',#7810,#6256,#6257);
#5297=AXIS2_PLACEMENT_3D('',#7812,#6259,#6260);
#5298=AXIS2_PLACEMENT_3D('',#7816,#6263,#6264);
#5299=AXIS2_PLACEMENT_3D('',#7818,#6265,#6266);
#5300=AXIS2_PLACEMENT_3D('',#7820,#6268,#6269);
#5301=AXIS2_PLACEMENT_3D('',#7824,#6272,#6273);
#5302=AXIS2_PLACEMENT_3D('',#7828,#6275,#6276);
#5303=AXIS2_PLACEMENT_3D('',#7829,#6277,#6278);
#5304=AXIS2_PLACEMENT_3D('',#7839,#6279,#6280);
#5305=AXIS2_PLACEMENT_3D('',#7840,#6281,#6282);
#5306=AXIS2_PLACEMENT_3D('',#7842,#6284,#6285);
#5307=AXIS2_PLACEMENT_3D('',#7844,#6286,#6287);
#5308=AXIS2_PLACEMENT_3D('',#7856,#6289,#6290);
#5309=AXIS2_PLACEMENT_3D('',#7857,#6291,#6292);
#5310=AXIS2_PLACEMENT_3D('',#7858,#6293,#6294);
#5311=AXIS2_PLACEMENT_3D('',#7861,#6296,#6297);
#5312=AXIS2_PLACEMENT_3D('',#7862,#6298,#6299);
#5313=AXIS2_PLACEMENT_3D('',#7864,#6301,#6302);
#5314=AXIS2_PLACEMENT_3D('',#7867,#6305,#6306);
#5315=AXIS2_PLACEMENT_3D('',#7868,#6307,#6308);
#5316=AXIS2_PLACEMENT_3D('',#7869,#6309,#6310);
#5317=AXIS2_PLACEMENT_3D('',#7871,#6312,#6313);
#5318=AXIS2_PLACEMENT_3D('',#7873,#6315,#6316);
#5319=AXIS2_PLACEMENT_3D('',#7874,#6317,#6318);
#5320=AXIS2_PLACEMENT_3D('',#7951,#6319,#6320);
#5321=AXIS2_PLACEMENT_3D('',#7994,#6322,#6323);
#5322=AXIS2_PLACEMENT_3D('',#7996,#6324,#6325);
#5323=AXIS2_PLACEMENT_3D('',#7999,#6327,#6328);
#5324=AXIS2_PLACEMENT_3D('',#8000,#6329,#6330);
#5325=AXIS2_PLACEMENT_3D('',#8006,#6331,#6332);
#5326=AXIS2_PLACEMENT_3D('',#8008,#6334,#6335);
#5327=AXIS2_PLACEMENT_3D('',#8009,#6336,#6337);
#5328=AXIS2_PLACEMENT_3D('',#8010,#6338,#6339);
#5329=AXIS2_PLACEMENT_3D('',#8011,#6340,#6341);
#5330=AXIS2_PLACEMENT_3D('',#8012,#6342,#6343);
#5331=AXIS2_PLACEMENT_3D('',#8017,#6345,#6346);
#5332=AXIS2_PLACEMENT_3D('',#8020,#6348,#6349);
#5333=AXIS2_PLACEMENT_3D('',#8021,#6350,#6351);
#5334=AXIS2_PLACEMENT_3D('',#8024,#6352,#6353);
#5335=AXIS2_PLACEMENT_3D('',#8026,#6354,#6355);
#5336=AXIS2_PLACEMENT_3D('',#8028,#6356,#6357);
#5337=AXIS2_PLACEMENT_3D('',#8029,#6358,#6359);
#5338=AXIS2_PLACEMENT_3D('',#8030,#6360,#6361);
#5339=AXIS2_PLACEMENT_3D('',#8033,#6362,#6363);
#5340=AXIS2_PLACEMENT_3D('',#8036,#6366,#6367);
#5341=AXIS2_PLACEMENT_3D('',#8039,#6368,#6369);
#5342=AXIS2_PLACEMENT_3D('',#8040,#6370,#6371);
#5343=AXIS2_PLACEMENT_3D('',#8041,#6372,#6373);
#5344=AXIS2_PLACEMENT_3D('',#8042,#6374,#6375);
#5345=AXIS2_PLACEMENT_3D('',#8045,#6378,#6379);
#5346=AXIS2_PLACEMENT_3D('',#8048,#6380,#6381);
#5347=AXIS2_PLACEMENT_3D('',#8049,#6382,#6383);
#5348=AXIS2_PLACEMENT_3D('',#8050,#6384,#6385);
#5349=AXIS2_PLACEMENT_3D('',#8051,#6386,#6387);
#5350=AXIS2_PLACEMENT_3D('',#8055,#6389,#6390);
#5351=AXIS2_PLACEMENT_3D('',#8057,#6392,#6393);
#5352=AXIS2_PLACEMENT_3D('',#8061,#6396,#6397);
#5353=AXIS2_PLACEMENT_3D('',#8063,#6398,#6399);
#5354=AXIS2_PLACEMENT_3D('',#8066,#6401,#6402);
#5355=AXIS2_PLACEMENT_3D('',#8067,#6403,#6404);
#5356=AXIS2_PLACEMENT_3D('',#8069,#6405,#6406);
#5357=AXIS2_PLACEMENT_3D('',#8070,#6407,#6408);
#5358=AXIS2_PLACEMENT_3D('',#8071,#6409,#6410);
#5359=AXIS2_PLACEMENT_3D('',#8074,#6411,#6412);
#5360=AXIS2_PLACEMENT_3D('',#8076,#6413,#6414);
#5361=AXIS2_PLACEMENT_3D('',#8078,#6415,#6416);
#5362=AXIS2_PLACEMENT_3D('',#8079,#6417,#6418);
#5363=AXIS2_PLACEMENT_3D('',#8080,#6419,#6420);
#5364=AXIS2_PLACEMENT_3D('',#8083,#6421,#6422);
#5365=AXIS2_PLACEMENT_3D('',#8086,#6425,#6426);
#5366=AXIS2_PLACEMENT_3D('',#8089,#6427,#6428);
#5367=AXIS2_PLACEMENT_3D('',#8090,#6429,#6430);
#5368=AXIS2_PLACEMENT_3D('',#8091,#6431,#6432);
#5369=AXIS2_PLACEMENT_3D('',#8092,#6433,#6434);
#5370=AXIS2_PLACEMENT_3D('',#8096,#6436,#6437);
#5371=AXIS2_PLACEMENT_3D('',#8098,#6439,#6440);
#5372=AXIS2_PLACEMENT_3D('',#8102,#6443,#6444);
#5373=AXIS2_PLACEMENT_3D('',#8104,#6445,#6446);
#5374=AXIS2_PLACEMENT_3D('',#8106,#6448,#6449);
#5375=AXIS2_PLACEMENT_3D('',#8108,#6450,#6451);
#5376=AXIS2_PLACEMENT_3D('',#8110,#6452,#6453);
#5377=AXIS2_PLACEMENT_3D('',#8111,#6454,#6455);
#5378=AXIS2_PLACEMENT_3D('',#8112,#6456,#6457);
#5379=AXIS2_PLACEMENT_3D('',#8114,#6458,#6459);
#5380=AXIS2_PLACEMENT_3D('',#8116,#6461,#6462);
#5381=AXIS2_PLACEMENT_3D('',#8118,#6463,#6464);
#5382=AXIS2_PLACEMENT_3D('',#8119,#6465,#6466);
#5383=AXIS2_PLACEMENT_3D('',#8120,#6467,#6468);
#5384=AXIS2_PLACEMENT_3D('',#8124,#6470,#6471);
#5385=AXIS2_PLACEMENT_3D('',#8126,#6473,#6474);
#5386=AXIS2_PLACEMENT_3D('',#8128,#6475,#6476);
#5387=AXIS2_PLACEMENT_3D('',#8130,#6477,#6478);
#5388=AXIS2_PLACEMENT_3D('',#8131,#6479,#6480);
#5389=AXIS2_PLACEMENT_3D('',#8132,#6481,#6482);
#5390=AXIS2_PLACEMENT_3D('',#8136,#6484,#6485);
#5391=AXIS2_PLACEMENT_3D('',#8138,#6487,#6488);
#5392=AXIS2_PLACEMENT_3D('',#8142,#6491,#6492);
#5393=AXIS2_PLACEMENT_3D('',#8144,#6493,#6494);
#5394=AXIS2_PLACEMENT_3D('',#8146,#6496,#6497);
#5395=AXIS2_PLACEMENT_3D('',#8150,#6500,#6501);
#5396=AXIS2_PLACEMENT_3D('',#8156,#6505,#6506);
#5397=AXIS2_PLACEMENT_3D('',#8159,#6508,#6509);
#5398=AXIS2_PLACEMENT_3D('',#8160,#6510,#6511);
#5399=AXIS2_PLACEMENT_3D('',#8162,#6512,#6513);
#5400=AXIS2_PLACEMENT_3D('',#8163,#6514,#6515);
#5401=AXIS2_PLACEMENT_3D('',#8164,#6516,#6517);
#5402=AXIS2_PLACEMENT_3D('',#8167,#6519,#6520);
#5403=AXIS2_PLACEMENT_3D('',#8244,#6521,#6522);
#5404=AXIS2_PLACEMENT_3D('',#8287,#6524,#6525);
#5405=AXIS2_PLACEMENT_3D('',#8289,#6526,#6527);
#5406=AXIS2_PLACEMENT_3D('',#8292,#6529,#6530);
#5407=AXIS2_PLACEMENT_3D('',#8293,#6531,#6532);
#5408=AXIS2_PLACEMENT_3D('',#8300,#6534,#6535);
#5409=AXIS2_PLACEMENT_3D('',#8301,#6536,#6537);
#5410=AXIS2_PLACEMENT_3D('',#8302,#6538,#6539);
#5411=AXIS2_PLACEMENT_3D('',#8303,#6540,#6541);
#5412=AXIS2_PLACEMENT_3D('',#8304,#6542,#6543);
#5413=AXIS2_PLACEMENT_3D('',#8305,#6544,#6545);
#5414=AXIS2_PLACEMENT_3D('',#8310,#6547,#6548);
#5415=AXIS2_PLACEMENT_3D('',#8313,#6550,#6551);
#5416=AXIS2_PLACEMENT_3D('',#8314,#6552,#6553);
#5417=AXIS2_PLACEMENT_3D('',#8318,#6555,#6556);
#5418=AXIS2_PLACEMENT_3D('',#8320,#6558,#6559);
#5419=AXIS2_PLACEMENT_3D('',#8323,#6560,#6561);
#5420=AXIS2_PLACEMENT_3D('',#8324,#6562,#6563);
#5421=AXIS2_PLACEMENT_3D('',#8325,#6564,#6565);
#5422=AXIS2_PLACEMENT_3D('',#8326,#6566,#6567);
#5423=AXIS2_PLACEMENT_3D('',#8329,#6568,#6569);
#5424=AXIS2_PLACEMENT_3D('',#8332,#6572,#6573);
#5425=AXIS2_PLACEMENT_3D('',#8335,#6574,#6575);
#5426=AXIS2_PLACEMENT_3D('',#8336,#6576,#6577);
#5427=AXIS2_PLACEMENT_3D('',#8337,#6578,#6579);
#5428=AXIS2_PLACEMENT_3D('',#8338,#6580,#6581);
#5429=AXIS2_PLACEMENT_3D('',#8341,#6584,#6585);
#5430=AXIS2_PLACEMENT_3D('',#8344,#6586,#6587);
#5431=AXIS2_PLACEMENT_3D('',#8345,#6588,#6589);
#5432=AXIS2_PLACEMENT_3D('',#8346,#6590,#6591);
#5433=AXIS2_PLACEMENT_3D('',#8347,#6592,#6593);
#5434=AXIS2_PLACEMENT_3D('',#8350,#6596,#6597);
#5435=AXIS2_PLACEMENT_3D('',#8354,#6600,#6601);
#5436=AXIS2_PLACEMENT_3D('',#8357,#6603,#6604);
#5437=AXIS2_PLACEMENT_3D('',#8358,#6605,#6606);
#5438=AXIS2_PLACEMENT_3D('',#8362,#6609,#6610);
#5439=AXIS2_PLACEMENT_3D('',#8365,#6612,#6613);
#5440=AXIS2_PLACEMENT_3D('',#8369,#6615,#6616);
#5441=AXIS2_PLACEMENT_3D('',#8373,#6618,#6619);
#5442=AXIS2_PLACEMENT_3D('',#8375,#6621,#6622);
#5443=AXIS2_PLACEMENT_3D('',#8377,#6623,#6624);
#5444=AXIS2_PLACEMENT_3D('',#8379,#6626,#6627);
#5445=AXIS2_PLACEMENT_3D('',#8381,#6628,#6629);
#5446=AXIS2_PLACEMENT_3D('',#8382,#6630,#6631);
#5447=AXIS2_PLACEMENT_3D('',#8383,#6632,#6633);
#5448=AXIS2_PLACEMENT_3D('',#8385,#6635,#6636);
#5449=AXIS2_PLACEMENT_3D('',#8386,#6637,#6638);
#5450=AXIS2_PLACEMENT_3D('',#8389,#6640,#6641);
#5451=AXIS2_PLACEMENT_3D('',#8390,#6642,#6643);
#5452=AXIS2_PLACEMENT_3D('',#8392,#6644,#6645);
#5453=AXIS2_PLACEMENT_3D('',#8393,#6646,#6647);
#5454=AXIS2_PLACEMENT_3D('',#8394,#6648,#6649);
#5455=AXIS2_PLACEMENT_3D('',#8396,#6650,#6651);
#5456=AXIS2_PLACEMENT_3D('',#8398,#6653,#6654);
#5457=AXIS2_PLACEMENT_3D('',#8400,#6655,#6656);
#5458=AXIS2_PLACEMENT_3D('',#8401,#6657,#6658);
#5459=AXIS2_PLACEMENT_3D('',#8402,#6659,#6660);
#5460=AXIS2_PLACEMENT_3D('',#8404,#6662,#6663);
#5461=AXIS2_PLACEMENT_3D('',#8408,#6666,#6667);
#5462=AXIS2_PLACEMENT_3D('',#8411,#6669,#6670);
#5463=AXIS2_PLACEMENT_3D('',#8412,#6671,#6672);
#5464=AXIS2_PLACEMENT_3D('',#8416,#6675,#6676);
#5465=AXIS2_PLACEMENT_3D('',#8419,#6678,#6679);
#5466=AXIS2_PLACEMENT_3D('',#8420,#6680,#6681);
#5467=AXIS2_PLACEMENT_3D('',#8422,#6683,#6684);
#5468=AXIS2_PLACEMENT_3D('',#8424,#6685,#6686);
#5469=AXIS2_PLACEMENT_3D('',#8426,#6688,#6689);
#5470=AXIS2_PLACEMENT_3D('',#8428,#6690,#6691);
#5471=AXIS2_PLACEMENT_3D('',#8429,#6692,#6693);
#5472=AXIS2_PLACEMENT_3D('',#8430,#6694,#6695);
#5473=AXIS2_PLACEMENT_3D('',#8432,#6696,#6697);
#5474=AXIS2_PLACEMENT_3D('',#8434,#6699,#6700);
#5475=AXIS2_PLACEMENT_3D('',#8436,#6701,#6702);
#5476=AXIS2_PLACEMENT_3D('',#8437,#6703,#6704);
#5477=AXIS2_PLACEMENT_3D('',#8438,#6705,#6706);
#5478=AXIS2_PLACEMENT_3D('',#8440,#6708,#6709);
#5479=AXIS2_PLACEMENT_3D('',#8441,#6710,#6711);
#5480=AXIS2_PLACEMENT_3D('',#8445,#6714,#6715);
#5481=AXIS2_PLACEMENT_3D('',#8447,#6716,#6717);
#5482=AXIS2_PLACEMENT_3D('',#8449,#6719,#6720);
#5483=AXIS2_PLACEMENT_3D('',#8453,#6723,#6724);
#5484=AXIS2_PLACEMENT_3D('',#8459,#6728,#6729);
#5485=AXIS2_PLACEMENT_3D('',#8461,#6730,#6731);
#5486=AXIS2_PLACEMENT_3D('',#8463,#6733,#6734);
#5487=AXIS2_PLACEMENT_3D('',#8465,#6735,#6736);
#5488=AXIS2_PLACEMENT_3D('',#8466,#6737,#6738);
#5489=AXIS2_PLACEMENT_3D('',#8467,#6739,#6740);
#5490=AXIS2_PLACEMENT_3D('',#8470,#6742,#6743);
#5491=AXIS2_PLACEMENT_3D('',#8471,#6744,#6745);
#5492=AXIS2_PLACEMENT_3D('',#8475,#6748,#6749);
#5493=AXIS2_PLACEMENT_3D('',#8477,#6750,#6751);
#5494=AXIS2_PLACEMENT_3D('',#8479,#6753,#6754);
#5495=AXIS2_PLACEMENT_3D('',#8483,#6757,#6758);
#5496=AXIS2_PLACEMENT_3D('',#8489,#6762,#6763);
#5497=AXIS2_PLACEMENT_3D('',#8491,#6764,#6765);
#5498=AXIS2_PLACEMENT_3D('',#8493,#6767,#6768);
#5499=AXIS2_PLACEMENT_3D('',#8495,#6769,#6770);
#5500=AXIS2_PLACEMENT_3D('',#8496,#6771,#6772);
#5501=AXIS2_PLACEMENT_3D('',#8497,#6773,#6774);
#5502=AXIS2_PLACEMENT_3D('',#8500,#6776,#6777);
#5503=AXIS2_PLACEMENT_3D('',#8501,#6778,#6779);
#5504=AXIS2_PLACEMENT_3D('',#8507,#6783,#6784);
#5505=AXIS2_PLACEMENT_3D('',#8509,#6786,#6787);
#5506=AXIS2_PLACEMENT_3D('',#8511,#6789,#6790);
#5507=AXIS2_PLACEMENT_3D('',#8513,#6792,#6793);
#5508=AXIS2_PLACEMENT_3D('',#8514,#6794,#6795);
#5509=AXIS2_PLACEMENT_3D('',#8539,#6796,#6797);
#5510=AXIS2_PLACEMENT_3D('',#8559,#6798,#6799);
#5511=AXIS2_PLACEMENT_3D('',#8560,#6800,#6801);
#5512=AXIS2_PLACEMENT_3D('',#8569,#6802,#6803);
#5513=AXIS2_PLACEMENT_3D('',#8571,#6805,#6806);
#5514=AXIS2_PLACEMENT_3D('',#8605,#6808,#6809);
#5515=AXIS2_PLACEMENT_3D('',#8607,#6811,#6812);
#5516=AXIS2_PLACEMENT_3D('',#8610,#6813,#6814);
#5517=AXIS2_PLACEMENT_3D('',#8611,#6815,#6816);
#5518=AXIS2_PLACEMENT_3D('',#8612,#6817,#6818);
#5519=AXIS2_PLACEMENT_3D('',#8613,#6819,#6820);
#5520=AXIS2_PLACEMENT_3D('',#8616,#6821,#6822);
#5521=AXIS2_PLACEMENT_3D('',#8618,#6823,#6824);
#5522=AXIS2_PLACEMENT_3D('',#8620,#6825,#6826);
#5523=AXIS2_PLACEMENT_3D('',#8621,#6827,#6828);
#5524=AXIS2_PLACEMENT_3D('',#8622,#6829,#6830);
#5525=AXIS2_PLACEMENT_3D('',#8625,#6833,#6834);
#5526=AXIS2_PLACEMENT_3D('',#8627,#6835,#6836);
#5527=AXIS2_PLACEMENT_3D('',#8631,#6838,#6839);
#5528=AXIS2_PLACEMENT_3D('',#8638,#6843,#6844);
#5529=AXIS2_PLACEMENT_3D('',#8644,#6847,#6848);
#5530=AXIS2_PLACEMENT_3D('',#8691,#6851,#6852);
#5531=AXIS2_PLACEMENT_3D('',#8696,#6854,#6855);
#5532=AXIS2_PLACEMENT_3D('',#8699,#6857,#6858);
#5533=AXIS2_PLACEMENT_3D('',#8700,#6859,#6860);
#5534=AXIS2_PLACEMENT_3D('',#8705,#6863,#6864);
#5535=AXIS2_PLACEMENT_3D('',#8706,#6865,#6866);
#5536=AXIS2_PLACEMENT_3D('',#8709,#6867,#6868);
#5537=AXIS2_PLACEMENT_3D('',#8710,#6869,#6870);
#5538=AXIS2_PLACEMENT_3D('',#8711,#6871,#6872);
#5539=AXIS2_PLACEMENT_3D('',#8712,#6873,#6874);
#5540=AXIS2_PLACEMENT_3D('',#8715,#6875,#6876);
#5541=AXIS2_PLACEMENT_3D('',#8716,#6877,#6878);
#5542=AXIS2_PLACEMENT_3D('',#8717,#6879,#6880);
#5543=AXIS2_PLACEMENT_3D('',#8718,#6881,#6882);
#5544=AXIS2_PLACEMENT_3D('',#8722,#6884,#6885);
#5545=AXIS2_PLACEMENT_3D('',#8724,#6887,#6888);
#5546=AXIS2_PLACEMENT_3D('',#8727,#6889,#6890);
#5547=AXIS2_PLACEMENT_3D('',#8728,#6891,#6892);
#5548=AXIS2_PLACEMENT_3D('',#8729,#6893,#6894);
#5549=AXIS2_PLACEMENT_3D('',#8730,#6895,#6896);
#5550=AXIS2_PLACEMENT_3D('',#8734,#6898,#6899);
#5551=AXIS2_PLACEMENT_3D('',#8736,#6901,#6902);
#5552=AXIS2_PLACEMENT_3D('',#8740,#6905,#6906);
#5553=AXIS2_PLACEMENT_3D('',#8746,#6910,#6911);
#5554=AXIS2_PLACEMENT_3D('',#8750,#6913,#6914);
#5555=AXIS2_PLACEMENT_3D('',#8753,#6916,#6917);
#5556=AXIS2_PLACEMENT_3D('',#8778,#6918,#6919);
#5557=AXIS2_PLACEMENT_3D('',#8781,#6921,#6922);
#5558=AXIS2_PLACEMENT_3D('',#8782,#6923,#6924);
#5559=AXIS2_PLACEMENT_3D('',#8785,#6926,#6927);
#5560=AXIS2_PLACEMENT_3D('',#8786,#6928,#6929);
#5561=AXIS2_PLACEMENT_3D('',#8788,#6931,#6932);
#5562=AXIS2_PLACEMENT_3D('',#8789,#6933,#6934);
#5563=AXIS2_PLACEMENT_3D('',#8791,#6936,#6937);
#5564=AXIS2_PLACEMENT_3D('',#8793,#6939,#6940);
#5565=AXIS2_PLACEMENT_3D('',#8795,#6942,#6943);
#5566=AXIS2_PLACEMENT_3D('',#8820,#6944,#6945);
#5567=AXIS2_PLACEMENT_3D('',#8821,#6946,#6947);
#5568=AXIS2_PLACEMENT_3D('',#8825,#6949,#6950);
#5569=AXIS2_PLACEMENT_3D('',#8827,#6952,#6953);
#5570=AXIS2_PLACEMENT_3D('',#8852,#6954,#6955);
#5571=AXIS2_PLACEMENT_3D('',#8853,#6956,#6957);
#5572=AXIS2_PLACEMENT_3D('',#8857,#6959,#6960);
#5573=AXIS2_PLACEMENT_3D('',#8859,#6962,#6963);
#5574=AXIS2_PLACEMENT_3D('',#8862,#6966,#6967);
#5575=AXIS2_PLACEMENT_3D('',#8869,#6968,#6969);
#5576=AXIS2_PLACEMENT_3D('',#8874,#6970,#6971);
#5577=AXIS2_PLACEMENT_3D('',#8875,#6972,#6973);
#5578=AXIS2_PLACEMENT_3D('',#8879,#6976,#6977);
#5579=AXIS2_PLACEMENT_3D('',#8888,#6981,#6982);
#5580=AXIS2_PLACEMENT_3D('',#8894,#6983,#6984);
#5581=AXIS2_PLACEMENT_3D('',#8895,#6985,#6986);
#5582=AXIS2_PLACEMENT_3D('',#8896,#6987,#6988);
#5583=AXIS2_PLACEMENT_3D('',#8898,#6990,#6991);
#5584=AXIS2_PLACEMENT_3D('',#8900,#6993,#6994);
#5585=AXIS2_PLACEMENT_3D('',#8901,#6995,#6996);
#5586=AXIS2_PLACEMENT_3D('',#8908,#6997,#6998);
#5587=AXIS2_PLACEMENT_3D('',#8913,#6999,#7000);
#5588=AXIS2_PLACEMENT_3D('',#8914,#7001,#7002);
#5589=AXIS2_PLACEMENT_3D('',#8918,#7004,#7005);
#5590=AXIS2_PLACEMENT_3D('',#8920,#7007,#7008);
#5591=AXIS2_PLACEMENT_3D('',#8929,#7012,#7013);
#5592=AXIS2_PLACEMENT_3D('',#8934,#7014,#7015);
#5593=AXIS2_PLACEMENT_3D('',#8935,#7016,#7017);
#5594=AXIS2_PLACEMENT_3D('',#8937,#7019,#7020);
#5595=AXIS2_PLACEMENT_3D('',#8939,#7022,#7023);
#5596=AXIS2_PLACEMENT_3D('',#8940,#7024,#7025);
#5597=AXIS2_PLACEMENT_3D('',#8958,#7026,#7027);
#5598=AXIS2_PLACEMENT_3D('',#8979,#7028,#7029);
#5599=AXIS2_PLACEMENT_3D('',#8986,#7030,#7031);
#5600=AXIS2_PLACEMENT_3D('',#8990,#7033,#7034);
#5601=AXIS2_PLACEMENT_3D('',#8997,#7035,#7036);
#5602=AXIS2_PLACEMENT_3D('',#9005,#7040,#7041);
#5603=AXIS2_PLACEMENT_3D('',#9010,#7044,#7045);
#5604=AXIS2_PLACEMENT_3D('',#9028,#7050,#7051);
#5605=AXIS2_PLACEMENT_3D('',#9050,#7052,#7053);
#5606=AXIS2_PLACEMENT_3D('',#9061,#7055,#7056);
#5607=AXIS2_PLACEMENT_3D('',#9063,#7057,#7058);
#5608=AXIS2_PLACEMENT_3D('',#9064,#7059,#7060);
#5609=AXIS2_PLACEMENT_3D('',#9065,#7061,#7062);
#5610=AXIS2_PLACEMENT_3D('',#9067,#7064,#7065);
#5611=AXIS2_PLACEMENT_3D('',#9071,#7068,#7069);
#5612=AXIS2_PLACEMENT_3D('',#9074,#7071,#7072);
#5613=AXIS2_PLACEMENT_3D('',#9075,#7073,#7074);
#5614=AXIS2_PLACEMENT_3D('',#9078,#7075,#7076);
#5615=AXIS2_PLACEMENT_3D('',#9079,#7077,#7078);
#5616=AXIS2_PLACEMENT_3D('',#9080,#7079,#7080);
#5617=AXIS2_PLACEMENT_3D('',#9081,#7081,#7082);
#5618=AXIS2_PLACEMENT_3D('',#9084,#7085,#7086);
#5619=AXIS2_PLACEMENT_3D('',#9089,#7089,#7090);
#5620=AXIS2_PLACEMENT_3D('',#9092,#7092,#7093);
#5621=AXIS2_PLACEMENT_3D('',#9095,#7094,#7095);
#5622=AXIS2_PLACEMENT_3D('',#9101,#7098,#7099);
#5623=AXIS2_PLACEMENT_3D('',#9105,#7102,#7103);
#5624=AXIS2_PLACEMENT_3D('',#9109,#7105,#7106);
#5625=AXIS2_PLACEMENT_3D('',#9153,#7110,#7111);
#5626=AXIS2_PLACEMENT_3D('',#9157,#7113,#7114);
#5627=AXIS2_PLACEMENT_3D('',#9160,#7116,#7117);
#5628=AXIS2_PLACEMENT_3D('',#9161,#7118,#7119);
#5629=AXIS2_PLACEMENT_3D('',#9164,#7121,#7122);
#5630=AXIS2_PLACEMENT_3D('',#9165,#7123,#7124);
#5631=AXIS2_PLACEMENT_3D('',#9167,#7125,#7126);
#5632=AXIS2_PLACEMENT_3D('',#9168,#7127,#7128);
#5633=AXIS2_PLACEMENT_3D('',#9169,#7129,#7130);
#5634=AXIS2_PLACEMENT_3D('',#9171,#7131,#7132);
#5635=AXIS2_PLACEMENT_3D('',#9172,#7133,#7134);
#5636=AXIS2_PLACEMENT_3D('',#9173,#7135,#7136);
#5637=AXIS2_PLACEMENT_3D('',#9174,#7137,#7138);
#5638=AXIS2_PLACEMENT_3D('',#9176,#7140,#7141);
#5639=AXIS2_PLACEMENT_3D('',#9178,#7142,#7143);
#5640=AXIS2_PLACEMENT_3D('',#9180,#7145,#7146);
#5641=AXIS2_PLACEMENT_3D('',#9182,#7147,#7148);
#5642=AXIS2_PLACEMENT_3D('',#9183,#7149,#7150);
#5643=AXIS2_PLACEMENT_3D('',#9184,#7151,#7152);
#5644=AXIS2_PLACEMENT_3D('',#9186,#7154,#7155);
#5645=AXIS2_PLACEMENT_3D('',#9189,#7157,#7158);
#5646=AXIS2_PLACEMENT_3D('',#9190,#7159,#7160);
#5647=AXIS2_PLACEMENT_3D('',#9192,#7162,#7163);
#5648=AXIS2_PLACEMENT_3D('',#9196,#7166,#7167);
#5649=AXIS2_PLACEMENT_3D('',#9202,#7168,#7169);
#5650=AXIS2_PLACEMENT_3D('',#9205,#7171,#7172);
#5651=AXIS2_PLACEMENT_3D('',#9222,#7173,#7174);
#5652=AXIS2_PLACEMENT_3D('',#9224,#7175,#7176);
#5653=AXIS2_PLACEMENT_3D('',#9226,#7178,#7179);
#5654=AXIS2_PLACEMENT_3D('',#9228,#7180,#7181);
#5655=AXIS2_PLACEMENT_3D('',#9230,#7183,#7184);
#5656=AXIS2_PLACEMENT_3D('',#9232,#7186,#7187);
#5657=AXIS2_PLACEMENT_3D('',#9233,#7188,#7189);
#5658=AXIS2_PLACEMENT_3D('',#9234,#7190,#7191);
#5659=AXIS2_PLACEMENT_3D('',#9236,#7193,#7194);
#5660=AXIS2_PLACEMENT_3D('',#9238,#7196,#7197);
#5661=AXIS2_PLACEMENT_3D('',#9239,#7198,#7199);
#5662=AXIS2_PLACEMENT_3D('',#9254,#7200,#7201);
#5663=AXIS2_PLACEMENT_3D('',#9265,#7202,#7203);
#5664=AXIS2_PLACEMENT_3D('',#9269,#7205,#7206);
#5665=AXIS2_PLACEMENT_3D('',#9271,#7208,#7209);
#5666=AXIS2_PLACEMENT_3D('',#9284,#7210,#7211);
#5667=AXIS2_PLACEMENT_3D('',#9297,#7212,#7213);
#5668=AXIS2_PLACEMENT_3D('',#9301,#7215,#7216);
#5669=AXIS2_PLACEMENT_3D('',#9303,#7218,#7219);
#5670=AXIS2_PLACEMENT_3D('',#9304,#7220,#7221);
#5671=AXIS2_PLACEMENT_3D('',#9311,#7222,#7223);
#5672=AXIS2_PLACEMENT_3D('',#9316,#7224,#7225);
#5673=AXIS2_PLACEMENT_3D('',#9317,#7226,#7227);
#5674=AXIS2_PLACEMENT_3D('',#9321,#7230,#7231);
#5675=AXIS2_PLACEMENT_3D('',#9330,#7235,#7236);
#5676=AXIS2_PLACEMENT_3D('',#9336,#7237,#7238);
#5677=AXIS2_PLACEMENT_3D('',#9337,#7239,#7240);
#5678=AXIS2_PLACEMENT_3D('',#9338,#7241,#7242);
#5679=AXIS2_PLACEMENT_3D('',#9340,#7244,#7245);
#5680=AXIS2_PLACEMENT_3D('',#9342,#7247,#7248);
#5681=AXIS2_PLACEMENT_3D('',#9343,#7249,#7250);
#5682=AXIS2_PLACEMENT_3D('',#9350,#7251,#7252);
#5683=AXIS2_PLACEMENT_3D('',#9355,#7253,#7254);
#5684=AXIS2_PLACEMENT_3D('',#9356,#7255,#7256);
#5685=AXIS2_PLACEMENT_3D('',#9360,#7258,#7259);
#5686=AXIS2_PLACEMENT_3D('',#9362,#7261,#7262);
#5687=AXIS2_PLACEMENT_3D('',#9371,#7266,#7267);
#5688=AXIS2_PLACEMENT_3D('',#9376,#7268,#7269);
#5689=AXIS2_PLACEMENT_3D('',#9377,#7270,#7271);
#5690=AXIS2_PLACEMENT_3D('',#9379,#7273,#7274);
#5691=AXIS2_PLACEMENT_3D('',#9381,#7276,#7277);
#5692=DIRECTION('axis',(0.,0.,1.));
#5693=DIRECTION('refdir',(1.,0.,0.));
#5694=DIRECTION('center_axis',(1.,0.,0.));
#5695=DIRECTION('ref_axis',(0.,1.,0.));
#5696=DIRECTION('center_axis',(-1.,0.,-1.48029736616686E-16));
#5697=DIRECTION('ref_axis',(0.,1.,0.));
#5698=DIRECTION('',(-0.707106781186546,0.707106781186549,-8.65956056235495E-17));
#5699=DIRECTION('center_axis',(1.,0.,1.48029736616686E-16));
#5700=DIRECTION('ref_axis',(0.,1.,0.));
#5701=DIRECTION('center_axis',(1.,0.,0.));
#5702=DIRECTION('ref_axis',(0.,1.,0.));
#5703=DIRECTION('center_axis',(1.,0.,1.48029736616686E-16));
#5704=DIRECTION('ref_axis',(0.,1.,0.));
#5705=DIRECTION('',(-1.,0.,0.));
#5706=DIRECTION('center_axis',(-1.,0.,0.));
#5707=DIRECTION('ref_axis',(0.,1.,0.));
#5708=DIRECTION('',(0.707106781186552,0.707106781186543,8.65956056235488E-17));
#5709=DIRECTION('center_axis',(-1.,0.,-1.48029736616686E-16));
#5710=DIRECTION('ref_axis',(0.,1.,0.));
#5711=DIRECTION('center_axis',(1.,0.,1.48029736616686E-16));
#5712=DIRECTION('ref_axis',(0.,1.,0.));
#5713=DIRECTION('center_axis',(-1.,0.,0.));
#5714=DIRECTION('ref_axis',(0.,1.,0.));
#5715=DIRECTION('center_axis',(1.,0.,1.86005951769659E-16));
#5716=DIRECTION('ref_axis',(0.,1.,0.));
#5717=DIRECTION('',(0.957826285221151,0.287347885566347,3.51899668300586E-17));
#5718=DIRECTION('center_axis',(-1.,0.,-1.86005951769659E-16));
#5719=DIRECTION('ref_axis',(0.,1.,0.));
#5720=DIRECTION('center_axis',(-1.,0.,0.));
#5721=DIRECTION('ref_axis',(0.,1.,0.));
#5722=DIRECTION('',(1.,0.,0.));
#5723=DIRECTION('center_axis',(1.,0.,1.86005951769659E-16));
#5724=DIRECTION('ref_axis',(1.86005951769659E-16,1.13895796728535E-32,-1.));
#5725=DIRECTION('',(6.60825889190374E-30,1.,-3.55271367880051E-14));
#5726=DIRECTION('',(1.86005951769659E-16,1.13895796728535E-32,-1.));
#5727=DIRECTION('',(2.17749889865693E-17,1.,0.));
#5728=DIRECTION('',(1.86005951769659E-16,1.13895796728535E-32,-1.));
#5729=DIRECTION('center_axis',(0.,1.,-1.86005951769659E-16));
#5730=DIRECTION('ref_axis',(0.,0.,1.));
#5731=DIRECTION('center_axis',(0.,0.,1.));
#5732=DIRECTION('ref_axis',(1.,0.,0.));
#5733=DIRECTION('center_axis',(0.,1.,-1.86005951769659E-16));
#5734=DIRECTION('ref_axis',(-0.707106781186548,-1.38777878078145E-16,-0.707106781186547));
#5735=DIRECTION('center_axis',(-1.,0.,0.));
#5736=DIRECTION('ref_axis',(0.,0.,1.));
#5737=DIRECTION('center_axis',(0.,-1.,1.86005951769659E-16));
#5738=DIRECTION('ref_axis',(-0.707106781186548,-1.31526069837384E-16,-0.707106781186547));
#5739=DIRECTION('center_axis',(0.,-1.86005951769659E-16,-1.));
#5740=DIRECTION('ref_axis',(0.707106781186548,0.707106781186548,0.));
#5741=DIRECTION('',(0.,-1.86005951769659E-16,-1.));
#5742=DIRECTION('center_axis',(-0.707106781186559,0.,0.707106781186536));
#5743=DIRECTION('ref_axis',(-0.707106781186536,-2.63052139674763E-16,-0.707106781186559));
#5744=DIRECTION('',(0.,1.86005951769659E-16,1.));
#5745=DIRECTION('center_axis',(0.,3.55271367880051E-14,1.));
#5746=DIRECTION('ref_axis',(-1.,0.,0.));
#5747=DIRECTION('center_axis',(0.,1.,-3.80647894157485E-14));
#5748=DIRECTION('ref_axis',(-1.,0.,0.));
#5749=DIRECTION('center_axis',(0.,-3.55271367880051E-14,-1.));
#5750=DIRECTION('ref_axis',(-0.707106781186547,-0.707106781186548,2.5118795932144E-14));
#5751=DIRECTION('center_axis',(-1.,0.,0.));
#5752=DIRECTION('ref_axis',(0.,-1.,0.));
#5753=DIRECTION('center_axis',(0.,3.55271367880051E-14,1.));
#5754=DIRECTION('ref_axis',(-0.707106781186547,-0.707106781186548,2.51214793389405E-14));
#5755=DIRECTION('center_axis',(-6.60825889190374E-30,-1.,3.55271367880051E-14));
#5756=DIRECTION('ref_axis',(-0.707106781186548,2.69158707202932E-14,0.707106781186548));
#5757=DIRECTION('center_axis',(-6.34413156928658E-15,1.,-3.80647894157195E-14));
#5758=DIRECTION('ref_axis',(-1.,-6.34413156928658E-15,0.));
#5759=DIRECTION('',(-6.60825889190374E-30,-1.,3.55271367880051E-14));
#5760=DIRECTION('center_axis',(0.,3.55271367880051E-14,1.));
#5761=DIRECTION('ref_axis',(-1.,0.,0.));
#5762=DIRECTION('center_axis',(1.,0.,0.));
#5763=DIRECTION('ref_axis',(0.,1.,-5.0753052554292E-14));
#5764=DIRECTION('center_axis',(0.,-3.55271367880051E-14,-1.));
#5765=DIRECTION('ref_axis',(-0.707106781186548,0.707106781186547,-2.51187959321441E-14));
#5766=DIRECTION('center_axis',(0.,3.55271367880051E-14,1.));
#5767=DIRECTION('ref_axis',(-0.707106781186548,0.707106781186547,-2.51214793389404E-14));
#5768=DIRECTION('center_axis',(-1.,0.,0.));
#5769=DIRECTION('ref_axis',(0.,0.707106781186565,0.70710678118653));
#5770=DIRECTION('',(-1.,0.,0.));
#5771=DIRECTION('',(1.,0.,0.));
#5772=DIRECTION('center_axis',(0.,0.,-1.));
#5773=DIRECTION('ref_axis',(-1.,0.,0.));
#5774=DIRECTION('',(2.2779159345707E-32,-1.86005951769659E-16,-1.));
#5775=DIRECTION('center_axis',(7.61791478484191E-30,-7.61791478484191E-30,
-1.));
#5776=DIRECTION('ref_axis',(-1.,3.82856869892694E-16,-6.31088724176808E-30));
#5777=DIRECTION('center_axis',(0.,0.,-1.));
#5778=DIRECTION('ref_axis',(0.,-1.,0.));
#5779=DIRECTION('center_axis',(7.6179147848419E-30,7.6179147848419E-30,
-1.));
#5780=DIRECTION('ref_axis',(2.22044604925031E-16,-1.,-6.31088724176807E-30));
#5781=DIRECTION('',(0.,1.86005951769659E-16,-1.));
#5782=DIRECTION('center_axis',(0.,0.,1.));
#5783=DIRECTION('ref_axis',(-1.,0.,0.));
#5784=DIRECTION('center_axis',(6.34413156928699E-15,1.,0.));
#5785=DIRECTION('ref_axis',(0.,0.,1.));
#5786=DIRECTION('center_axis',(0.,0.,-1.));
#5787=DIRECTION('ref_axis',(-0.707106781186547,-0.707106781186547,0.));
#5788=DIRECTION('center_axis',(-1.,0.,0.));
#5789=DIRECTION('ref_axis',(0.,0.,1.));
#5790=DIRECTION('center_axis',(0.,0.,1.));
#5791=DIRECTION('ref_axis',(-0.707106781186548,-0.707106781186548,0.));
#5792=DIRECTION('center_axis',(0.,-1.,0.));
#5793=DIRECTION('ref_axis',(0.707106781186543,0.,0.707106781186552));
#5794=DIRECTION('center_axis',(0.,1.,0.));
#5795=DIRECTION('ref_axis',(0.,0.,1.));
#5796=DIRECTION('',(0.,1.,0.));
#5797=DIRECTION('',(0.,-1.,0.));
#5798=DIRECTION('center_axis',(0.,0.,1.));
#5799=DIRECTION('ref_axis',(-1.,0.,0.));
#5800=DIRECTION('center_axis',(1.,0.,0.));
#5801=DIRECTION('ref_axis',(0.,0.,1.));
#5802=DIRECTION('center_axis',(0.,0.,-1.));
#5803=DIRECTION('ref_axis',(-0.707106781186547,0.707106781186548,0.));
#5804=DIRECTION('center_axis',(0.,0.,1.));
#5805=DIRECTION('ref_axis',(-0.707106781186547,0.707106781186548,0.));
#5806=DIRECTION('center_axis',(0.,1.,0.));
#5807=DIRECTION('ref_axis',(0.,0.,1.));
#5808=DIRECTION('center_axis',(0.,0.,-1.));
#5809=DIRECTION('ref_axis',(0.,-1.,0.));
#5810=DIRECTION('center_axis',(0.,1.,0.));
#5811=DIRECTION('ref_axis',(-0.707106781186548,0.,-0.707106781186547));
#5812=DIRECTION('center_axis',(1.,0.,4.44089209850056E-15));
#5813=DIRECTION('ref_axis',(0.,-1.,0.));
#5814=DIRECTION('center_axis',(0.,-1.,0.));
#5815=DIRECTION('ref_axis',(-0.707106781186548,0.,-0.707106781186547));
#5816=DIRECTION('center_axis',(0.,0.,-1.));
#5817=DIRECTION('ref_axis',(-0.707106781186554,-0.707106781186541,0.));
#5818=DIRECTION('center_axis',(0.,-3.55271367880051E-14,-1.));
#5819=DIRECTION('ref_axis',(-0.707106781186554,-0.707106781186541,0.));
#5820=DIRECTION('',(0.,0.,1.));
#5821=DIRECTION('',(0.,0.,-1.));
#5822=DIRECTION('center_axis',(0.,3.55271367880051E-14,1.));
#5823=DIRECTION('ref_axis',(-1.,0.,0.));
#5824=DIRECTION('center_axis',(0.,-1.,3.55271367879862E-14));
#5825=DIRECTION('ref_axis',(0.,-3.55271367879862E-14,-1.));
#5826=DIRECTION('center_axis',(0.,-3.55271367880051E-14,-1.));
#5827=DIRECTION('ref_axis',(-0.707106781186549,-0.707106781186546,2.51214793389404E-14));
#5828=DIRECTION('center_axis',(1.,0.,0.));
#5829=DIRECTION('ref_axis',(0.,-3.55271367880051E-14,-1.));
#5830=DIRECTION('center_axis',(0.,3.55271367880051E-14,1.));
#5831=DIRECTION('ref_axis',(-0.707106781186549,-0.707106781186546,2.5118795932144E-14));
#5832=DIRECTION('center_axis',(1.05181454029468E-28,-1.,3.55271367880051E-14));
#5833=DIRECTION('ref_axis',(0.707106781186535,-2.51214793389405E-14,-0.70710678118656));
#5834=DIRECTION('center_axis',(4.44089209850068E-15,-1.,3.55271367880051E-14));
#5835=DIRECTION('ref_axis',(0.,-3.55271367880051E-14,-1.));
#5836=DIRECTION('',(-1.05181454029468E-28,1.,-3.55271367880051E-14));
#5837=DIRECTION('',(1.05181454029468E-28,-1.,3.55271367880051E-14));
#5838=DIRECTION('center_axis',(0.,3.55271367880051E-14,1.));
#5839=DIRECTION('ref_axis',(-1.,0.,0.));
#5840=DIRECTION('center_axis',(-1.,0.,0.));
#5841=DIRECTION('ref_axis',(0.,-3.55271367879187E-14,-1.));
#5842=DIRECTION('center_axis',(0.,-3.55271367880051E-14,-1.));
#5843=DIRECTION('ref_axis',(-0.707106781186546,0.707106781186549,-2.51214793389405E-14));
#5844=DIRECTION('center_axis',(0.,3.55271367880051E-14,1.));
#5845=DIRECTION('ref_axis',(-0.707106781186546,0.707106781186549,-2.5118795932144E-14));
#5846=DIRECTION('center_axis',(0.,0.,1.));
#5847=DIRECTION('ref_axis',(-1.,0.,0.));
#5848=DIRECTION('center_axis',(0.,1.,0.));
#5849=DIRECTION('ref_axis',(-1.,0.,0.));
#5850=DIRECTION('center_axis',(0.,0.,-1.));
#5851=DIRECTION('ref_axis',(-0.707106781186547,-0.707106781186548,0.));
#5852=DIRECTION('center_axis',(-1.,0.,0.));
#5853=DIRECTION('ref_axis',(0.,-1.,0.));
#5854=DIRECTION('center_axis',(0.,0.,1.));
#5855=DIRECTION('ref_axis',(-0.707106781186547,-0.707106781186548,0.));
#5856=DIRECTION('center_axis',(0.,-1.,0.));
#5857=DIRECTION('ref_axis',(-0.707106781186541,0.,0.707106781186554));
#5858=DIRECTION('center_axis',(0.,1.,0.));
#5859=DIRECTION('ref_axis',(-1.,0.,0.));
#5860=DIRECTION('',(0.,1.,0.));
#5861=DIRECTION('',(0.,-1.,0.));
#5862=DIRECTION('center_axis',(0.,0.,1.));
#5863=DIRECTION('ref_axis',(-1.,0.,0.));
#5864=DIRECTION('center_axis',(1.,0.,0.));
#5865=DIRECTION('ref_axis',(0.,1.,0.));
#5866=DIRECTION('center_axis',(0.,0.,-1.));
#5867=DIRECTION('ref_axis',(-0.707106781186547,0.707106781186548,0.));
#5868=DIRECTION('center_axis',(0.,0.,1.));
#5869=DIRECTION('ref_axis',(-0.707106781186547,0.707106781186548,0.));
#5870=DIRECTION('center_axis',(0.,1.,0.));
#5871=DIRECTION('ref_axis',(-0.707106781186547,0.,-0.707106781186548));
#5872=DIRECTION('',(0.,1.,0.));
#5873=DIRECTION('',(0.,-1.,0.));
#5874=DIRECTION('center_axis',(1.,0.,0.));
#5875=DIRECTION('ref_axis',(0.,0.,1.));
#5876=DIRECTION('',(0.,-1.,3.55271367880051E-14));
#5877=DIRECTION('center_axis',(0.,0.,1.));
#5878=DIRECTION('ref_axis',(-1.,0.,0.));
#5879=DIRECTION('',(0.766044443118978,4.69066937635136E-17,-0.64278760968654));
#5880=DIRECTION('center_axis',(3.26313087279779E-16,-3.2631308727978E-16,
-1.));
#5881=DIRECTION('ref_axis',(-1.,3.44257579035993E-16,-3.379082658278E-16));
#5882=DIRECTION('',(9.38133875270273E-17,-0.766044443118978,-0.64278760968654));
#5883=DIRECTION('center_axis',(3.93016711904931E-16,-3.93016711904932E-16,
-1.));
#5884=DIRECTION('ref_axis',(-1.,7.52731921594143E-16,-4.06982130775755E-16));
#5885=DIRECTION('center_axis',(6.12323399573677E-17,-1.,0.));
#5886=DIRECTION('ref_axis',(-1.,-6.12323399573677E-17,-1.22464679914735E-16));
#5887=DIRECTION('center_axis',(-1.,-1.22464679914735E-16,0.));
#5888=DIRECTION('ref_axis',(-1.22464679914735E-16,1.,-1.22464679914735E-16));
#5889=DIRECTION('center_axis',(0.,0.,-1.));
#5890=DIRECTION('ref_axis',(-1.,0.,0.));
#5891=DIRECTION('',(-2.96059473233374E-15,-1.81284143126252E-31,-1.));
#5892=DIRECTION('',(-3.62568286252503E-31,2.96059473233374E-15,-1.));
#5893=DIRECTION('center_axis',(0.,0.,-1.));
#5894=DIRECTION('ref_axis',(-1.,0.,0.));
#5895=DIRECTION('',(-9.97419615706023E-16,-6.10743369890582E-32,1.));
#5896=DIRECTION('center_axis',(-2.68031548330893E-16,2.68031548330894E-16,
-1.));
#5897=DIRECTION('ref_axis',(-1.,7.15923777280243E-16,2.22044604925032E-16));
#5898=DIRECTION('',(-1.22148673978116E-31,9.97419615706023E-16,1.));
#5899=DIRECTION('center_axis',(-6.12323399573677E-17,1.,0.));
#5900=DIRECTION('ref_axis',(-1.,-6.12323399573677E-17,0.));
#5901=DIRECTION('center_axis',(-4.46719247218156E-17,4.46719247218157E-17,
-1.));
#5902=DIRECTION('ref_axis',(-1.,1.71512449944289E-15,3.7007434154172E-17));
#5903=DIRECTION('center_axis',(1.,1.22464679914735E-16,0.));
#5904=DIRECTION('ref_axis',(-1.22464679914735E-16,1.,0.));
#5905=DIRECTION('center_axis',(0.,0.,1.));
#5906=DIRECTION('ref_axis',(-1.,0.,0.));
#5907=DIRECTION('',(-0.866025403784442,-5.30287619362455E-17,0.499999999999995));
#5908=DIRECTION('center_axis',(7.51007496033384E-31,-7.51007496033386E-31,
-1.));
#5909=DIRECTION('ref_axis',(-1.,1.2521756001074E-15,-6.22154980601773E-31));
#5910=DIRECTION('',(-1.06057523872491E-16,0.866025403784442,0.499999999999995));
#5911=DIRECTION('center_axis',(0.64278760968654,0.,0.766044443118978));
#5912=DIRECTION('ref_axis',(0.766044443118978,4.69066937635136E-17,-0.64278760968654));
#5913=DIRECTION('',(0.766044443118978,4.69066937635136E-17,-0.64278760968654));
#5914=DIRECTION('',(2.17749889865693E-17,1.,0.));
#5915=DIRECTION('',(2.17749889865693E-17,1.,0.));
#5916=DIRECTION('center_axis',(0.,-1.,0.));
#5917=DIRECTION('ref_axis',(-1.,0.,-1.22464679914735E-16));
#5918=DIRECTION('center_axis',(6.12323399573677E-17,-1.,0.));
#5919=DIRECTION('ref_axis',(-1.,-6.12323399573677E-17,-1.22464679914735E-16));
#5920=DIRECTION('center_axis',(1.,0.,-2.96059473233374E-15));
#5921=DIRECTION('ref_axis',(-2.96059473233374E-15,-1.81284143126252E-31,
-1.));
#5922=DIRECTION('',(-2.96059473233374E-15,-1.81284143126252E-31,-1.));
#5923=DIRECTION('center_axis',(-1.,0.,-9.97419615706023E-16));
#5924=DIRECTION('ref_axis',(-9.97419615706023E-16,-6.10743369890582E-32,
1.));
#5925=DIRECTION('',(-9.97419615706023E-16,-6.10743369890582E-32,1.));
#5926=DIRECTION('',(2.17749889865693E-17,1.,0.));
#5927=DIRECTION('center_axis',(0.,-1.,0.));
#5928=DIRECTION('ref_axis',(-1.,0.,0.));
#5929=DIRECTION('center_axis',(-6.12323399573677E-17,1.,0.));
#5930=DIRECTION('ref_axis',(-1.,-6.12323399573677E-17,0.));
#5931=DIRECTION('',(2.17749889865693E-17,1.,0.));
#5932=DIRECTION('center_axis',(-0.499999999999995,0.,-0.866025403784442));
#5933=DIRECTION('ref_axis',(-0.866025403784442,-5.30287619362455E-17,0.499999999999995));
#5934=DIRECTION('',(-0.866025403784442,-5.30287619362455E-17,0.499999999999995));
#5935=DIRECTION('',(2.17749889865693E-17,1.,0.));
#5936=DIRECTION('center_axis',(0.,0.,1.));
#5937=DIRECTION('ref_axis',(0.,-1.,0.));
#5938=DIRECTION('',(0.,0.766044443118978,-0.64278760968654));
#5939=DIRECTION('center_axis',(3.26313087279779E-16,3.26313087279779E-16,
-1.));
#5940=DIRECTION('ref_axis',(-1.3516330633112E-16,-1.,-3.379082658278E-16));
#5941=DIRECTION('center_axis',(3.93016711904931E-16,3.93016711904931E-16,
-1.));
#5942=DIRECTION('ref_axis',(4.06982130775755E-16,-1.,-4.06982130775755E-16));
#5943=DIRECTION('center_axis',(1.,0.,0.));
#5944=DIRECTION('ref_axis',(0.,-1.,-1.22464679914735E-16));
#5945=DIRECTION('center_axis',(0.,0.,-1.));
#5946=DIRECTION('ref_axis',(0.,-1.,0.));
#5947=DIRECTION('',(0.,-2.96059473233374E-15,-1.));
#5948=DIRECTION('center_axis',(0.,0.,-1.));
#5949=DIRECTION('ref_axis',(0.,-1.,0.));
#5950=DIRECTION('',(0.,-9.97419615706023E-16,1.));
#5951=DIRECTION('center_axis',(-2.68031548330893E-16,-2.68031548330893E-16,
-1.));
#5952=DIRECTION('ref_axis',(0.,-1.,2.22044604925031E-16));
#5953=DIRECTION('center_axis',(-1.,0.,0.));
#5954=DIRECTION('ref_axis',(0.,-1.,0.));
#5955=DIRECTION('center_axis',(-4.46719247218155E-17,-4.46719247218155E-17,
-1.));
#5956=DIRECTION('ref_axis',(4.44089209850063E-16,-1.,3.70074341541719E-17));
#5957=DIRECTION('center_axis',(0.,0.,1.));
#5958=DIRECTION('ref_axis',(0.,-1.,0.));
#5959=DIRECTION('',(0.,-0.866025403784442,0.499999999999995));
#5960=DIRECTION('center_axis',(7.51007496033383E-31,7.51007496033383E-31,
-1.));
#5961=DIRECTION('ref_axis',(-1.75121058675302E-16,-1.,-6.22154980601771E-31));
#5962=DIRECTION('center_axis',(-1.,0.,0.));
#5963=DIRECTION('ref_axis',(0.,1.,0.));
#5964=DIRECTION('center_axis',(-1.,0.,1.48029736616686E-16));
#5965=DIRECTION('ref_axis',(0.,1.,0.));
#5966=DIRECTION('',(0.707106781186546,0.707106781186549,-8.65956056235495E-17));
#5967=DIRECTION('center_axis',(1.,0.,-1.48029736616686E-16));
#5968=DIRECTION('ref_axis',(0.,1.,0.));
#5969=DIRECTION('center_axis',(1.,0.,0.));
#5970=DIRECTION('ref_axis',(0.,1.,0.));
#5971=DIRECTION('center_axis',(1.,0.,-1.48029736616686E-16));
#5972=DIRECTION('ref_axis',(0.,1.,0.));
#5973=DIRECTION('',(1.,0.,0.));
#5974=DIRECTION('center_axis',(1.,0.,0.));
#5975=DIRECTION('ref_axis',(0.,1.,0.));
#5976=DIRECTION('',(-0.707106781186552,0.707106781186543,8.65956056235488E-17));
#5977=DIRECTION('center_axis',(-1.,0.,1.48029736616686E-16));
#5978=DIRECTION('ref_axis',(0.,1.,0.));
#5979=DIRECTION('center_axis',(1.,0.,-1.48029736616686E-16));
#5980=DIRECTION('ref_axis',(0.,1.,0.));
#5981=DIRECTION('center_axis',(1.,0.,0.));
#5982=DIRECTION('ref_axis',(0.,1.,0.));
#5983=DIRECTION('center_axis',(1.,0.,-1.86005951769659E-16));
#5984=DIRECTION('ref_axis',(0.,1.,0.));
#5985=DIRECTION('',(-0.957826285221151,0.287347885566347,3.51899668300586E-17));
#5986=DIRECTION('center_axis',(-1.,0.,1.86005951769659E-16));
#5987=DIRECTION('ref_axis',(0.,1.,0.));
#5988=DIRECTION('center_axis',(-1.,0.,0.));
#5989=DIRECTION('ref_axis',(0.,1.,0.));
#5990=DIRECTION('',(-1.,0.,0.));
#5991=DIRECTION('center_axis',(1.,0.,-1.86005951769659E-16));
#5992=DIRECTION('ref_axis',(-1.86005951769659E-16,1.13895796728535E-32,
-1.));
#5993=DIRECTION('',(-6.60825889190374E-30,1.,-3.55271367880051E-14));
#5994=DIRECTION('',(-1.86005951769659E-16,1.13895796728535E-32,-1.));
#5995=DIRECTION('',(-2.17749889865693E-17,1.,0.));
#5996=DIRECTION('',(-1.86005951769659E-16,1.13895796728535E-32,-1.));
#5997=DIRECTION('center_axis',(1.,0.,0.));
#5998=DIRECTION('ref_axis',(0.,0.707106781186548,0.707106781186548));
#5999=DIRECTION('',(1.,0.,0.));
#6000=DIRECTION('center_axis',(-1.,0.,0.));
#6001=DIRECTION('ref_axis',(0.,0.,1.));
#6002=DIRECTION('',(-1.,0.,0.));
#6003=DIRECTION('center_axis',(0.,1.,-1.86005951769659E-16));
#6004=DIRECTION('ref_axis',(0.,0.,1.));
#6005=DIRECTION('center_axis',(0.,0.,-1.));
#6006=DIRECTION('ref_axis',(-1.,0.,0.));
#6007=DIRECTION('center_axis',(0.,1.,-1.86005951769659E-16));
#6008=DIRECTION('ref_axis',(0.707106781186548,-1.31526069837384E-16,-0.707106781186547));
#6009=DIRECTION('center_axis',(0.,-1.,1.86005951769659E-16));
#6010=DIRECTION('ref_axis',(0.707106781186548,-1.38777878078145E-16,-0.707106781186547));
#6011=DIRECTION('center_axis',(0.,1.86005951769659E-16,1.));
#6012=DIRECTION('ref_axis',(-0.707106781186548,0.707106781186548,0.));
#6013=DIRECTION('',(0.,-1.86005951769659E-16,-1.));
#6014=DIRECTION('',(0.,1.86005951769659E-16,1.));
#6015=DIRECTION('center_axis',(-0.707106781186559,0.,-0.707106781186536));
#6016=DIRECTION('ref_axis',(0.707106781186536,-2.63052139674763E-16,-0.707106781186559));
#6017=DIRECTION('center_axis',(1.,0.,0.));
#6018=DIRECTION('ref_axis',(0.,-0.70710678118653,0.707106781186566));
#6019=DIRECTION('',(-1.,0.,0.));
#6020=DIRECTION('center_axis',(-1.,0.,0.));
#6021=DIRECTION('ref_axis',(0.,-1.,0.));
#6022=DIRECTION('',(1.,0.,0.));
#6023=DIRECTION('center_axis',(0.,3.55271367880051E-14,1.));
#6024=DIRECTION('ref_axis',(1.,0.,0.));
#6025=DIRECTION('center_axis',(0.,-1.,3.80647894157485E-14));
#6026=DIRECTION('ref_axis',(1.,0.,0.));
#6027=DIRECTION('center_axis',(0.,-3.55271367880051E-14,-1.));
#6028=DIRECTION('ref_axis',(0.707106781186547,-0.707106781186548,2.51214793389405E-14));
#6029=DIRECTION('center_axis',(0.,3.55271367880051E-14,1.));
#6030=DIRECTION('ref_axis',(0.707106781186547,-0.707106781186548,2.5118795932144E-14));
#6031=DIRECTION('center_axis',(-6.60825889190374E-30,1.,-3.55271367880051E-14));
#6032=DIRECTION('ref_axis',(0.707106781186548,2.69158707202932E-14,0.707106781186548));
#6033=DIRECTION('center_axis',(-6.34413156928658E-15,-1.,3.80647894157195E-14));
#6034=DIRECTION('ref_axis',(1.,-6.34413156928658E-15,0.));
#6035=DIRECTION('',(6.60825889190374E-30,-1.,3.55271367880051E-14));
#6036=DIRECTION('center_axis',(0.,3.55271367880051E-14,1.));
#6037=DIRECTION('ref_axis',(1.,0.,0.));
#6038=DIRECTION('center_axis',(1.,0.,0.));
#6039=DIRECTION('ref_axis',(0.,1.,-5.0753052554292E-14));
#6040=DIRECTION('center_axis',(0.,-3.55271367880051E-14,-1.));
#6041=DIRECTION('ref_axis',(0.707106781186548,0.707106781186547,-2.51214793389404E-14));
#6042=DIRECTION('center_axis',(0.,3.55271367880051E-14,1.));
#6043=DIRECTION('ref_axis',(0.707106781186548,0.707106781186547,-2.51187959321441E-14));
#6044=DIRECTION('center_axis',(-1.,0.,0.));
#6045=DIRECTION('ref_axis',(0.,0.707106781186565,0.70710678118653));
#6046=DIRECTION('',(1.,0.,0.));
#6047=DIRECTION('',(-1.,0.,0.));
#6048=DIRECTION('center_axis',(0.,1.,-1.86005951769659E-16));
#6049=DIRECTION('ref_axis',(-2.2779159345707E-32,-1.86005951769659E-16,
-1.));
#6050=DIRECTION('',(-2.2779159345707E-32,-1.86005951769659E-16,-1.));
#6051=DIRECTION('',(-1.,-4.35499779731385E-17,0.));
#6052=DIRECTION('center_axis',(0.,0.,1.));
#6053=DIRECTION('ref_axis',(1.,0.,0.));
#6054=DIRECTION('center_axis',(7.61791478484191E-30,7.61791478484191E-30,
1.));
#6055=DIRECTION('ref_axis',(1.,3.82856869892694E-16,-6.31088724176808E-30));
#6056=DIRECTION('center_axis',(0.,0.,1.));
#6057=DIRECTION('ref_axis',(0.,-1.,0.));
#6058=DIRECTION('',(0.,1.86005951769659E-16,-1.));
#6059=DIRECTION('center_axis',(7.6179147848419E-30,-7.6179147848419E-30,
1.));
#6060=DIRECTION('ref_axis',(-2.22044604925031E-16,-1.,-6.31088724176807E-30));
#6061=DIRECTION('center_axis',(0.,-1.,-1.86005951769659E-16));
#6062=DIRECTION('ref_axis',(0.,1.86005951769659E-16,-1.));
#6063=DIRECTION('',(1.,0.,0.));
#6064=DIRECTION('center_axis',(1.,0.,0.));
#6065=DIRECTION('ref_axis',(0.,0.707106781186543,0.707106781186552));
#6066=DIRECTION('',(-1.,0.,0.));
#6067=DIRECTION('center_axis',(-1.,0.,0.));
#6068=DIRECTION('ref_axis',(0.,0.,1.));
#6069=DIRECTION('',(1.,0.,0.));
#6070=DIRECTION('center_axis',(0.,0.,1.));
#6071=DIRECTION('ref_axis',(1.,0.,0.));
#6072=DIRECTION('center_axis',(6.34413156928699E-15,-1.,0.));
#6073=DIRECTION('ref_axis',(0.,0.,1.));
#6074=DIRECTION('center_axis',(0.,0.,-1.));
#6075=DIRECTION('ref_axis',(0.707106781186548,-0.707106781186548,0.));
#6076=DIRECTION('center_axis',(0.,0.,1.));
#6077=DIRECTION('ref_axis',(0.707106781186547,-0.707106781186547,0.));
#6078=DIRECTION('center_axis',(0.,1.,0.));
#6079=DIRECTION('ref_axis',(-0.707106781186543,0.,0.707106781186552));
#6080=DIRECTION('center_axis',(0.,-1.,0.));
#6081=DIRECTION('ref_axis',(0.,0.,1.));
#6082=DIRECTION('',(0.,-1.,0.));
#6083=DIRECTION('',(0.,1.,0.));
#6084=DIRECTION('center_axis',(0.,0.,1.));
#6085=DIRECTION('ref_axis',(1.,0.,0.));
#6086=DIRECTION('center_axis',(1.,0.,0.));
#6087=DIRECTION('ref_axis',(0.,0.,1.));
#6088=DIRECTION('center_axis',(0.,0.,-1.));
#6089=DIRECTION('ref_axis',(0.707106781186547,0.707106781186548,0.));
#6090=DIRECTION('center_axis',(0.,0.,1.));
#6091=DIRECTION('ref_axis',(0.707106781186547,0.707106781186548,0.));
#6092=DIRECTION('center_axis',(-1.,0.,0.));
#6093=DIRECTION('ref_axis',(0.,-0.707106781186548,0.707106781186548));
#6094=DIRECTION('',(1.,0.,0.));
#6095=DIRECTION('',(-1.,0.,0.));
#6096=DIRECTION('center_axis',(0.,0.,1.));
#6097=DIRECTION('ref_axis',(0.,-1.,0.));
#6098=DIRECTION('',(1.,0.,0.));
#6099=DIRECTION('',(-1.,0.,0.));
#6100=DIRECTION('center_axis',(0.,0.,-1.));
#6101=DIRECTION('ref_axis',(0.707106781186547,-0.707106781186548,0.));
#6102=DIRECTION('',(0.,-1.,0.));
#6103=DIRECTION('center_axis',(0.,0.,-1.));
#6104=DIRECTION('ref_axis',(0.707106781186547,0.707106781186548,0.));
#6105=DIRECTION('center_axis',(1.,0.,0.));
#6106=DIRECTION('ref_axis',(0.,-0.707106781186535,-0.70710678118656));
#6107=DIRECTION('center_axis',(1.,0.,-4.44089209850056E-15));
#6108=DIRECTION('ref_axis',(0.,-1.,0.));
#6109=DIRECTION('',(-1.,0.,0.));
#6110=DIRECTION('',(1.,0.,0.));
#6111=DIRECTION('center_axis',(0.,1.,0.));
#6112=DIRECTION('ref_axis',(0.,0.,1.));
#6113=DIRECTION('center_axis',(0.,0.,1.));
#6114=DIRECTION('ref_axis',(0.,-1.,0.));
#6115=DIRECTION('center_axis',(0.,1.,0.));
#6116=DIRECTION('ref_axis',(0.707106781186548,0.,-0.707106781186547));
#6117=DIRECTION('center_axis',(0.,-1.,0.));
#6118=DIRECTION('ref_axis',(0.707106781186548,0.,-0.707106781186547));
#6119=DIRECTION('center_axis',(0.,0.,1.));
#6120=DIRECTION('ref_axis',(0.707106781186554,-0.707106781186541,0.));
#6121=DIRECTION('center_axis',(0.,3.55271367880051E-14,1.));
#6122=DIRECTION('ref_axis',(0.707106781186554,-0.707106781186541,0.));
#6123=DIRECTION('',(0.,0.,-1.));
#6124=DIRECTION('',(0.,0.,1.));
#6125=DIRECTION('center_axis',(0.,-1.,0.));
#6126=DIRECTION('ref_axis',(0.,0.,-1.));
#6127=DIRECTION('',(-1.,0.,0.));
#6128=DIRECTION('center_axis',(1.,0.,0.));
#6129=DIRECTION('ref_axis',(0.,0.707106781186541,-0.707106781186554));
#6130=DIRECTION('center_axis',(1.,0.,0.));
#6131=DIRECTION('ref_axis',(0.,-3.55271367880051E-14,-1.));
#6132=DIRECTION('',(-1.,0.,0.));
#6133=DIRECTION('',(-1.,0.,0.));
#6134=DIRECTION('center_axis',(0.,3.55271367880051E-14,1.));
#6135=DIRECTION('ref_axis',(1.,0.,0.));
#6136=DIRECTION('center_axis',(0.,1.,-3.55271367879862E-14));
#6137=DIRECTION('ref_axis',(0.,-3.55271367879862E-14,-1.));
#6138=DIRECTION('center_axis',(0.,-3.55271367880051E-14,-1.));
#6139=DIRECTION('ref_axis',(0.707106781186549,-0.707106781186546,2.5118795932144E-14));
#6140=DIRECTION('center_axis',(0.,3.55271367880051E-14,1.));
#6141=DIRECTION('ref_axis',(0.707106781186549,-0.707106781186546,2.51214793389404E-14));
#6142=DIRECTION('center_axis',(1.05181454029468E-28,1.,-3.55271367880051E-14));
#6143=DIRECTION('ref_axis',(-0.707106781186535,-2.51214793389405E-14,-0.70710678118656));
#6144=DIRECTION('center_axis',(4.44089209850068E-15,1.,-3.55271367880051E-14));
#6145=DIRECTION('ref_axis',(0.,-3.55271367880051E-14,-1.));
#6146=DIRECTION('',(-1.05181454029468E-28,-1.,3.55271367880051E-14));
#6147=DIRECTION('',(1.05181454029468E-28,1.,-3.55271367880051E-14));
#6148=DIRECTION('center_axis',(0.,3.55271367880051E-14,1.));
#6149=DIRECTION('ref_axis',(1.,0.,0.));
#6150=DIRECTION('center_axis',(-1.,0.,0.));
#6151=DIRECTION('ref_axis',(0.,-3.55271367879187E-14,-1.));
#6152=DIRECTION('center_axis',(0.,-3.55271367880051E-14,-1.));
#6153=DIRECTION('ref_axis',(0.707106781186546,0.707106781186549,-2.5118795932144E-14));
#6154=DIRECTION('center_axis',(0.,3.55271367880051E-14,1.));
#6155=DIRECTION('ref_axis',(0.707106781186546,0.707106781186549,-2.51214793389405E-14));
#6156=DIRECTION('center_axis',(-1.,0.,0.));
#6157=DIRECTION('ref_axis',(0.,-0.707106781186548,-0.707106781186548));
#6158=DIRECTION('',(1.,0.,0.));
#6159=DIRECTION('',(-1.,0.,0.));
#6160=DIRECTION('center_axis',(0.,3.55271367880051E-14,1.));
#6161=DIRECTION('ref_axis',(0.,-1.,3.55271367880051E-14));
#6162=DIRECTION('',(0.,-1.,3.55271367880051E-14));
#6163=DIRECTION('center_axis',(1.,0.,0.));
#6164=DIRECTION('ref_axis',(0.,-0.707106781186541,0.707106781186554));
#6165=DIRECTION('',(-1.,0.,0.));
#6166=DIRECTION('center_axis',(-1.,0.,0.));
#6167=DIRECTION('ref_axis',(0.,-1.,0.));
#6168=DIRECTION('center_axis',(0.,0.,1.));
#6169=DIRECTION('ref_axis',(1.,0.,0.));
#6170=DIRECTION('center_axis',(0.,-1.,0.));
#6171=DIRECTION('ref_axis',(1.,0.,0.));
#6172=DIRECTION('center_axis',(0.,0.,1.));
#6173=DIRECTION('ref_axis',(0.707106781186547,-0.707106781186548,0.));
#6174=DIRECTION('center_axis',(0.,1.,0.));
#6175=DIRECTION('ref_axis',(0.707106781186541,0.,0.707106781186554));
#6176=DIRECTION('center_axis',(0.,-1.,0.));
#6177=DIRECTION('ref_axis',(1.,0.,0.));
#6178=DIRECTION('',(0.,1.,0.));
#6179=DIRECTION('center_axis',(0.,0.,1.));
#6180=DIRECTION('ref_axis',(1.,0.,0.));
#6181=DIRECTION('center_axis',(1.,0.,0.));
#6182=DIRECTION('ref_axis',(0.,1.,0.));
#6183=DIRECTION('center_axis',(0.,0.,1.));
#6184=DIRECTION('ref_axis',(0.707106781186547,0.707106781186548,0.));
#6185=DIRECTION('center_axis',(-1.,0.,0.));
#6186=DIRECTION('ref_axis',(0.,0.707106781186541,0.707106781186554));
#6187=DIRECTION('',(-1.,0.,0.));
#6188=DIRECTION('center_axis',(0.,-1.,0.));
#6189=DIRECTION('ref_axis',(0.707106781186547,0.,-0.707106781186548));
#6190=DIRECTION('',(0.,-1.,0.));
#6191=DIRECTION('',(0.,1.,0.));
#6192=DIRECTION('center_axis',(0.,0.,-1.));
#6193=DIRECTION('ref_axis',(1.,0.,0.));
#6194=DIRECTION('center_axis',(1.,0.,0.));
#6195=DIRECTION('ref_axis',(0.,0.,1.));
#6196=DIRECTION('center_axis',(0.,0.64278760968654,-0.766044443118978));
#6197=DIRECTION('ref_axis',(-9.38133875270273E-17,-0.766044443118978,-0.64278760968654));
#6198=DIRECTION('',(-9.38133875270273E-17,-0.766044443118978,-0.64278760968654));
#6199=DIRECTION('',(-1.,-4.35499779731385E-17,0.));
#6200=DIRECTION('',(-1.,-4.35499779731385E-17,0.));
#6201=DIRECTION('center_axis',(-1.,0.,0.));
#6202=DIRECTION('ref_axis',(0.,1.,-1.22464679914735E-16));
#6203=DIRECTION('center_axis',(-1.,1.22464679914735E-16,0.));
#6204=DIRECTION('ref_axis',(1.22464679914735E-16,1.,-1.22464679914735E-16));
#6205=DIRECTION('center_axis',(0.,1.,2.96059473233374E-15));
#6206=DIRECTION('ref_axis',(3.62568286252503E-31,2.96059473233374E-15,-1.));
#6207=DIRECTION('',(3.62568286252503E-31,2.96059473233374E-15,-1.));
#6208=DIRECTION('center_axis',(0.,-1.,9.97419615706023E-16));
#6209=DIRECTION('ref_axis',(1.22148673978116E-31,9.97419615706023E-16,1.));
#6210=DIRECTION('',(-1.,-4.35499779731385E-17,0.));
#6211=DIRECTION('',(1.22148673978116E-31,9.97419615706023E-16,1.));
#6212=DIRECTION('center_axis',(-1.,0.,0.));
#6213=DIRECTION('ref_axis',(0.,1.,0.));
#6214=DIRECTION('center_axis',(1.,-1.22464679914735E-16,0.));
#6215=DIRECTION('ref_axis',(1.22464679914735E-16,1.,0.));
#6216=DIRECTION('',(-1.,-4.35499779731385E-17,0.));
#6217=DIRECTION('center_axis',(0.,-0.499999999999995,0.866025403784442));
#6218=DIRECTION('ref_axis',(1.06057523872491E-16,0.866025403784442,0.499999999999995));
#6219=DIRECTION('',(1.06057523872491E-16,0.866025403784442,0.499999999999995));
#6220=DIRECTION('',(-1.,-4.35499779731385E-17,0.));
#6221=DIRECTION('center_axis',(0.,0.,1.));
#6222=DIRECTION('ref_axis',(1.,0.,0.));
#6223=DIRECTION('',(-0.766044443118978,4.69066937635136E-17,-0.64278760968654));
#6224=DIRECTION('center_axis',(3.93016711904931E-16,3.93016711904932E-16,
1.));
#6225=DIRECTION('ref_axis',(1.,7.52731921594143E-16,-4.06982130775755E-16));
#6226=DIRECTION('center_axis',(3.26313087279779E-16,3.2631308727978E-16,
1.));
#6227=DIRECTION('ref_axis',(1.,3.44257579035993E-16,-3.379082658278E-16));
#6228=DIRECTION('center_axis',(6.12323399573677E-17,1.,0.));
#6229=DIRECTION('ref_axis',(1.,-6.12323399573677E-17,-1.22464679914735E-16));
#6230=DIRECTION('center_axis',(0.,0.,1.));
#6231=DIRECTION('ref_axis',(1.,0.,0.));
#6232=DIRECTION('',(2.96059473233374E-15,-1.81284143126252E-31,-1.));
#6233=DIRECTION('center_axis',(0.,0.,1.));
#6234=DIRECTION('ref_axis',(1.,0.,0.));
#6235=DIRECTION('center_axis',(-2.68031548330893E-16,-2.68031548330894E-16,
1.));
#6236=DIRECTION('ref_axis',(1.,7.15923777280243E-16,2.22044604925032E-16));
#6237=DIRECTION('',(9.97419615706023E-16,-6.10743369890582E-32,1.));
#6238=DIRECTION('center_axis',(-6.12323399573677E-17,-1.,0.));
#6239=DIRECTION('ref_axis',(1.,-6.12323399573677E-17,0.));
#6240=DIRECTION('center_axis',(-4.46719247218156E-17,-4.46719247218157E-17,
1.));
#6241=DIRECTION('ref_axis',(1.,1.71512449944289E-15,3.7007434154172E-17));
#6242=DIRECTION('center_axis',(0.,0.,1.));
#6243=DIRECTION('ref_axis',(1.,0.,0.));
#6244=DIRECTION('',(0.866025403784442,-5.30287619362455E-17,0.499999999999995));
#6245=DIRECTION('center_axis',(7.51007496033384E-31,7.51007496033386E-31,
1.));
#6246=DIRECTION('ref_axis',(1.,1.2521756001074E-15,-6.22154980601773E-31));
#6247=DIRECTION('center_axis',(0.64278760968654,0.,-0.766044443118978));
#6248=DIRECTION('ref_axis',(-0.766044443118978,4.69066937635136E-17,-0.64278760968654));
#6249=DIRECTION('',(-0.766044443118978,4.69066937635136E-17,-0.64278760968654));
#6250=DIRECTION('',(-2.17749889865693E-17,1.,0.));
#6251=DIRECTION('',(-2.17749889865693E-17,1.,0.));
#6252=DIRECTION('center_axis',(0.,1.,0.));
#6253=DIRECTION('ref_axis',(1.,0.,-1.22464679914735E-16));
#6254=DIRECTION('center_axis',(6.12323399573677E-17,1.,0.));
#6255=DIRECTION('ref_axis',(1.,-6.12323399573677E-17,-1.22464679914735E-16));
#6256=DIRECTION('center_axis',(1.,0.,2.96059473233374E-15));
#6257=DIRECTION('ref_axis',(2.96059473233374E-15,-1.81284143126252E-31,
-1.));
#6258=DIRECTION('',(2.96059473233374E-15,-1.81284143126252E-31,-1.));
#6259=DIRECTION('center_axis',(-1.,0.,9.97419615706023E-16));
#6260=DIRECTION('ref_axis',(9.97419615706023E-16,-6.10743369890582E-32,
1.));
#6261=DIRECTION('',(-2.17749889865693E-17,1.,0.));
#6262=DIRECTION('',(9.97419615706023E-16,-6.10743369890582E-32,1.));
#6263=DIRECTION('center_axis',(0.,1.,0.));
#6264=DIRECTION('ref_axis',(1.,0.,0.));
#6265=DIRECTION('center_axis',(-6.12323399573677E-17,-1.,0.));
#6266=DIRECTION('ref_axis',(1.,-6.12323399573677E-17,0.));
#6267=DIRECTION('',(-2.17749889865693E-17,1.,0.));
#6268=DIRECTION('center_axis',(-0.499999999999995,0.,0.866025403784442));
#6269=DIRECTION('ref_axis',(0.866025403784442,-5.30287619362455E-17,0.499999999999995));
#6270=DIRECTION('',(0.866025403784442,-5.30287619362455E-17,0.499999999999995));
#6271=DIRECTION('',(-2.17749889865693E-17,1.,0.));
#6272=DIRECTION('center_axis',(0.,0.,1.));
#6273=DIRECTION('ref_axis',(0.,-1.,0.));
#6274=DIRECTION('',(0.,0.766044443118978,-0.64278760968654));
#6275=DIRECTION('center_axis',(3.93016711904931E-16,-3.93016711904931E-16,
1.));
#6276=DIRECTION('ref_axis',(-4.06982130775755E-16,-1.,-4.06982130775755E-16));
#6277=DIRECTION('center_axis',(3.26313087279779E-16,-3.26313087279779E-16,
1.));
#6278=DIRECTION('ref_axis',(1.3516330633112E-16,-1.,-3.379082658278E-16));
#6279=DIRECTION('center_axis',(1.,0.,0.));
#6280=DIRECTION('ref_axis',(0.,-1.,-1.22464679914735E-16));
#6281=DIRECTION('center_axis',(0.,0.,1.));
#6282=DIRECTION('ref_axis',(0.,-1.,0.));
#6283=DIRECTION('',(0.,-2.96059473233374E-15,-1.));
#6284=DIRECTION('center_axis',(0.,0.,1.));
#6285=DIRECTION('ref_axis',(0.,-1.,0.));
#6286=DIRECTION('center_axis',(-2.68031548330893E-16,2.68031548330893E-16,
1.));
#6287=DIRECTION('ref_axis',(0.,-1.,2.22044604925031E-16));
#6288=DIRECTION('',(0.,-9.97419615706023E-16,1.));
#6289=DIRECTION('center_axis',(-1.,0.,0.));
#6290=DIRECTION('ref_axis',(0.,-1.,0.));
#6291=DIRECTION('center_axis',(-4.46719247218155E-17,4.46719247218155E-17,
1.));
#6292=DIRECTION('ref_axis',(-4.44089209850063E-16,-1.,3.70074341541719E-17));
#6293=DIRECTION('center_axis',(0.,0.,1.));
#6294=DIRECTION('ref_axis',(0.,-1.,0.));
#6295=DIRECTION('',(0.,-0.866025403784442,0.499999999999995));
#6296=DIRECTION('center_axis',(7.51007496033383E-31,-7.51007496033383E-31,
1.));
#6297=DIRECTION('ref_axis',(1.75121058675302E-16,-1.,-6.22154980601771E-31));
#6298=DIRECTION('center_axis',(0.,0.,1.));
#6299=DIRECTION('ref_axis',(1.,0.,0.));
#6300=DIRECTION('',(1.,0.,0.));
#6301=DIRECTION('center_axis',(0.,-0.64278760968654,-0.766044443118978));
#6302=DIRECTION('ref_axis',(0.,0.766044443118978,-0.64278760968654));
#6303=DIRECTION('',(1.,0.,0.));
#6304=DIRECTION('',(1.,0.,0.));
#6305=DIRECTION('center_axis',(1.,0.,0.));
#6306=DIRECTION('ref_axis',(0.,-1.,-1.22464679914735E-16));
#6307=DIRECTION('center_axis',(0.,-1.,2.96059473233374E-15));
#6308=DIRECTION('ref_axis',(0.,-2.96059473233374E-15,-1.));
#6309=DIRECTION('center_axis',(0.,1.,9.97419615706023E-16));
#6310=DIRECTION('ref_axis',(0.,-9.97419615706023E-16,1.));
#6311=DIRECTION('',(1.,0.,0.));
#6312=DIRECTION('center_axis',(1.,0.,0.));
#6313=DIRECTION('ref_axis',(0.,-1.,0.));
#6314=DIRECTION('',(1.,0.,0.));
#6315=DIRECTION('center_axis',(0.,0.499999999999995,0.866025403784442));
#6316=DIRECTION('ref_axis',(0.,-0.866025403784442,0.499999999999995));
#6317=DIRECTION('center_axis',(0.,9.15367554997065E-15,-1.));
#6318=DIRECTION('ref_axis',(0.,1.,9.15367554997065E-15));
#6319=DIRECTION('center_axis',(0.707106781186546,-0.70710678118655,1.44562068036925E-16));
#6320=DIRECTION('ref_axis',(2.04441637222522E-16,0.,-1.));
#6321=DIRECTION('',(0.,2.04441637222521E-16,1.));
#6322=DIRECTION('center_axis',(-1.,-3.39079022112756E-17,-8.22387425648261E-18));
#6323=DIRECTION('ref_axis',(-8.22387425648261E-18,0.,1.));
#6324=DIRECTION('center_axis',(1.,0.,1.48029736616686E-16));
#6325=DIRECTION('ref_axis',(-1.48029736616686E-16,2.04441637222521E-16,
1.));
#6326=DIRECTION('',(8.22387425648261E-18,-0.458122847290852,0.888888888888889));
#6327=DIRECTION('center_axis',(-1.,-3.39079022112756E-17,-8.22387425648261E-18));
#6328=DIRECTION('ref_axis',(-8.22387425648261E-18,2.04441637222521E-16,
1.));
#6329=DIRECTION('center_axis',(0.707106781186548,0.628539361054708,0.32394177193585));
#6330=DIRECTION('ref_axis',(0.416496563917522,0.,-0.90913729009699));
#6331=DIRECTION('center_axis',(-0.707106781186548,-0.628539361054708,-0.32394177193585));
#6332=DIRECTION('ref_axis',(-0.707106781186547,0.628539361054709,0.323941771935851));
#6333=DIRECTION('',(0.,-0.458122847290852,0.888888888888889));
#6334=DIRECTION('center_axis',(1.,3.39079022112757E-17,0.));
#6335=DIRECTION('ref_axis',(-3.81822733336693E-18,2.04441637222521E-16,
1.));
#6336=DIRECTION('center_axis',(-1.,0.,0.));
#6337=DIRECTION('ref_axis',(0.,2.04441637222521E-16,1.));
#6338=DIRECTION('center_axis',(1.,0.,0.));
#6339=DIRECTION('ref_axis',(0.,2.04441637222521E-16,1.));
#6340=DIRECTION('center_axis',(1.,0.,0.));
#6341=DIRECTION('ref_axis',(0.,2.04441637222521E-16,1.));
#6342=DIRECTION('center_axis',(0.,0.,-1.));
#6343=DIRECTION('ref_axis',(0.707106781186548,0.707106781186548,0.));
#6344=DIRECTION('',(0.,0.,1.));
#6345=DIRECTION('center_axis',(-0.70710678118655,0.,-0.707106781186545));
#6346=DIRECTION('ref_axis',(0.707106781186545,0.,-0.70710678118655));
#6347=DIRECTION('',(0.,0.,-1.));
#6348=DIRECTION('center_axis',(0.,0.,1.));
#6349=DIRECTION('ref_axis',(1.,0.,0.));
#6350=DIRECTION('center_axis',(0.,3.55271367880051E-14,1.));
#6351=DIRECTION('ref_axis',(-1.,0.,0.));
#6352=DIRECTION('center_axis',(6.34413156928658E-15,1.,-3.80647894156809E-14));
#6353=DIRECTION('ref_axis',(0.,-3.80647894156809E-14,-1.));
#6354=DIRECTION('center_axis',(0.,-3.55271367880051E-14,-1.));
#6355=DIRECTION('ref_axis',(-0.707106781186548,-0.707106781186547,2.51214793389404E-14));
#6356=DIRECTION('center_axis',(-1.,0.,0.));
#6357=DIRECTION('ref_axis',(0.,-3.80647894157195E-14,-1.));
#6358=DIRECTION('center_axis',(0.,3.55271367880051E-14,1.));
#6359=DIRECTION('ref_axis',(-0.707106781186548,-0.707106781186547,2.51187959321441E-14));
#6360=DIRECTION('center_axis',(0.,-1.,3.55271367880051E-14));
#6361=DIRECTION('ref_axis',(-0.707106781186548,-2.69158707202932E-14,-0.707106781186548));
#6362=DIRECTION('center_axis',(0.,1.,-3.80647894157195E-14));
#6363=DIRECTION('ref_axis',(0.,-3.80647894157195E-14,-1.));
#6364=DIRECTION('',(0.,1.,-3.55271367880051E-14));
#6365=DIRECTION('',(0.,-1.,3.55271367880051E-14));
#6366=DIRECTION('center_axis',(0.,3.55271367880051E-14,1.));
#6367=DIRECTION('ref_axis',(-1.,0.,0.));
#6368=DIRECTION('center_axis',(1.,0.,0.));
#6369=DIRECTION('ref_axis',(0.,-3.80647894155775E-14,-1.));
#6370=DIRECTION('center_axis',(0.,-3.55271367880051E-14,-1.));
#6371=DIRECTION('ref_axis',(-0.707106781186546,0.707106781186549,-2.51214793389405E-14));
#6372=DIRECTION('center_axis',(0.,3.55271367880051E-14,1.));
#6373=DIRECTION('ref_axis',(-0.707106781186546,0.707106781186549,-2.5118795932144E-14));
#6374=DIRECTION('center_axis',(-1.,0.,0.));
#6375=DIRECTION('ref_axis',(0.,0.70710678118653,-0.707106781186566));
#6376=DIRECTION('',(-1.,0.,0.));
#6377=DIRECTION('',(1.,0.,0.));
#6378=DIRECTION('center_axis',(0.,1.,0.));
#6379=DIRECTION('ref_axis',(0.,0.,1.));
#6380=DIRECTION('center_axis',(1.,0.,-3.17206578464329E-15));
#6381=DIRECTION('ref_axis',(-3.17206578464329E-15,0.,-1.));
#6382=DIRECTION('center_axis',(0.,1.,0.));
#6383=DIRECTION('ref_axis',(-0.707106781186548,0.,0.707106781186547));
#6384=DIRECTION('center_axis',(0.,-1.,0.));
#6385=DIRECTION('ref_axis',(-0.707106781186548,0.,0.707106781186547));
#6386=DIRECTION('center_axis',(0.,1.,0.));
#6387=DIRECTION('ref_axis',(-0.707106781186547,0.,0.707106781186548));
#6388=DIRECTION('',(0.,1.,0.));
#6389=DIRECTION('center_axis',(0.,-1.,0.));
#6390=DIRECTION('ref_axis',(-0.707106781186548,0.,0.707106781186547));
#6391=DIRECTION('',(0.,-1.,0.));
#6392=DIRECTION('center_axis',(1.,0.,0.));
#6393=DIRECTION('ref_axis',(0.,0.,1.));
#6394=DIRECTION('',(0.,0.,-1.));
#6395=DIRECTION('',(0.,1.,-3.55271367880051E-14));
#6396=DIRECTION('center_axis',(0.,0.,-1.));
#6397=DIRECTION('ref_axis',(-0.707106781186554,-0.707106781186541,0.));
#6398=DIRECTION('center_axis',(0.,0.,-1.));
#6399=DIRECTION('ref_axis',(0.,-1.,0.));
#6400=DIRECTION('',(0.,0.,1.));
#6401=DIRECTION('center_axis',(0.,3.55271367880051E-14,1.));
#6402=DIRECTION('ref_axis',(-0.707106781186554,-0.707106781186541,0.));
#6403=DIRECTION('center_axis',(0.,1.,0.));
#6404=DIRECTION('ref_axis',(0.,0.,1.));
#6405=DIRECTION('center_axis',(-1.,0.,-4.44089209850056E-15));
#6406=DIRECTION('ref_axis',(0.,-1.,0.));
#6407=DIRECTION('center_axis',(0.,1.,0.));
#6408=DIRECTION('ref_axis',(-0.707106781186548,0.,0.707106781186547));
#6409=DIRECTION('center_axis',(0.,3.55271367880051E-14,1.));
#6410=DIRECTION('ref_axis',(-1.,0.,0.));
#6411=DIRECTION('center_axis',(0.,1.,-3.55271367879799E-14));
#6412=DIRECTION('ref_axis',(1.,0.,0.));
#6413=DIRECTION('center_axis',(0.,-3.55271367880051E-14,-1.));
#6414=DIRECTION('ref_axis',(-0.707106781186549,-0.707106781186546,2.51169699074325E-14));
#6415=DIRECTION('center_axis',(-1.,0.,0.));
#6416=DIRECTION('ref_axis',(0.,1.,0.));
#6417=DIRECTION('center_axis',(0.,3.55271367880051E-14,1.));
#6418=DIRECTION('ref_axis',(-0.707106781186549,-0.707106781186546,2.51214793389404E-14));
#6419=DIRECTION('center_axis',(1.05181454029468E-28,-1.,3.55271367880051E-14));
#6420=DIRECTION('ref_axis',(0.707106781186548,-2.51214793389409E-14,-0.707106781186548));
#6421=DIRECTION('center_axis',(0.,1.,-3.55271367880058E-14));
#6422=DIRECTION('ref_axis',(1.,0.,0.));
#6423=DIRECTION('',(-1.05181454029468E-28,1.,-3.55271367880051E-14));
#6424=DIRECTION('',(1.05181454029468E-28,-1.,3.55271367880051E-14));
#6425=DIRECTION('center_axis',(0.,3.55271367880051E-14,1.));
#6426=DIRECTION('ref_axis',(-1.,0.,0.));
#6427=DIRECTION('center_axis',(1.,0.,0.));
#6428=DIRECTION('ref_axis',(0.,-1.,3.55271367880051E-14));
#6429=DIRECTION('center_axis',(0.,-3.55271367880051E-14,-1.));
#6430=DIRECTION('ref_axis',(-0.707106781186546,0.707106781186549,-2.51169699074324E-14));
#6431=DIRECTION('center_axis',(0.,3.55271367880051E-14,1.));
#6432=DIRECTION('ref_axis',(-0.707106781186546,0.707106781186549,-2.51214793389405E-14));
#6433=DIRECTION('center_axis',(0.,0.,-1.));
#6434=DIRECTION('ref_axis',(-1.,0.,0.));
#6435=DIRECTION('',(3.62568286252503E-31,-2.96059473233374E-15,1.));
#6436=DIRECTION('center_axis',(0.,0.,1.));
#6437=DIRECTION('ref_axis',(-0.707106781186547,0.707106781186548,0.));
#6438=DIRECTION('',(2.96059473233374E-15,1.81284143126252E-31,1.));
#6439=DIRECTION('center_axis',(-1.,0.,2.96059473233374E-15));
#6440=DIRECTION('ref_axis',(2.96059473233374E-15,1.81284143126252E-31,1.));
#6441=DIRECTION('',(0.,-1.,0.));
#6442=DIRECTION('',(2.96059473233374E-15,1.81284143126252E-31,1.));
#6443=DIRECTION('center_axis',(0.,0.,-1.));
#6444=DIRECTION('ref_axis',(0.,-1.,0.));
#6445=DIRECTION('center_axis',(0.,0.,1.));
#6446=DIRECTION('ref_axis',(-0.707106781186547,-0.707106781186547,0.));
#6447=DIRECTION('',(0.,2.96059473233374E-15,1.));
#6448=DIRECTION('center_axis',(0.,0.,1.));
#6449=DIRECTION('ref_axis',(-1.,0.,0.));
#6450=DIRECTION('center_axis',(-4.44089209850064E-15,-1.,0.));
#6451=DIRECTION('ref_axis',(0.,0.,1.));
#6452=DIRECTION('center_axis',(0.,0.,-1.));
#6453=DIRECTION('ref_axis',(-0.707106781186547,-0.707106781186547,0.));
#6454=DIRECTION('center_axis',(1.,0.,0.));
#6455=DIRECTION('ref_axis',(0.,0.,1.));
#6456=DIRECTION('center_axis',(0.,-1.,0.));
#6457=DIRECTION('ref_axis',(-0.707106781186554,0.,0.707106781186541));
#6458=DIRECTION('center_axis',(0.,-1.,0.));
#6459=DIRECTION('ref_axis',(0.,0.,1.));
#6460=DIRECTION('',(0.,1.,0.));
#6461=DIRECTION('center_axis',(0.,0.,1.));
#6462=DIRECTION('ref_axis',(-1.,0.,0.));
#6463=DIRECTION('center_axis',(-1.,0.,0.));
#6464=DIRECTION('ref_axis',(0.,0.,1.));
#6465=DIRECTION('center_axis',(0.,0.,-1.));
#6466=DIRECTION('ref_axis',(-0.707106781186547,0.707106781186548,0.));
#6467=DIRECTION('center_axis',(0.,0.,-1.));
#6468=DIRECTION('ref_axis',(-1.,0.,0.));
#6469=DIRECTION('',(0.,0.,-1.));
#6470=DIRECTION('center_axis',(-2.14425238664714E-15,2.14425238664714E-15,
-1.));
#6471=DIRECTION('ref_axis',(-1.,1.60812264967663E-16,1.77635683940024E-15));
#6472=DIRECTION('',(0.,0.,-1.));
#6473=DIRECTION('center_axis',(0.,0.,1.));
#6474=DIRECTION('ref_axis',(0.,1.,0.));
#6475=DIRECTION('center_axis',(6.12323399573677E-17,-1.,0.));
#6476=DIRECTION('ref_axis',(0.,0.,1.));
#6477=DIRECTION('center_axis',(-2.40161878241342E-15,2.40161878241342E-15,
-1.));
#6478=DIRECTION('ref_axis',(-1.,4.3615919570543E-16,1.98956614265119E-15));
#6479=DIRECTION('center_axis',(-1.,-1.22464679914735E-16,0.));
#6480=DIRECTION('ref_axis',(0.,0.,1.));
#6481=DIRECTION('center_axis',(0.,0.,-1.));
#6482=DIRECTION('ref_axis',(-1.,0.,0.));
#6483=DIRECTION('',(-0.76604444311172,-4.69066937630692E-17,-0.642787609695189));
#6484=DIRECTION('center_axis',(-2.64987153882691E-15,2.64987153882692E-15,
-1.));
#6485=DIRECTION('ref_axis',(-1.,3.50372433765847E-16,2.19522545985714E-15));
#6486=DIRECTION('',(-9.38133875261385E-17,0.76604444311172,-0.642787609695189));
#6487=DIRECTION('center_axis',(1.,0.,0.));
#6488=DIRECTION('ref_axis',(0.,0.,-1.));
#6489=DIRECTION('',(0.,0.,-1.));
#6490=DIRECTION('',(2.17749889865693E-17,1.,0.));
#6491=DIRECTION('center_axis',(0.,-1.,0.));
#6492=DIRECTION('ref_axis',(0.,0.,1.));
#6493=DIRECTION('center_axis',(6.12323399573677E-17,-1.,0.));
#6494=DIRECTION('ref_axis',(0.,0.,1.));
#6495=DIRECTION('',(2.17749889865693E-17,1.,0.));
#6496=DIRECTION('center_axis',(0.642787609695189,0.,-0.76604444311172));
#6497=DIRECTION('ref_axis',(-0.76604444311172,-4.69066937630692E-17,-0.642787609695189));
#6498=DIRECTION('',(-0.76604444311172,-4.69066937630692E-17,-0.642787609695189));
#6499=DIRECTION('',(2.17749889865693E-17,1.,0.));
#6500=DIRECTION('center_axis',(1.00221073752441E-10,0.,-1.));
#6501=DIRECTION('ref_axis',(-1.,-6.12323399573677E-17,-1.00221073752441E-10));
#6502=DIRECTION('',(-1.,-6.12323399573677E-17,-1.00221073752441E-10));
#6503=DIRECTION('',(2.17749889865693E-17,1.,0.));
#6504=DIRECTION('',(-1.,-6.12323399573677E-17,-1.00221073752441E-10));
#6505=DIRECTION('center_axis',(0.,0.,-1.));
#6506=DIRECTION('ref_axis',(0.,-1.,0.));
#6507=DIRECTION('',(0.,0.,-1.));
#6508=DIRECTION('center_axis',(-2.14425238664714E-15,-2.14425238664714E-15,
-1.));
#6509=DIRECTION('ref_axis',(1.11022302462515E-16,-1.,1.77635683940024E-15));
#6510=DIRECTION('center_axis',(0.,0.,1.));
#6511=DIRECTION('ref_axis',(-1.,0.,0.));
#6512=DIRECTION('center_axis',(1.,0.,0.));
#6513=DIRECTION('ref_axis',(0.,0.,1.));
#6514=DIRECTION('center_axis',(-2.40161878241341E-15,-2.40161878241341E-15,
-1.));
#6515=DIRECTION('ref_axis',(1.24347883915699E-16,-1.,1.98956614265119E-15));
#6516=DIRECTION('center_axis',(0.,0.,-1.));
#6517=DIRECTION('ref_axis',(0.,-1.,0.));
#6518=DIRECTION('',(0.,-0.76604444311172,-0.642787609695189));
#6519=DIRECTION('center_axis',(-2.64987153882691E-15,-2.64987153882691E-15,
-1.));
#6520=DIRECTION('ref_axis',(2.74403182482143E-16,-1.,2.19522545985714E-15));
#6521=DIRECTION('center_axis',(0.707106781186546,0.70710678118655,-1.44562068036925E-16));
#6522=DIRECTION('ref_axis',(-2.04441637222522E-16,0.,-1.));
#6523=DIRECTION('',(0.,2.04441637222521E-16,1.));
#6524=DIRECTION('center_axis',(-1.,3.39079022112756E-17,8.22387425648261E-18));
#6525=DIRECTION('ref_axis',(8.22387425648261E-18,0.,1.));
#6526=DIRECTION('center_axis',(-1.,3.39079022112756E-17,8.22387425648261E-18));
#6527=DIRECTION('ref_axis',(8.22387425648261E-18,2.04441637222521E-16,1.));
#6528=DIRECTION('',(-8.22387425648261E-18,-0.458122847290852,0.888888888888889));
#6529=DIRECTION('center_axis',(1.,0.,-1.48029736616686E-16));
#6530=DIRECTION('ref_axis',(1.48029736616686E-16,2.04441637222521E-16,1.));
#6531=DIRECTION('center_axis',(0.707106781186548,-0.628539361054708,-0.32394177193585));
#6532=DIRECTION('ref_axis',(-0.416496563917522,0.,-0.90913729009699));
#6533=DIRECTION('',(0.,-0.458122847290852,0.888888888888889));
#6534=DIRECTION('center_axis',(-0.707106781186548,0.628539361054708,0.32394177193585));
#6535=DIRECTION('ref_axis',(0.707106781186547,0.628539361054709,0.323941771935851));
#6536=DIRECTION('center_axis',(-1.,3.39079022112757E-17,0.));
#6537=DIRECTION('ref_axis',(3.81822733336693E-18,2.04441637222521E-16,1.));
#6538=DIRECTION('center_axis',(-1.,0.,0.));
#6539=DIRECTION('ref_axis',(0.,2.04441637222521E-16,1.));
#6540=DIRECTION('center_axis',(1.,0.,0.));
#6541=DIRECTION('ref_axis',(0.,2.04441637222521E-16,1.));
#6542=DIRECTION('center_axis',(1.,0.,0.));
#6543=DIRECTION('ref_axis',(0.,2.04441637222521E-16,1.));
#6544=DIRECTION('center_axis',(0.,0.,1.));
#6545=DIRECTION('ref_axis',(-0.707106781186548,0.707106781186548,0.));
#6546=DIRECTION('',(0.,0.,1.));
#6547=DIRECTION('center_axis',(0.,0.,-1.));
#6548=DIRECTION('ref_axis',(-1.,0.,0.));
#6549=DIRECTION('',(0.,0.,-1.));
#6550=DIRECTION('center_axis',(-0.70710678118655,0.,0.707106781186545));
#6551=DIRECTION('ref_axis',(-0.707106781186545,0.,-0.70710678118655));
#6552=DIRECTION('center_axis',(1.,0.,0.));
#6553=DIRECTION('ref_axis',(0.,-0.707106781186565,-0.70710678118653));
#6554=DIRECTION('',(1.,0.,0.));
#6555=DIRECTION('center_axis',(-1.,0.,0.));
#6556=DIRECTION('ref_axis',(0.,-3.80647894157195E-14,-1.));
#6557=DIRECTION('',(-1.,0.,0.));
#6558=DIRECTION('center_axis',(0.,3.55271367880051E-14,1.));
#6559=DIRECTION('ref_axis',(1.,0.,0.));
#6560=DIRECTION('center_axis',(6.34413156928658E-15,-1.,3.80647894156809E-14));
#6561=DIRECTION('ref_axis',(0.,-3.80647894156809E-14,-1.));
#6562=DIRECTION('center_axis',(0.,-3.55271367880051E-14,-1.));
#6563=DIRECTION('ref_axis',(0.707106781186548,-0.707106781186547,2.51187959321441E-14));
#6564=DIRECTION('center_axis',(0.,3.55271367880051E-14,1.));
#6565=DIRECTION('ref_axis',(0.707106781186548,-0.707106781186547,2.51214793389404E-14));
#6566=DIRECTION('center_axis',(0.,1.,-3.55271367880051E-14));
#6567=DIRECTION('ref_axis',(0.707106781186548,-2.69158707202932E-14,-0.707106781186548));
#6568=DIRECTION('center_axis',(0.,-1.,3.80647894157195E-14));
#6569=DIRECTION('ref_axis',(0.,-3.80647894157195E-14,-1.));
#6570=DIRECTION('',(0.,-1.,3.55271367880051E-14));
#6571=DIRECTION('',(0.,1.,-3.55271367880051E-14));
#6572=DIRECTION('center_axis',(0.,3.55271367880051E-14,1.));
#6573=DIRECTION('ref_axis',(1.,0.,0.));
#6574=DIRECTION('center_axis',(1.,0.,0.));
#6575=DIRECTION('ref_axis',(0.,-3.80647894155775E-14,-1.));
#6576=DIRECTION('center_axis',(0.,-3.55271367880051E-14,-1.));
#6577=DIRECTION('ref_axis',(0.707106781186546,0.707106781186549,-2.5118795932144E-14));
#6578=DIRECTION('center_axis',(0.,3.55271367880051E-14,1.));
#6579=DIRECTION('ref_axis',(0.707106781186546,0.707106781186549,-2.51214793389405E-14));
#6580=DIRECTION('center_axis',(-1.,0.,0.));
#6581=DIRECTION('ref_axis',(0.,0.70710678118653,-0.707106781186566));
#6582=DIRECTION('',(1.,0.,0.));
#6583=DIRECTION('',(-1.,0.,0.));
#6584=DIRECTION('center_axis',(0.,1.,0.));
#6585=DIRECTION('ref_axis',(0.,0.,1.));
#6586=DIRECTION('center_axis',(1.,0.,3.17206578464329E-15));
#6587=DIRECTION('ref_axis',(3.17206578464329E-15,0.,-1.));
#6588=DIRECTION('center_axis',(0.,1.,0.));
#6589=DIRECTION('ref_axis',(0.707106781186548,0.,0.707106781186547));
#6590=DIRECTION('center_axis',(0.,-1.,0.));
#6591=DIRECTION('ref_axis',(0.707106781186548,0.,0.707106781186547));
#6592=DIRECTION('center_axis',(-1.,0.,0.));
#6593=DIRECTION('ref_axis',(0.,0.707106781186548,-0.707106781186548));
#6594=DIRECTION('',(1.,0.,0.));
#6595=DIRECTION('',(-1.,0.,0.));
#6596=DIRECTION('center_axis',(0.,0.,1.));
#6597=DIRECTION('ref_axis',(-1.,0.,0.));
#6598=DIRECTION('',(0.,1.,0.));
#6599=DIRECTION('',(1.,0.,0.));
#6600=DIRECTION('center_axis',(0.,-1.,0.));
#6601=DIRECTION('ref_axis',(0.707106781186547,0.,0.707106781186548));
#6602=DIRECTION('',(0.,-1.,0.));
#6603=DIRECTION('center_axis',(0.,1.,0.));
#6604=DIRECTION('ref_axis',(0.707106781186548,0.,0.707106781186547));
#6605=DIRECTION('center_axis',(1.,0.,0.));
#6606=DIRECTION('ref_axis',(0.,0.,1.));
#6607=DIRECTION('',(0.,1.,-3.55271367880051E-14));
#6608=DIRECTION('',(0.,0.,-1.));
#6609=DIRECTION('center_axis',(0.,-3.55271367880051E-14,-1.));
#6610=DIRECTION('ref_axis',(0.,1.,-3.55271367880051E-14));
#6611=DIRECTION('',(1.,0.,0.));
#6612=DIRECTION('center_axis',(0.,-3.55271367880051E-14,-1.));
#6613=DIRECTION('ref_axis',(0.707106781186554,-0.707106781186541,0.));
#6614=DIRECTION('',(-1.,0.,0.));
#6615=DIRECTION('center_axis',(0.,-3.55271367880051E-14,-1.));
#6616=DIRECTION('ref_axis',(0.707106781186549,-0.707106781186546,2.51214793389404E-14));
#6617=DIRECTION('',(-1.05181454029468E-28,-1.,3.55271367880051E-14));
#6618=DIRECTION('center_axis',(0.,-3.55271367880051E-14,-1.));
#6619=DIRECTION('ref_axis',(0.707106781186546,0.707106781186549,-2.51214793389405E-14));
#6620=DIRECTION('',(1.,0.,0.));
#6621=DIRECTION('center_axis',(0.,0.,1.));
#6622=DIRECTION('ref_axis',(0.707106781186554,-0.707106781186541,0.));
#6623=DIRECTION('center_axis',(0.,0.,1.));
#6624=DIRECTION('ref_axis',(0.,-1.,0.));
#6625=DIRECTION('',(0.,0.,1.));
#6626=DIRECTION('center_axis',(0.,1.,0.));
#6627=DIRECTION('ref_axis',(0.,0.,1.));
#6628=DIRECTION('center_axis',(-1.,0.,4.44089209850056E-15));
#6629=DIRECTION('ref_axis',(0.,-1.,0.));
#6630=DIRECTION('center_axis',(0.,-1.,0.));
#6631=DIRECTION('ref_axis',(0.707106781186548,0.,0.707106781186547));
#6632=DIRECTION('center_axis',(-1.,0.,0.));
#6633=DIRECTION('ref_axis',(0.,-0.707106781186535,0.70710678118656));
#6634=DIRECTION('',(-1.,0.,0.));
#6635=DIRECTION('center_axis',(0.,-1.,0.));
#6636=DIRECTION('ref_axis',(0.,0.,-1.));
#6637=DIRECTION('center_axis',(1.,0.,0.));
#6638=DIRECTION('ref_axis',(0.,0.707106781186541,-0.707106781186554));
#6639=DIRECTION('',(1.,0.,0.));
#6640=DIRECTION('center_axis',(-1.,0.,0.));
#6641=DIRECTION('ref_axis',(0.,1.,0.));
#6642=DIRECTION('center_axis',(0.,3.55271367880051E-14,1.));
#6643=DIRECTION('ref_axis',(1.,0.,0.));
#6644=DIRECTION('center_axis',(0.,-1.,3.55271367879799E-14));
#6645=DIRECTION('ref_axis',(-1.,0.,0.));
#6646=DIRECTION('center_axis',(0.,3.55271367880051E-14,1.));
#6647=DIRECTION('ref_axis',(0.707106781186549,-0.707106781186546,2.51169699074325E-14));
#6648=DIRECTION('center_axis',(1.05181454029468E-28,1.,-3.55271367880051E-14));
#6649=DIRECTION('ref_axis',(-0.707106781186548,-2.51214793389409E-14,-0.707106781186548));
#6650=DIRECTION('center_axis',(0.,-1.,3.55271367880058E-14));
#6651=DIRECTION('ref_axis',(-1.,0.,0.));
#6652=DIRECTION('',(1.05181454029468E-28,1.,-3.55271367880051E-14));
#6653=DIRECTION('center_axis',(0.,3.55271367880051E-14,1.));
#6654=DIRECTION('ref_axis',(1.,0.,0.));
#6655=DIRECTION('center_axis',(1.,0.,0.));
#6656=DIRECTION('ref_axis',(0.,-1.,3.55271367880051E-14));
#6657=DIRECTION('center_axis',(0.,3.55271367880051E-14,1.));
#6658=DIRECTION('ref_axis',(0.707106781186546,0.707106781186549,-2.51169699074324E-14));
#6659=DIRECTION('center_axis',(-1.,0.,0.));
#6660=DIRECTION('ref_axis',(0.,-0.70710678118656,-0.707106781186535));
#6661=DIRECTION('',(-1.,0.,0.));
#6662=DIRECTION('center_axis',(0.,-1.,-2.96059473233374E-15));
#6663=DIRECTION('ref_axis',(-3.62568286252503E-31,-2.96059473233374E-15,
1.));
#6664=DIRECTION('',(-3.62568286252503E-31,-2.96059473233374E-15,1.));
#6665=DIRECTION('',(1.,0.,0.));
#6666=DIRECTION('center_axis',(0.,0.,1.));
#6667=DIRECTION('ref_axis',(1.,0.,0.));
#6668=DIRECTION('',(-2.96059473233374E-15,1.81284143126252E-31,1.));
#6669=DIRECTION('center_axis',(0.,0.,-1.));
#6670=DIRECTION('ref_axis',(0.707106781186547,0.707106781186548,0.));
#6671=DIRECTION('center_axis',(-1.,0.,-2.96059473233374E-15));
#6672=DIRECTION('ref_axis',(-2.96059473233374E-15,1.81284143126252E-31,
1.));
#6673=DIRECTION('',(-2.96059473233374E-15,1.81284143126252E-31,1.));
#6674=DIRECTION('',(0.,-1.,0.));
#6675=DIRECTION('center_axis',(0.,0.,1.));
#6676=DIRECTION('ref_axis',(0.,-1.,0.));
#6677=DIRECTION('',(0.,2.96059473233374E-15,1.));
#6678=DIRECTION('center_axis',(0.,0.,-1.));
#6679=DIRECTION('ref_axis',(0.707106781186547,-0.707106781186547,0.));
#6680=DIRECTION('center_axis',(0.,1.,-2.96059473233374E-15));
#6681=DIRECTION('ref_axis',(0.,2.96059473233374E-15,1.));
#6682=DIRECTION('',(-1.,0.,0.));
#6683=DIRECTION('center_axis',(1.,0.,0.));
#6684=DIRECTION('ref_axis',(0.,-0.707106781186554,0.707106781186541));
#6685=DIRECTION('center_axis',(1.,0.,0.));
#6686=DIRECTION('ref_axis',(0.,0.,1.));
#6687=DIRECTION('',(1.,0.,0.));
#6688=DIRECTION('center_axis',(0.,0.,1.));
#6689=DIRECTION('ref_axis',(1.,0.,0.));
#6690=DIRECTION('center_axis',(-4.44089209850064E-15,1.,0.));
#6691=DIRECTION('ref_axis',(0.,0.,1.));
#6692=DIRECTION('center_axis',(0.,0.,1.));
#6693=DIRECTION('ref_axis',(0.707106781186547,-0.707106781186547,0.));
#6694=DIRECTION('center_axis',(0.,1.,0.));
#6695=DIRECTION('ref_axis',(0.707106781186554,0.,0.707106781186541));
#6696=DIRECTION('center_axis',(0.,1.,0.));
#6697=DIRECTION('ref_axis',(0.,0.,1.));
#6698=DIRECTION('',(0.,1.,0.));
#6699=DIRECTION('center_axis',(0.,0.,1.));
#6700=DIRECTION('ref_axis',(1.,0.,0.));
#6701=DIRECTION('center_axis',(-1.,0.,0.));
#6702=DIRECTION('ref_axis',(0.,0.,1.));
#6703=DIRECTION('center_axis',(0.,0.,1.));
#6704=DIRECTION('ref_axis',(0.707106781186547,0.707106781186548,0.));
#6705=DIRECTION('center_axis',(-1.,0.,0.));
#6706=DIRECTION('ref_axis',(0.,0.707106781186554,0.707106781186541));
#6707=DIRECTION('',(-1.,0.,0.));
#6708=DIRECTION('center_axis',(0.,0.,-1.));
#6709=DIRECTION('ref_axis',(0.,1.,0.));
#6710=DIRECTION('center_axis',(0.,1.,0.));
#6711=DIRECTION('ref_axis',(0.,0.,-1.));
#6712=DIRECTION('',(-1.,-4.35499779731385E-17,0.));
#6713=DIRECTION('',(0.,0.,-1.));
#6714=DIRECTION('center_axis',(-1.,0.,0.));
#6715=DIRECTION('ref_axis',(0.,0.,1.));
#6716=DIRECTION('center_axis',(-1.,1.22464679914735E-16,0.));
#6717=DIRECTION('ref_axis',(0.,0.,1.));
#6718=DIRECTION('',(-1.,-4.35499779731385E-17,0.));
#6719=DIRECTION('center_axis',(0.,0.642787609695189,0.76604444311172));
#6720=DIRECTION('ref_axis',(9.38133875261385E-17,0.76604444311172,-0.642787609695189));
#6721=DIRECTION('',(9.38133875261385E-17,0.76604444311172,-0.642787609695189));
#6722=DIRECTION('',(-1.,-4.35499779731385E-17,0.));
#6723=DIRECTION('center_axis',(0.,1.00221073752441E-10,1.));
#6724=DIRECTION('ref_axis',(1.22464679914735E-16,1.,-1.00221073752441E-10));
#6725=DIRECTION('',(1.22464679914735E-16,1.,-1.00221073752441E-10));
#6726=DIRECTION('',(-1.22464679914735E-16,1.,-1.00221073752441E-10));
#6727=DIRECTION('',(-1.,-4.35499779731385E-17,0.));
#6728=DIRECTION('center_axis',(0.,0.,1.));
#6729=DIRECTION('ref_axis',(1.,0.,0.));
#6730=DIRECTION('center_axis',(-2.14425238664714E-15,-2.14425238664714E-15,
1.));
#6731=DIRECTION('ref_axis',(1.,1.60812264967663E-16,1.77635683940024E-15));
#6732=DIRECTION('',(0.,0.,-1.));
#6733=DIRECTION('center_axis',(0.,0.,1.));
#6734=DIRECTION('ref_axis',(0.,1.,0.));
#6735=DIRECTION('center_axis',(6.12323399573677E-17,1.,0.));
#6736=DIRECTION('ref_axis',(0.,0.,1.));
#6737=DIRECTION('center_axis',(-2.40161878241342E-15,-2.40161878241342E-15,
1.));
#6738=DIRECTION('ref_axis',(1.,4.3615919570543E-16,1.98956614265119E-15));
#6739=DIRECTION('center_axis',(0.,0.,-1.));
#6740=DIRECTION('ref_axis',(1.,0.,0.));
#6741=DIRECTION('',(0.76604444311172,-4.69066937630692E-17,-0.642787609695189));
#6742=DIRECTION('center_axis',(-2.64987153882691E-15,-2.64987153882692E-15,
1.));
#6743=DIRECTION('ref_axis',(1.,3.50372433765847E-16,2.19522545985714E-15));
#6744=DIRECTION('center_axis',(1.,0.,0.));
#6745=DIRECTION('ref_axis',(0.,0.,-1.));
#6746=DIRECTION('',(-2.17749889865693E-17,1.,0.));
#6747=DIRECTION('',(0.,0.,-1.));
#6748=DIRECTION('center_axis',(0.,1.,0.));
#6749=DIRECTION('ref_axis',(0.,0.,1.));
#6750=DIRECTION('center_axis',(6.12323399573677E-17,1.,0.));
#6751=DIRECTION('ref_axis',(0.,0.,1.));
#6752=DIRECTION('',(-2.17749889865693E-17,1.,0.));
#6753=DIRECTION('center_axis',(0.642787609695189,0.,0.76604444311172));
#6754=DIRECTION('ref_axis',(0.76604444311172,-4.69066937630692E-17,-0.642787609695189));
#6755=DIRECTION('',(0.76604444311172,-4.69066937630692E-17,-0.642787609695189));
#6756=DIRECTION('',(-2.17749889865693E-17,1.,0.));
#6757=DIRECTION('center_axis',(1.00221073752441E-10,0.,1.));
#6758=DIRECTION('ref_axis',(1.,-6.12323399573677E-17,-1.00221073752441E-10));
#6759=DIRECTION('',(1.,-6.12323399573677E-17,-1.00221073752441E-10));
#6760=DIRECTION('',(1.,-6.12323399573677E-17,-1.00221073752441E-10));
#6761=DIRECTION('',(-2.17749889865693E-17,1.,0.));
#6762=DIRECTION('center_axis',(0.,0.,1.));
#6763=DIRECTION('ref_axis',(0.,-1.,0.));
#6764=DIRECTION('center_axis',(-2.14425238664714E-15,2.14425238664714E-15,
1.));
#6765=DIRECTION('ref_axis',(-1.11022302462515E-16,-1.,1.77635683940024E-15));
#6766=DIRECTION('',(0.,0.,-1.));
#6767=DIRECTION('center_axis',(0.,0.,1.));
#6768=DIRECTION('ref_axis',(1.,0.,0.));
#6769=DIRECTION('center_axis',(1.,0.,0.));
#6770=DIRECTION('ref_axis',(0.,0.,1.));
#6771=DIRECTION('center_axis',(-2.40161878241341E-15,2.40161878241341E-15,
1.));
#6772=DIRECTION('ref_axis',(-1.24347883915699E-16,-1.,1.98956614265119E-15));
#6773=DIRECTION('center_axis',(0.,0.,-1.));
#6774=DIRECTION('ref_axis',(0.,-1.,0.));
#6775=DIRECTION('',(0.,-0.76604444311172,-0.642787609695189));
#6776=DIRECTION('center_axis',(-2.64987153882691E-15,2.64987153882691E-15,
1.));
#6777=DIRECTION('ref_axis',(-2.74403182482143E-16,-1.,2.19522545985714E-15));
#6778=DIRECTION('center_axis',(0.,0.,1.));
#6779=DIRECTION('ref_axis',(1.,0.,0.));
#6780=DIRECTION('',(0.,-1.,-1.00221073752441E-10));
#6781=DIRECTION('',(0.,-1.,-1.00221073752441E-10));
#6782=DIRECTION('',(1.,0.,0.));
#6783=DIRECTION('center_axis',(0.,-1.,0.));
#6784=DIRECTION('ref_axis',(0.,0.,-1.));
#6785=DIRECTION('',(1.,0.,0.));
#6786=DIRECTION('center_axis',(1.,0.,0.));
#6787=DIRECTION('ref_axis',(0.,0.,1.));
#6788=DIRECTION('',(1.,0.,0.));
#6789=DIRECTION('center_axis',(0.,-0.642787609695189,0.76604444311172));
#6790=DIRECTION('ref_axis',(0.,-0.76604444311172,-0.642787609695189));
#6791=DIRECTION('',(1.,0.,0.));
#6792=DIRECTION('center_axis',(0.,-1.00221073752441E-10,1.));
#6793=DIRECTION('ref_axis',(0.,-1.,-1.00221073752441E-10));
#6794=DIRECTION('center_axis',(-1.,-4.93038065763132E-32,-1.48029736616686E-16));
#6795=DIRECTION('ref_axis',(0.,5.55111512312578E-17,-1.));
#6796=DIRECTION('center_axis',(1.,4.93038065763132E-32,1.48029736616686E-16));
#6797=DIRECTION('ref_axis',(7.04903507698511E-17,0.87934215774378,-0.476190476190476));
#6798=DIRECTION('center_axis',(-1.,-4.93038065763132E-32,-1.48029736616686E-16));
#6799=DIRECTION('ref_axis',(7.04903507698505E-17,0.87934215774378,-0.476190476190476));
#6800=DIRECTION('center_axis',(1.,7.39557098644699E-32,-7.39557098644699E-32));
#6801=DIRECTION('ref_axis',(-1.25216016701748E-31,1.,7.04903507698512E-17));
#6802=DIRECTION('center_axis',(1.,4.93038065763132E-32,1.48029736616686E-16));
#6803=DIRECTION('ref_axis',(-1.25216016701748E-31,1.,7.04903507698512E-17));
#6804=DIRECTION('',(-1.,-7.39557098644699E-32,7.39557098644699E-32));
#6805=DIRECTION('center_axis',(-1.48029736616686E-16,0.,1.));
#6806=DIRECTION('ref_axis',(0.566987298107782,-0.82372653458805,-6.93889390390723E-17));
#6807=DIRECTION('',(1.48029736616686E-16,6.93889390390723E-17,-1.));
#6808=DIRECTION('center_axis',(7.39557098644698E-32,0.,1.));
#6809=DIRECTION('ref_axis',(0.566987298107794,-0.823726534588042,-6.93889390390716E-17));
#6810=DIRECTION('',(-1.48029736616686E-16,0.,1.));
#6811=DIRECTION('center_axis',(1.23259516440783E-31,-1.,0.));
#6812=DIRECTION('ref_axis',(1.,0.,0.));
#6813=DIRECTION('center_axis',(1.,7.39557098644699E-32,-7.39557098644699E-32));
#6814=DIRECTION('ref_axis',(8.85927774418126E-32,-0.823726534588049,-0.566987298107782));
#6815=DIRECTION('center_axis',(-1.23259516440783E-31,1.,0.));
#6816=DIRECTION('ref_axis',(7.36667117846819E-32,-6.63530751486206E-17,
1.));
#6817=DIRECTION('center_axis',(1.23259516440783E-31,-1.,0.));
#6818=DIRECTION('ref_axis',(1.,5.75211076723654E-32,-9.03903120565742E-32));
#6819=DIRECTION('center_axis',(-1.23259516440783E-31,1.,0.));
#6820=DIRECTION('ref_axis',(0.,0.,-1.));
#6821=DIRECTION('center_axis',(-7.39557098644698E-32,0.,-1.));
#6822=DIRECTION('ref_axis',(0.566987298107779,0.823726534588051,-6.93889390390722E-17));
#6823=DIRECTION('center_axis',(1.23259516440783E-31,-1.,0.));
#6824=DIRECTION('ref_axis',(7.36667117846819E-32,-6.63530751486206E-17,
1.));
#6825=DIRECTION('center_axis',(-1.,-7.39557098644699E-32,7.39557098644699E-32));
#6826=DIRECTION('ref_axis',(-1.69481835106077E-31,0.823726534588048,-0.566987298107784));
#6827=DIRECTION('center_axis',(-1.23259516440783E-31,1.,0.));
#6828=DIRECTION('ref_axis',(-9.86076131526265E-32,0.,-1.));
#6829=DIRECTION('center_axis',(1.48029736616686E-16,0.,-1.));
#6830=DIRECTION('ref_axis',(0.566987298107782,0.82372653458805,6.93889390390723E-17));
#6831=DIRECTION('',(1.48029736616686E-16,0.,-1.));
#6832=DIRECTION('',(-1.48029736616686E-16,-6.93889390390723E-17,1.));
#6833=DIRECTION('center_axis',(1.,4.93038065763132E-32,1.48029736616686E-16));
#6834=DIRECTION('ref_axis',(-1.23259516440783E-31,1.,0.));
#6835=DIRECTION('center_axis',(1.,4.93038065763132E-32,1.48029736616686E-16));
#6836=DIRECTION('ref_axis',(-3.50732477001207E-17,0.,1.));
#6837=DIRECTION('',(1.48029736616686E-16,0.,-1.));
#6838=DIRECTION('center_axis',(-1.,-4.93038065763132E-32,-1.48029736616686E-16));
#6839=DIRECTION('ref_axis',(-8.80425117434165E-32,0.,-1.));
#6840=DIRECTION('',(1.1949308198898E-16,-0.590245899784782,-0.807223499278393));
#6841=DIRECTION('',(1.48029736616686E-16,0.,-1.));
#6842=DIRECTION('',(-1.23259516440783E-31,1.,0.));
#6843=DIRECTION('center_axis',(-1.,-4.93038065763132E-32,-1.48029736616686E-16));
#6844=DIRECTION('ref_axis',(-1.47944221877236E-16,0.0339858606599678,0.999422313776914));
#6845=DIRECTION('',(-1.23259516440783E-31,1.,0.));
#6846=DIRECTION('',(1.48029736616686E-16,5.55111512312578E-16,-1.));
#6847=DIRECTION('center_axis',(-1.,-4.93038065763132E-32,-1.48029736616686E-16));
#6848=DIRECTION('ref_axis',(1.47944221877236E-16,0.0339858606599679,-0.999422313776914));
#6849=DIRECTION('',(1.48029736616686E-16,5.55111512312578E-16,-1.));
#6850=DIRECTION('',(-1.23259516440783E-31,1.,0.));
#6851=DIRECTION('center_axis',(-1.4791141972894E-31,0.5,-0.866025403784439));
#6852=DIRECTION('ref_axis',(-0.566987298107782,-0.713368104724572,-0.411863267294024));
#6853=DIRECTION('',(-1.4791141972894E-31,0.5,-0.866025403784439));
#6854=DIRECTION('center_axis',(1.10933564796705E-31,-0.258819045102521,
0.965925826289068));
#6855=DIRECTION('ref_axis',(-1.19059550266054E-31,0.965925826289068,0.25881904510252));
#6856=DIRECTION('',(1.38666955995881E-31,-0.5,0.866025403784439));
#6857=DIRECTION('center_axis',(5.55111512312577E-16,0.499999999999999,-0.866025403784439));
#6858=DIRECTION('ref_axis',(-0.566987298107782,-0.713368104724572,-0.411863267294024));
#6859=DIRECTION('center_axis',(-7.39557098644698E-32,0.,-1.));
#6860=DIRECTION('ref_axis',(-0.566987298107782,-0.82372653458805,-6.93889390390723E-17));
#6861=DIRECTION('',(7.70371977754894E-32,-6.93889390390723E-17,1.));
#6862=DIRECTION('',(-7.39557098644698E-32,0.,-1.));
#6863=DIRECTION('center_axis',(7.39557098644698E-32,0.,1.));
#6864=DIRECTION('ref_axis',(-1.,-4.62223186652936E-32,1.15555796663234E-31));
#6865=DIRECTION('center_axis',(-1.23259516440783E-31,1.,0.));
#6866=DIRECTION('ref_axis',(1.,0.,0.));
#6867=DIRECTION('center_axis',(1.,7.39557098644699E-32,-7.39557098644699E-32));
#6868=DIRECTION('ref_axis',(6.93334779979404E-32,-6.93889390390722E-17,
1.));
#6869=DIRECTION('center_axis',(-1.23259516440783E-31,1.,0.));
#6870=DIRECTION('ref_axis',(1.,8.21730109605221E-32,-7.63035101776277E-32));
#6871=DIRECTION('center_axis',(1.23259516440783E-31,-1.,0.));
#6872=DIRECTION('ref_axis',(9.59569037756251E-32,-5.76201968116709E-17,
1.));
#6873=DIRECTION('center_axis',(-1.,-7.39557098644699E-32,7.39557098644699E-32));
#6874=DIRECTION('ref_axis',(0.,0.866025403784438,0.5));
#6875=DIRECTION('center_axis',(7.39557098644698E-32,0.,1.));
#6876=DIRECTION('ref_axis',(-0.566987298107784,0.823726534588048,0.));
#6877=DIRECTION('center_axis',(1.,7.39557098644699E-32,-7.39557098644699E-32));
#6878=DIRECTION('ref_axis',(-1.06824914248679E-31,1.,0.));
#6879=DIRECTION('center_axis',(-1.,-7.39557098644699E-32,7.39557098644699E-32));
#6880=DIRECTION('ref_axis',(-3.66399420845753E-32,0.866025403784438,0.500000000000001));
#6881=DIRECTION('center_axis',(7.39557098644698E-32,0.,1.));
#6882=DIRECTION('ref_axis',(-0.566987298107782,0.82372653458805,6.93889390390723E-17));
#6883=DIRECTION('',(-7.70371977754894E-32,6.93889390390723E-17,-1.));
#6884=DIRECTION('center_axis',(7.39557098644698E-32,0.,1.));
#6885=DIRECTION('ref_axis',(-0.566987298107782,0.82372653458805,6.93889390390723E-17));
#6886=DIRECTION('',(7.39557098644698E-32,0.,1.));
#6887=DIRECTION('center_axis',(1.23259516440783E-31,-1.,0.));
#6888=DIRECTION('ref_axis',(1.,0.,0.));
#6889=DIRECTION('center_axis',(1.,7.39557098644699E-32,-7.39557098644699E-32));
#6890=DIRECTION('ref_axis',(-8.08890576642639E-32,0.823726534588051,0.566987298107779));
#6891=DIRECTION('center_axis',(-1.23259516440783E-31,1.,0.));
#6892=DIRECTION('ref_axis',(9.59569037756251E-32,-5.76201968116709E-17,
1.));
#6893=DIRECTION('center_axis',(1.23259516440783E-31,-1.,0.));
#6894=DIRECTION('ref_axis',(1.,8.21730109605221E-32,-7.63035101776277E-32));
#6895=DIRECTION('center_axis',(-1.,-7.39557098644699E-32,7.39557098644699E-32));
#6896=DIRECTION('ref_axis',(-1.06824914248679E-31,1.,0.));
#6897=DIRECTION('',(-1.,-4.93038065763132E-32,9.03903120565743E-32));
#6898=DIRECTION('center_axis',(-1.,-4.93038065763132E-32,-1.48029736616686E-16));
#6899=DIRECTION('ref_axis',(-1.06824914248679E-31,1.,0.));
#6900=DIRECTION('',(1.,4.93038065763132E-32,-9.03903120565743E-32));
#6901=DIRECTION('center_axis',(-8.0118685686509E-32,0.866025403784439,0.5));
#6902=DIRECTION('ref_axis',(-1.4791141972894E-31,0.5,-0.866025403784439));
#6903=DIRECTION('',(-1.2819751242557E-16,-0.5,0.866025403784439));
#6904=DIRECTION('',(1.,7.39557098644699E-32,-7.39557098644699E-32));
#6905=DIRECTION('center_axis',(-1.72563323017096E-31,0.807223499278393,
-0.590245899784782));
#6906=DIRECTION('ref_axis',(-1.,-7.39557098644699E-32,7.39557098644699E-32));
#6907=DIRECTION('',(1.,7.39557098644699E-32,-7.39557098644699E-32));
#6908=DIRECTION('',(0.283053626604042,0.566107253208099,0.77421135507785));
#6909=DIRECTION('',(-1.,-7.39557098644699E-32,7.39557098644699E-32));
#6910=DIRECTION('center_axis',(-0.894427190999916,0.447213595499957,-5.55111512312578E-17));
#6911=DIRECTION('ref_axis',(-7.40148683083431E-17,0.,1.));
#6912=DIRECTION('',(-7.40148683083431E-17,0.,1.));
#6913=DIRECTION('center_axis',(0.894427190999916,-0.447213595499957,5.55111512312578E-17));
#6914=DIRECTION('ref_axis',(0.447213595499957,0.894427190999917,-8.34465261595723E-17));
#6915=DIRECTION('',(7.40148683083431E-17,0.,-1.));
#6916=DIRECTION('center_axis',(-0.894427190999916,0.447213595499957,-5.55111512312578E-17));
#6917=DIRECTION('ref_axis',(0.447213595499957,0.894427190999917,-9.20693291749145E-17));
#6918=DIRECTION('center_axis',(1.,7.39557098644699E-32,-7.39557098644699E-32));
#6919=DIRECTION('ref_axis',(-6.29848103792731E-32,0.955658109419295,0.294478484614986));
#6920=DIRECTION('',(-1.,-7.39557098644699E-32,7.39557098644699E-32));
#6921=DIRECTION('center_axis',(1.,-7.40148683083431E-17,7.40148683083431E-17));
#6922=DIRECTION('ref_axis',(-8.80425117434165E-32,0.,-1.));
#6923=DIRECTION('center_axis',(-1.,7.40148683083431E-17,-7.40148683083431E-17));
#6924=DIRECTION('ref_axis',(-7.40148683083431E-17,0.,1.));
#6925=DIRECTION('',(7.39557098644698E-32,0.,1.));
#6926=DIRECTION('center_axis',(-1.,7.40148683083431E-17,-7.40148683083431E-17));
#6927=DIRECTION('ref_axis',(-3.50732477001207E-17,0.,1.));
#6928=DIRECTION('center_axis',(1.,-7.40148683083431E-17,-9.86076131526265E-32));
#6929=DIRECTION('ref_axis',(-3.50732477001207E-17,-7.92217196399387E-17,
1.));
#6930=DIRECTION('',(0.707106781186549,5.55111512312578E-17,-0.707106781186546));
#6931=DIRECTION('center_axis',(1.23259516440783E-31,-1.,0.));
#6932=DIRECTION('ref_axis',(7.39557098644698E-32,0.,1.));
#6933=DIRECTION('center_axis',(1.23259516440783E-31,-1.,0.));
#6934=DIRECTION('ref_axis',(9.86076131526265E-32,0.,1.));
#6935=DIRECTION('',(-1.23259516440783E-31,1.,0.));
#6936=DIRECTION('center_axis',(1.,7.39557098644699E-32,-7.39557098644699E-32));
#6937=DIRECTION('ref_axis',(-7.39557098644698E-32,0.,-1.));
#6938=DIRECTION('',(-1.23259516440783E-31,1.,0.));
#6939=DIRECTION('center_axis',(1.23259516440783E-31,-1.,0.));
#6940=DIRECTION('ref_axis',(5.86950078289443E-32,5.28677630773884E-17,1.));
#6941=DIRECTION('',(-1.23259516440783E-31,1.,0.));
#6942=DIRECTION('center_axis',(-1.,-4.93038065763132E-32,-1.48029736616686E-16));
#6943=DIRECTION('ref_axis',(0.,5.55111512312579E-17,-1.));
#6944=DIRECTION('center_axis',(1.,4.93038065763132E-32,1.48029736616686E-16));
#6945=DIRECTION('ref_axis',(1.48029736616687E-16,0.0339858606599677,-0.999422313776914));
#6946=DIRECTION('center_axis',(-1.,-7.39557098644699E-32,7.39557098644699E-32));
#6947=DIRECTION('ref_axis',(-1.23259516440783E-31,1.,1.48029736616687E-16));
#6948=DIRECTION('',(1.,7.39557098644699E-32,-7.39557098644699E-32));
#6949=DIRECTION('center_axis',(1.,4.93038065763132E-32,1.48029736616686E-16));
#6950=DIRECTION('ref_axis',(-1.23259516440783E-31,1.,1.48029736616687E-16));
#6951=DIRECTION('',(1.,7.39557098644699E-32,-7.39557098644699E-32));
#6952=DIRECTION('center_axis',(-1.,-4.93038065763132E-32,-1.48029736616686E-16));
#6953=DIRECTION('ref_axis',(0.,-0.0546175694249671,0.99850734654789));
#6954=DIRECTION('center_axis',(1.,4.93038065763132E-32,1.48029736616686E-16));
#6955=DIRECTION('ref_axis',(-1.48029736616688E-16,0.0339858606599678,0.999422313776914));
#6956=DIRECTION('center_axis',(-1.,-7.39557098644699E-32,7.39557098644699E-32));
#6957=DIRECTION('ref_axis',(-1.23259516440783E-31,1.,1.48029736616687E-16));
#6958=DIRECTION('',(1.,7.39557098644699E-32,-7.39557098644699E-32));
#6959=DIRECTION('center_axis',(1.,4.93038065763132E-32,1.48029736616686E-16));
#6960=DIRECTION('ref_axis',(-1.23259516440783E-31,1.,1.48029736616687E-16));
#6961=DIRECTION('',(1.,7.39557098644699E-32,-7.39557098644699E-32));
#6962=DIRECTION('center_axis',(1.,4.93038065763132E-32,1.48029736616686E-16));
#6963=DIRECTION('ref_axis',(-1.23259516440783E-31,1.,0.));
#6964=DIRECTION('',(1.48029736616686E-16,0.,-1.));
#6965=DIRECTION('',(1.48029736616686E-16,0.,-1.));
#6966=DIRECTION('center_axis',(-1.,-7.39557098644699E-32,7.39557098644699E-32));
#6967=DIRECTION('ref_axis',(-1.43140083608651E-31,1.,-7.16272919113004E-17));
#6968=DIRECTION('center_axis',(1.,4.93038065763132E-32,1.48029736616686E-16));
#6969=DIRECTION('ref_axis',(-1.14280346368938E-31,1.,7.352470361756E-17));
#6970=DIRECTION('center_axis',(-1.,-4.93038065763132E-32,-1.48029736616686E-16));
#6971=DIRECTION('ref_axis',(-1.31786904370649E-31,1.,6.98253474607017E-17));
#6972=DIRECTION('center_axis',(1.,4.93038065763132E-32,1.48029736616686E-16));
#6973=DIRECTION('ref_axis',(-1.23259516440783E-31,1.,0.));
#6974=DIRECTION('',(-1.23259516440783E-31,1.,0.));
#6975=DIRECTION('',(1.48029736616686E-16,5.55111512312578E-16,-1.));
#6976=DIRECTION('center_axis',(-1.35585468084861E-31,1.,5.55111512312578E-16));
#6977=DIRECTION('ref_axis',(-1.48029736616686E-16,-5.55111512312578E-16,
1.));
#6978=DIRECTION('',(1.,7.39557098644699E-32,-7.39557098644699E-32));
#6979=DIRECTION('',(1.48029736616686E-16,5.55111512312578E-16,-1.));
#6980=DIRECTION('',(-1.,-7.39557098644699E-32,7.39557098644699E-32));
#6981=DIRECTION('center_axis',(1.,7.39557098644699E-32,-7.39557098644699E-32));
#6982=DIRECTION('ref_axis',(-1.43140083608651E-31,1.,-7.16272919113004E-17));
#6983=DIRECTION('center_axis',(1.,4.93038065763132E-32,1.48029736616686E-16));
#6984=DIRECTION('ref_axis',(-1.31786904370649E-31,1.,6.98253474607017E-17));
#6985=DIRECTION('center_axis',(-1.,-4.93038065763132E-32,-1.48029736616686E-16));
#6986=DIRECTION('ref_axis',(-1.14280346368938E-31,1.,7.352470361756E-17));
#6987=DIRECTION('center_axis',(1.,4.93038065763132E-32,1.48029736616686E-16));
#6988=DIRECTION('ref_axis',(-1.23259516440783E-31,1.,0.));
#6989=DIRECTION('',(1.23259516440783E-31,-1.,0.));
#6990=DIRECTION('center_axis',(1.,7.39557098644699E-32,-7.39557098644699E-32));
#6991=DIRECTION('ref_axis',(-1.31786904370649E-31,1.,6.98253474607017E-17));
#6992=DIRECTION('',(-1.,-7.39557098644699E-32,7.39557098644699E-32));
#6993=DIRECTION('center_axis',(-7.39557098644698E-32,0.,-1.));
#6994=DIRECTION('ref_axis',(-1.23259516440783E-31,1.,0.));
#6995=DIRECTION('center_axis',(1.,7.39557098644699E-32,-7.39557098644699E-32));
#6996=DIRECTION('ref_axis',(-1.09912944596877E-31,1.,0.));
#6997=DIRECTION('center_axis',(1.,4.93038065763132E-32,1.48029736616686E-16));
#6998=DIRECTION('ref_axis',(-1.31786904370649E-31,1.,6.98253474607017E-17));
#6999=DIRECTION('center_axis',(-1.,-4.93038065763132E-32,-1.48029736616686E-16));
#7000=DIRECTION('ref_axis',(-1.51092310475799E-31,1.,-7.16272919113004E-17));
#7001=DIRECTION('center_axis',(1.,7.39557098644699E-32,-7.39557098644699E-32));
#7002=DIRECTION('ref_axis',(-1.31786904370649E-31,1.,6.98253474607017E-17));
#7003=DIRECTION('',(-1.,-7.39557098644699E-32,7.39557098644699E-32));
#7004=DIRECTION('center_axis',(-1.,-4.93038065763132E-32,-1.48029736616686E-16));
#7005=DIRECTION('ref_axis',(-1.31786904370649E-31,1.,6.98253474607017E-17));
#7006=DIRECTION('',(-1.,-7.39557098644699E-32,7.39557098644699E-32));
#7007=DIRECTION('center_axis',(7.39557098644698E-32,0.,1.));
#7008=DIRECTION('ref_axis',(1.23259516440783E-31,-1.,0.));
#7009=DIRECTION('',(-1.23259516440783E-31,1.,0.));
#7010=DIRECTION('',(1.,7.39557098644699E-32,-7.39557098644699E-32));
#7011=DIRECTION('',(-1.23259516440783E-31,1.,0.));
#7012=DIRECTION('center_axis',(-1.,-7.39557098644699E-32,7.39557098644699E-32));
#7013=DIRECTION('ref_axis',(-1.43140083608651E-31,1.,-7.16272919113004E-17));
#7014=DIRECTION('center_axis',(1.,4.93038065763132E-32,1.48029736616686E-16));
#7015=DIRECTION('ref_axis',(-1.14280346368938E-31,1.,7.352470361756E-17));
#7016=DIRECTION('center_axis',(1.,4.93038065763132E-32,1.48029736616686E-16));
#7017=DIRECTION('ref_axis',(-1.23259516440783E-31,1.,0.));
#7018=DIRECTION('',(1.48029736616686E-16,5.55111512312578E-16,-1.));
#7019=DIRECTION('center_axis',(-1.35585468084861E-31,1.,5.55111512312578E-16));
#7020=DIRECTION('ref_axis',(-1.48029736616686E-16,-5.55111512312578E-16,
1.));
#7021=DIRECTION('',(-1.48029736616686E-16,-5.55111512312578E-16,1.));
#7022=DIRECTION('center_axis',(1.,4.93038065763132E-32,1.48029736616686E-16));
#7023=DIRECTION('ref_axis',(-1.23259516440783E-31,1.,0.));
#7024=DIRECTION('center_axis',(1.,9.20021555746748E-32,-1.48029736616686E-16));
#7025=DIRECTION('ref_axis',(0.,5.55111512312578E-17,-1.));
#7026=DIRECTION('center_axis',(-1.,-9.20021555746748E-32,1.48029736616686E-16));
#7027=DIRECTION('ref_axis',(-7.04903507698508E-17,0.87934215774378,-0.476190476190476));
#7028=DIRECTION('center_axis',(1.,9.20021555746748E-32,-1.48029736616686E-16));
#7029=DIRECTION('ref_axis',(-7.04903507698513E-17,0.87934215774378,-0.476190476190476));
#7030=DIRECTION('center_axis',(1.,7.39557098644699E-32,-7.39557098644699E-32));
#7031=DIRECTION('ref_axis',(-1.25216016701748E-31,1.,7.04903507698512E-17));
#7032=DIRECTION('',(1.,7.39557098644699E-32,-7.39557098644699E-32));
#7033=DIRECTION('center_axis',(1.,9.20021555746748E-32,-1.48029736616686E-16));
#7034=DIRECTION('ref_axis',(-1.25216016701748E-31,1.,7.04903507698512E-17));
#7035=DIRECTION('center_axis',(1.23259516440783E-31,-1.,0.));
#7036=DIRECTION('ref_axis',(-1.48029736616686E-16,0.,-1.));
#7037=DIRECTION('',(-1.48029736616686E-16,0.,-1.));
#7038=DIRECTION('',(-1.,-7.39557098644699E-32,7.39557098644699E-32));
#7039=DIRECTION('',(-7.39557098644698E-32,0.,-1.));
#7040=DIRECTION('center_axis',(-1.23259516440783E-31,1.,0.));
#7041=DIRECTION('ref_axis',(9.59569037756251E-32,-5.76201968116709E-17,
1.));
#7042=DIRECTION('',(1.,7.39557098644699E-32,-7.39557098644699E-32));
#7043=DIRECTION('',(-1.,-4.93038065763132E-32,5.50808322294652E-16));
#7044=DIRECTION('center_axis',(1.23259516440783E-31,-1.,0.));
#7045=DIRECTION('ref_axis',(7.36667117846819E-32,-6.63530751486206E-17,
1.));
#7046=DIRECTION('',(1.48029736616686E-16,0.,1.));
#7047=DIRECTION('',(7.40148683083433E-17,0.,1.));
#7048=DIRECTION('',(1.,7.39557098644699E-32,-7.39557098644699E-32));
#7049=DIRECTION('',(-1.48029736616686E-16,0.,-1.));
#7050=DIRECTION('center_axis',(-1.48029736616686E-16,0.,-1.));
#7051=DIRECTION('ref_axis',(-0.566987298107782,-0.82372653458805,-6.93889390390723E-17));
#7052=DIRECTION('center_axis',(-7.39557098644698E-32,0.,-1.));
#7053=DIRECTION('ref_axis',(-0.566987298107794,-0.823726534588042,-6.93889390390716E-17));
#7054=DIRECTION('',(-1.48029736616686E-16,6.93889390390723E-17,-1.));
#7055=DIRECTION('center_axis',(1.23259516440783E-31,-1.,0.));
#7056=DIRECTION('ref_axis',(-1.,0.,0.));
#7057=DIRECTION('center_axis',(1.,7.39557098644699E-32,-7.39557098644699E-32));
#7058=DIRECTION('ref_axis',(8.85927774418126E-32,-0.823726534588049,-0.566987298107782));
#7059=DIRECTION('center_axis',(-1.23259516440783E-31,1.,0.));
#7060=DIRECTION('ref_axis',(-1.,-5.75211076723654E-32,9.03903120565742E-32));
#7061=DIRECTION('center_axis',(1.,4.93038065763132E-32,-5.50808322294652E-16));
#7062=DIRECTION('ref_axis',(3.46667389989702E-32,-0.823726534588048,-0.566987298107784));
#7063=DIRECTION('',(-1.,-1.84889274661175E-31,-5.50808322294651E-16));
#7064=DIRECTION('center_axis',(-5.50808322294651E-16,0.,-1.));
#7065=DIRECTION('ref_axis',(-1.,-4.93038065763132E-32,5.50808322294652E-16));
#7066=DIRECTION('',(1.,1.84889274661175E-31,5.50808322294651E-16));
#7067=DIRECTION('',(-1.23259516440783E-31,1.,0.));
#7068=DIRECTION('center_axis',(-1.,-4.93038065763132E-32,5.50808322294652E-16));
#7069=DIRECTION('ref_axis',(-1.69481835106077E-31,0.823726534588048,-0.566987298107784));
#7070=DIRECTION('',(-1.,-9.86076131526265E-32,-5.50808322294651E-16));
#7071=DIRECTION('center_axis',(-1.,-7.39557098644699E-32,7.39557098644699E-32));
#7072=DIRECTION('ref_axis',(-1.69481835106077E-31,0.823726534588048,-0.566987298107784));
#7073=DIRECTION('center_axis',(-1.23259516440783E-31,1.,0.));
#7074=DIRECTION('ref_axis',(0.,0.,-1.));
#7075=DIRECTION('center_axis',(7.39557098644698E-32,0.,1.));
#7076=DIRECTION('ref_axis',(-0.566987298107779,0.823726534588052,-6.93889390390723E-17));
#7077=DIRECTION('center_axis',(1.23259516440783E-31,-1.,0.));
#7078=DIRECTION('ref_axis',(-9.86076131526265E-32,0.,-1.));
#7079=DIRECTION('center_axis',(-1.23259516440783E-31,1.,0.));
#7080=DIRECTION('ref_axis',(7.36667117846819E-32,-6.63530751486206E-17,
1.));
#7081=DIRECTION('center_axis',(1.48029736616686E-16,0.,1.));
#7082=DIRECTION('ref_axis',(-0.566987298107782,0.82372653458805,6.93889390390723E-17));
#7083=DIRECTION('',(1.48029736616686E-16,-6.93889390390723E-17,1.));
#7084=DIRECTION('',(-1.48029736616686E-16,0.,-1.));
#7085=DIRECTION('center_axis',(1.,9.20021555746748E-32,-1.48029736616686E-16));
#7086=DIRECTION('ref_axis',(-1.23259516440783E-31,1.,0.));
#7087=DIRECTION('',(-1.23259516440783E-31,1.,0.));
#7088=DIRECTION('',(-1.1949308198898E-16,-0.590245899784782,-0.807223499278393));
#7089=DIRECTION('center_axis',(-1.,-9.20021555746748E-32,1.48029736616686E-16));
#7090=DIRECTION('ref_axis',(-8.80425117434165E-32,0.,-1.));
#7091=DIRECTION('',(-1.48029736616686E-16,0.,-1.));
#7092=DIRECTION('center_axis',(1.,9.20021555746748E-32,-1.48029736616686E-16));
#7093=DIRECTION('ref_axis',(3.50732477001209E-17,0.,1.));
#7094=DIRECTION('center_axis',(-1.,-9.20021555746748E-32,1.48029736616686E-16));
#7095=DIRECTION('ref_axis',(1.47944221877236E-16,0.0339858606599678,0.999422313776914));
#7096=DIRECTION('',(-1.48029736616686E-16,5.55111512312578E-16,-1.));
#7097=DIRECTION('',(-1.23259516440783E-31,1.,0.));
#7098=DIRECTION('center_axis',(-1.,-9.20021555746748E-32,1.48029736616686E-16));
#7099=DIRECTION('ref_axis',(-1.47944221877236E-16,0.0339858606599679,-0.999422313776914));
#7100=DIRECTION('',(-1.23259516440783E-31,1.,0.));
#7101=DIRECTION('',(-1.48029736616686E-16,5.55111512312578E-16,-1.));
#7102=DIRECTION('center_axis',(-1.23259516440783E-31,1.,0.));
#7103=DIRECTION('ref_axis',(1.,7.39557098644699E-32,-7.39557098644699E-32));
#7104=DIRECTION('',(1.,7.39557098644699E-32,-7.39557098644699E-32));
#7105=DIRECTION('center_axis',(1.23259516440783E-31,-1.,0.));
#7106=DIRECTION('ref_axis',(9.59569037756251E-32,-5.76201968116709E-17,
1.));
#7107=DIRECTION('',(7.39557098644698E-32,0.,1.));
#7108=DIRECTION('',(1.,4.93038065763132E-32,-9.03903120565743E-32));
#7109=DIRECTION('',(-1.48029736616686E-16,0.,-1.));
#7110=DIRECTION('center_axis',(1.4791141972894E-31,-0.5,0.866025403784439));
#7111=DIRECTION('ref_axis',(0.566987298107782,-0.713368104724573,-0.411863267294024));
#7112=DIRECTION('',(-1.4791141972894E-31,0.5,-0.866025403784439));
#7113=DIRECTION('center_axis',(5.55111512312577E-16,-0.499999999999999,
0.866025403784439));
#7114=DIRECTION('ref_axis',(0.566987298107783,-0.713368104724572,-0.411863267294024));
#7115=DIRECTION('',(1.38666955995881E-31,-0.5,0.866025403784439));
#7116=DIRECTION('center_axis',(-1.10933564796705E-31,0.258819045102521,
-0.965925826289068));
#7117=DIRECTION('ref_axis',(-1.19059550266054E-31,0.965925826289068,0.25881904510252));
#7118=DIRECTION('center_axis',(7.39557098644698E-32,0.,1.));
#7119=DIRECTION('ref_axis',(0.566987298107782,-0.82372653458805,-6.93889390390723E-17));
#7120=DIRECTION('',(7.70371977754894E-32,-6.93889390390723E-17,1.));
#7121=DIRECTION('center_axis',(-7.39557098644698E-32,0.,-1.));
#7122=DIRECTION('ref_axis',(1.,4.62223186652936E-32,-1.15555796663234E-31));
#7123=DIRECTION('center_axis',(-1.23259516440783E-31,1.,0.));
#7124=DIRECTION('ref_axis',(-1.,0.,0.));
#7125=DIRECTION('center_axis',(1.,7.39557098644699E-32,-7.39557098644699E-32));
#7126=DIRECTION('ref_axis',(6.93334779979404E-32,-6.93889390390722E-17,
1.));
#7127=DIRECTION('center_axis',(1.23259516440783E-31,-1.,0.));
#7128=DIRECTION('ref_axis',(-1.,-8.21730109605221E-32,7.63035101776277E-32));
#7129=DIRECTION('center_axis',(1.,7.39557098644699E-32,-7.39557098644699E-32));
#7130=DIRECTION('ref_axis',(0.,0.866025403784438,0.5));
#7131=DIRECTION('center_axis',(-7.39557098644698E-32,0.,-1.));
#7132=DIRECTION('ref_axis',(0.566987298107784,0.823726534588048,0.));
#7133=DIRECTION('center_axis',(-1.,-7.39557098644699E-32,7.39557098644699E-32));
#7134=DIRECTION('ref_axis',(-3.66399420845753E-32,0.866025403784438,0.500000000000001));
#7135=DIRECTION('center_axis',(1.,7.39557098644699E-32,-7.39557098644699E-32));
#7136=DIRECTION('ref_axis',(-1.06824914248679E-31,1.,0.));
#7137=DIRECTION('center_axis',(-1.,-7.39557098644699E-32,7.39557098644699E-32));
#7138=DIRECTION('ref_axis',(1.69481835106077E-31,-0.823726534588048,0.566987298107784));
#7139=DIRECTION('',(-1.,-6.93334779979405E-32,8.47409175530384E-32));
#7140=DIRECTION('center_axis',(-7.39557098644698E-32,0.,-1.));
#7141=DIRECTION('ref_axis',(0.566987298107782,0.82372653458805,6.93889390390723E-17));
#7142=DIRECTION('center_axis',(-7.39557098644698E-32,0.,-1.));
#7143=DIRECTION('ref_axis',(0.566987298107782,0.82372653458805,6.93889390390723E-17));
#7144=DIRECTION('',(-7.70371977754894E-32,6.93889390390723E-17,-1.));
#7145=DIRECTION('center_axis',(1.23259516440783E-31,-1.,0.));
#7146=DIRECTION('ref_axis',(-1.,0.,0.));
#7147=DIRECTION('center_axis',(1.,7.39557098644699E-32,-7.39557098644699E-32));
#7148=DIRECTION('ref_axis',(-8.08890576642639E-32,0.823726534588051,0.566987298107779));
#7149=DIRECTION('center_axis',(-1.23259516440783E-31,1.,0.));
#7150=DIRECTION('ref_axis',(-1.,-8.21730109605221E-32,7.63035101776277E-32));
#7151=DIRECTION('center_axis',(1.,7.39557098644699E-32,-7.39557098644699E-32));
#7152=DIRECTION('ref_axis',(-3.46667389989702E-32,0.823726534588048,0.566987298107784));
#7153=DIRECTION('',(1.,6.93334779979405E-32,-8.47409175530384E-32));
#7154=DIRECTION('center_axis',(-1.,-7.39557098644699E-32,7.39557098644699E-32));
#7155=DIRECTION('ref_axis',(-1.06824914248679E-31,1.,0.));
#7156=DIRECTION('',(-1.,-4.93038065763132E-32,9.03903120565743E-32));
#7157=DIRECTION('center_axis',(-1.,-9.20021555746748E-32,1.48029736616686E-16));
#7158=DIRECTION('ref_axis',(-1.06824914248679E-31,1.,0.));
#7159=DIRECTION('center_axis',(8.0118685686509E-32,-0.866025403784439,-0.5));
#7160=DIRECTION('ref_axis',(-1.4791141972894E-31,0.5,-0.866025403784439));
#7161=DIRECTION('',(1.2819751242557E-16,-0.5,0.866025403784439));
#7162=DIRECTION('center_axis',(1.72563323017096E-31,-0.807223499278393,
0.590245899784782));
#7163=DIRECTION('ref_axis',(1.,7.39557098644699E-32,-7.39557098644699E-32));
#7164=DIRECTION('',(-1.,-7.39557098644699E-32,7.39557098644699E-32));
#7165=DIRECTION('',(-0.283053626604042,0.566107253208099,0.77421135507785));
#7166=DIRECTION('center_axis',(-0.894427190999917,-0.447213595499957,1.38777878078145E-16));
#7167=DIRECTION('ref_axis',(7.40148683083433E-17,0.,1.));
#7168=DIRECTION('center_axis',(-0.894427190999917,-0.447213595499957,1.38777878078145E-16));
#7169=DIRECTION('ref_axis',(-0.447213595499957,0.894427190999916,0.));
#7170=DIRECTION('',(-7.40148683083433E-17,0.,-1.));
#7171=DIRECTION('center_axis',(0.894427190999917,0.447213595499957,-1.38777878078145E-16));
#7172=DIRECTION('ref_axis',(-0.447213595499957,0.894427190999916,8.34465261595723E-17));
#7173=DIRECTION('center_axis',(1.,7.39557098644699E-32,-7.39557098644699E-32));
#7174=DIRECTION('ref_axis',(-6.29848103792731E-32,0.955658109419295,0.294478484614986));
#7175=DIRECTION('center_axis',(1.,7.40148683083433E-17,-7.40148683083433E-17));
#7176=DIRECTION('ref_axis',(-8.80425117434165E-32,0.,-1.));
#7177=DIRECTION('',(1.,7.39557098644699E-32,-7.39557098644699E-32));
#7178=DIRECTION('center_axis',(-1.,-7.40148683083433E-17,7.40148683083433E-17));
#7179=DIRECTION('ref_axis',(7.40148683083433E-17,0.,1.));
#7180=DIRECTION('center_axis',(-1.,-7.40148683083433E-17,7.40148683083433E-17));
#7181=DIRECTION('ref_axis',(3.50732477001209E-17,0.,1.));
#7182=DIRECTION('',(7.39557098644698E-32,0.,1.));
#7183=DIRECTION('center_axis',(-1.,-7.40148683083433E-17,9.62964972193618E-32));
#7184=DIRECTION('ref_axis',(3.50732477001209E-17,-7.92217196399387E-17,
1.));
#7185=DIRECTION('',(-0.707106781186549,-5.55111512312578E-17,-0.707106781186546));
#7186=DIRECTION('center_axis',(-1.23259516440783E-31,1.,0.));
#7187=DIRECTION('ref_axis',(7.39557098644698E-32,0.,1.));
#7188=DIRECTION('center_axis',(-1.23259516440783E-31,1.,0.));
#7189=DIRECTION('ref_axis',(9.86076131526265E-32,0.,1.));
#7190=DIRECTION('center_axis',(1.,7.39557098644699E-32,-7.39557098644699E-32));
#7191=DIRECTION('ref_axis',(-7.39557098644698E-32,0.,-1.));
#7192=DIRECTION('',(-1.23259516440783E-31,1.,0.));
#7193=DIRECTION('center_axis',(-1.23259516440783E-31,1.,0.));
#7194=DIRECTION('ref_axis',(5.86950078289443E-32,5.28677630773884E-17,1.));
#7195=DIRECTION('',(-1.23259516440783E-31,1.,0.));
#7196=DIRECTION('center_axis',(7.39557098644698E-32,0.,1.));
#7197=DIRECTION('ref_axis',(1.,7.39557098644699E-32,-7.39557098644699E-32));
#7198=DIRECTION('center_axis',(1.,9.20021555746748E-32,-1.48029736616686E-16));
#7199=DIRECTION('ref_axis',(0.,5.55111512312578E-17,-1.));
#7200=DIRECTION('center_axis',(1.,9.20021555746748E-32,-1.48029736616686E-16));
#7201=DIRECTION('ref_axis',(-1.48029736616687E-16,0.0339858606599677,-0.999422313776914));
#7202=DIRECTION('center_axis',(-1.,-7.39557098644699E-32,7.39557098644699E-32));
#7203=DIRECTION('ref_axis',(-1.23259516440783E-31,1.,1.48029736616687E-16));
#7204=DIRECTION('',(-1.,-7.39557098644699E-32,7.39557098644699E-32));
#7205=DIRECTION('center_axis',(1.,9.20021555746748E-32,-1.48029736616686E-16));
#7206=DIRECTION('ref_axis',(-1.23259516440783E-31,1.,1.48029736616687E-16));
#7207=DIRECTION('',(-1.,-7.39557098644699E-32,7.39557098644699E-32));
#7208=DIRECTION('center_axis',(1.,9.20021555746748E-32,-1.48029736616686E-16));
#7209=DIRECTION('ref_axis',(0.,0.0546175694249653,0.998507346547891));
#7210=DIRECTION('center_axis',(1.,9.20021555746748E-32,-1.48029736616686E-16));
#7211=DIRECTION('ref_axis',(1.48029736616688E-16,0.0339858606599678,0.999422313776914));
#7212=DIRECTION('center_axis',(-1.,-7.39557098644699E-32,7.39557098644699E-32));
#7213=DIRECTION('ref_axis',(-1.23259516440783E-31,1.,1.48029736616687E-16));
#7214=DIRECTION('',(-1.,-7.39557098644699E-32,7.39557098644699E-32));
#7215=DIRECTION('center_axis',(1.,9.20021555746748E-32,-1.48029736616686E-16));
#7216=DIRECTION('ref_axis',(-1.23259516440783E-31,1.,1.48029736616687E-16));
#7217=DIRECTION('',(-1.,-7.39557098644699E-32,7.39557098644699E-32));
#7218=DIRECTION('center_axis',(1.,9.20021555746748E-32,-1.48029736616686E-16));
#7219=DIRECTION('ref_axis',(-1.23259516440783E-31,1.,0.));
#7220=DIRECTION('center_axis',(1.,7.39557098644699E-32,-7.39557098644699E-32));
#7221=DIRECTION('ref_axis',(-1.43140083608651E-31,1.,-7.16272919113004E-17));
#7222=DIRECTION('center_axis',(-1.,-9.20021555746748E-32,1.48029736616686E-16));
#7223=DIRECTION('ref_axis',(-1.31786904370649E-31,1.,6.98253474607017E-17));
#7224=DIRECTION('center_axis',(1.,9.20021555746748E-32,-1.48029736616686E-16));
#7225=DIRECTION('ref_axis',(-1.14280346368938E-31,1.,7.352470361756E-17));
#7226=DIRECTION('center_axis',(1.,9.20021555746748E-32,-1.48029736616686E-16));
#7227=DIRECTION('ref_axis',(-1.23259516440783E-31,1.,0.));
#7228=DIRECTION('',(-1.48029736616686E-16,5.55111512312578E-16,-1.));
#7229=DIRECTION('',(-1.23259516440783E-31,1.,0.));
#7230=DIRECTION('center_axis',(1.35585468084861E-31,-1.,-5.55111512312578E-16));
#7231=DIRECTION('ref_axis',(1.48029736616686E-16,-5.55111512312578E-16,
1.));
#7232=DIRECTION('',(1.,7.39557098644699E-32,-7.39557098644699E-32));
#7233=DIRECTION('',(-1.48029736616686E-16,5.55111512312578E-16,-1.));
#7234=DIRECTION('',(-1.,-7.39557098644699E-32,7.39557098644699E-32));
#7235=DIRECTION('center_axis',(-1.,-7.39557098644699E-32,7.39557098644699E-32));
#7236=DIRECTION('ref_axis',(-1.43140083608651E-31,1.,-7.16272919113004E-17));
#7237=DIRECTION('center_axis',(-1.,-9.20021555746748E-32,1.48029736616686E-16));
#7238=DIRECTION('ref_axis',(-1.14280346368938E-31,1.,7.352470361756E-17));
#7239=DIRECTION('center_axis',(1.,9.20021555746748E-32,-1.48029736616686E-16));
#7240=DIRECTION('ref_axis',(-1.31786904370649E-31,1.,6.98253474607017E-17));
#7241=DIRECTION('center_axis',(1.,9.20021555746748E-32,-1.48029736616686E-16));
#7242=DIRECTION('ref_axis',(-1.23259516440783E-31,1.,0.));
#7243=DIRECTION('',(1.23259516440783E-31,-1.,0.));
#7244=DIRECTION('center_axis',(1.,7.39557098644699E-32,-7.39557098644699E-32));
#7245=DIRECTION('ref_axis',(-1.31786904370649E-31,1.,6.98253474607017E-17));
#7246=DIRECTION('',(1.,7.39557098644699E-32,-7.39557098644699E-32));
#7247=DIRECTION('center_axis',(7.39557098644698E-32,0.,1.));
#7248=DIRECTION('ref_axis',(-1.23259516440783E-31,1.,0.));
#7249=DIRECTION('center_axis',(-1.,-7.39557098644699E-32,7.39557098644699E-32));
#7250=DIRECTION('ref_axis',(-1.09912944596877E-31,1.,0.));
#7251=DIRECTION('center_axis',(-1.,-9.20021555746748E-32,1.48029736616686E-16));
#7252=DIRECTION('ref_axis',(-1.51092310475799E-31,1.,-7.16272919113004E-17));
#7253=DIRECTION('center_axis',(1.,9.20021555746748E-32,-1.48029736616686E-16));
#7254=DIRECTION('ref_axis',(-1.31786904370649E-31,1.,6.98253474607017E-17));
#7255=DIRECTION('center_axis',(1.,7.39557098644699E-32,-7.39557098644699E-32));
#7256=DIRECTION('ref_axis',(-1.31786904370649E-31,1.,6.98253474607017E-17));
#7257=DIRECTION('',(1.,7.39557098644699E-32,-7.39557098644699E-32));
#7258=DIRECTION('center_axis',(-1.,-9.20021555746748E-32,1.48029736616686E-16));
#7259=DIRECTION('ref_axis',(-1.31786904370649E-31,1.,6.98253474607017E-17));
#7260=DIRECTION('',(1.,7.39557098644699E-32,-7.39557098644699E-32));
#7261=DIRECTION('center_axis',(-7.39557098644698E-32,0.,-1.));
#7262=DIRECTION('ref_axis',(1.23259516440783E-31,-1.,0.));
#7263=DIRECTION('',(-1.23259516440783E-31,1.,0.));
#7264=DIRECTION('',(-1.,-7.39557098644699E-32,7.39557098644699E-32));
#7265=DIRECTION('',(-1.23259516440783E-31,1.,0.));
#7266=DIRECTION('center_axis',(1.,7.39557098644699E-32,-7.39557098644699E-32));
#7267=DIRECTION('ref_axis',(-1.43140083608651E-31,1.,-7.16272919113004E-17));
#7268=DIRECTION('center_axis',(1.,9.20021555746748E-32,-1.48029736616686E-16));
#7269=DIRECTION('ref_axis',(-1.14280346368938E-31,1.,7.352470361756E-17));
#7270=DIRECTION('center_axis',(1.,9.20021555746748E-32,-1.48029736616686E-16));
#7271=DIRECTION('ref_axis',(-1.23259516440783E-31,1.,0.));
#7272=DIRECTION('',(-1.48029736616686E-16,5.55111512312578E-16,-1.));
#7273=DIRECTION('center_axis',(1.35585468084861E-31,-1.,-5.55111512312578E-16));
#7274=DIRECTION('ref_axis',(1.48029736616686E-16,-5.55111512312578E-16,
1.));
#7275=DIRECTION('',(1.48029736616686E-16,-5.55111512312578E-16,1.));
#7276=DIRECTION('center_axis',(1.,9.20021555746748E-32,-1.48029736616686E-16));
#7277=DIRECTION('ref_axis',(-1.23259516440783E-31,1.,0.));
#7278=CARTESIAN_POINT('',(0.,0.,0.));
#7279=CARTESIAN_POINT('Origin',(-87.8000000000002,0.,172.));
#7280=CARTESIAN_POINT('',(-87.3000000000002,-16.3,172.));
#7281=CARTESIAN_POINT('Origin',(-87.3000000000002,0.,172.));
#7282=CARTESIAN_POINT('',(-88.3000000000001,-15.3,172.));
#7283=CARTESIAN_POINT('',(-87.8000000000002,-15.8,172.));
#7284=CARTESIAN_POINT('Origin',(-88.3000000000001,0.,172.));
#7285=CARTESIAN_POINT('Origin',(-83.5000000000001,0.,172.));
#7286=CARTESIAN_POINT('',(-84.0000000000001,-16.3,172.));
#7287=CARTESIAN_POINT('Origin',(-84.0000000000001,0.,172.));
#7288=CARTESIAN_POINT('',(-83.5000000000001,-16.3,172.));
#7289=CARTESIAN_POINT('Origin',(-83.7500000000001,0.,172.));
#7290=CARTESIAN_POINT('',(-83.5000000000001,-15.8,172.));
#7291=CARTESIAN_POINT('',(-83.7500000000001,-16.05,172.));
#7292=CARTESIAN_POINT('Origin',(-83.5000000000001,0.,172.));
#7293=CARTESIAN_POINT('Origin',(-83.5000000000001,0.,172.));
#7294=CARTESIAN_POINT('Origin',(-92.5000000000002,0.,172.));
#7295=CARTESIAN_POINT('',(-93.5000000000002,-15.9,172.));
#7296=CARTESIAN_POINT('Origin',(-93.5000000000002,0.,172.));
#7297=CARTESIAN_POINT('',(-91.5000000000002,-15.3,172.));
#7298=CARTESIAN_POINT('',(-92.5000000000002,-15.6,172.));
#7299=CARTESIAN_POINT('Origin',(-91.5000000000002,0.,172.));
#7300=CARTESIAN_POINT('Origin',(-93.5000000000001,0.,172.));
#7301=CARTESIAN_POINT('',(-93.5000000000001,-15.3,172.));
#7302=CARTESIAN_POINT('Origin',(-93.5000000000002,-53.5,191.));
#7303=CARTESIAN_POINT('',(-93.5000000000002,-53.5,189.6));
#7304=CARTESIAN_POINT('',(-93.5000000000002,53.5,189.599999999995));
#7305=CARTESIAN_POINT('',(-93.5000000000002,-68.5000000000002,189.599999999999));
#7306=CARTESIAN_POINT('',(-93.5000000000001,53.5,-6.75015598972095E-13));
#7307=CARTESIAN_POINT('',(-93.5000000000002,53.5,191.));
#7308=CARTESIAN_POINT('',(-93.5000000000001,-53.5,-6.75015598972095E-13));
#7309=CARTESIAN_POINT('',(-93.5000000000001,-53.5,-6.75015598972095E-13));
#7310=CARTESIAN_POINT('',(-93.5000000000002,-53.5,191.));
#7311=CARTESIAN_POINT('Origin',(-37.5,92.1000000000002,187.));
#7312=CARTESIAN_POINT('',(-43.5,92.1000000000002,187.));
#7313=CARTESIAN_POINT('',(-44.9,93.5000000000002,187.));
#7314=CARTESIAN_POINT('Origin',(-44.9,92.1000000000002,187.));
#7315=CARTESIAN_POINT('',(-37.5,92.1000000000002,181.));
#7316=CARTESIAN_POINT('Origin',(-37.5,92.1000000000002,187.));
#7317=CARTESIAN_POINT('',(-37.5,93.5000000000002,179.6));
#7318=CARTESIAN_POINT('Origin',(-37.5,92.1000000000002,179.6));
#7319=CARTESIAN_POINT('Origin',(-37.5,93.5000000000002,187.));
#7320=CARTESIAN_POINT('Origin',(-44.9,92.1000000000002,186.));
#7321=CARTESIAN_POINT('',(-44.9,93.5000000000002,189.599999999994));
#7322=CARTESIAN_POINT('',(-44.9,93.5000000000002,186.));
#7323=CARTESIAN_POINT('',(-43.5,92.1000000000002,190.999999999994));
#7324=CARTESIAN_POINT('Origin',(-44.9,92.1000000000002,189.599999999994));
#7325=CARTESIAN_POINT('',(-43.5,92.1000000000002,186.));
#7326=CARTESIAN_POINT('Origin',(-53.5,-53.5,189.6));
#7327=CARTESIAN_POINT('',(-92.1000000000001,-53.5,190.999999999999));
#7328=CARTESIAN_POINT('Origin',(-92.1000000000001,-53.5,189.6));
#7329=CARTESIAN_POINT('',(-53.5,-93.5000000000002,189.6));
#7330=CARTESIAN_POINT('Origin',(-53.5,-53.5,189.6));
#7331=CARTESIAN_POINT('',(-53.5,-92.1000000000001,191.));
#7332=CARTESIAN_POINT('Origin',(-53.5,-92.1000000000002,189.6));
#7333=CARTESIAN_POINT('Origin',(-53.5,-53.5,190.999999999999));
#7334=CARTESIAN_POINT('Origin',(-92.1000000000002,-68.5000000000002,189.599999999999));
#7335=CARTESIAN_POINT('',(-92.1000000000002,53.5000000000001,190.999999999995));
#7336=CARTESIAN_POINT('Origin',(-92.1000000000002,53.5,189.599999999995));
#7337=CARTESIAN_POINT('',(-92.1000000000002,-68.5000000000001,190.999999999999));
#7338=CARTESIAN_POINT('Origin',(-53.5,53.5,189.6));
#7339=CARTESIAN_POINT('',(-53.5,93.5000000000002,189.599999999999));
#7340=CARTESIAN_POINT('',(-53.5,92.1000000000002,190.999999999994));
#7341=CARTESIAN_POINT('Origin',(-53.5,92.1000000000001,189.599999999999));
#7342=CARTESIAN_POINT('Origin',(-53.5,53.5,189.6));
#7343=CARTESIAN_POINT('Origin',(-53.5,53.5000000000001,190.999999999995));
#7344=CARTESIAN_POINT('Origin',(-26.75,92.1000000000002,189.599999999994));
#7345=CARTESIAN_POINT('',(-26.75,92.1000000000002,190.999999999994));
#7346=CARTESIAN_POINT('',(-26.75,93.5000000000002,189.599999999994));
#7347=CARTESIAN_POINT('Origin',(-53.5,53.5,95.4999999999998));
#7348=CARTESIAN_POINT('',(-53.5,93.5000000000001,-6.75015598972095E-13));
#7349=CARTESIAN_POINT('',(-53.5,93.5000000000002,191.));
#7350=CARTESIAN_POINT('Origin',(-53.5,53.5,-6.75015598972095E-13));
#7351=CARTESIAN_POINT('Origin',(-53.5,-53.5,95.4999999999998));
#7352=CARTESIAN_POINT('',(-53.5,-93.5000000000002,-6.75015598972095E-13));
#7353=CARTESIAN_POINT('Origin',(-53.5,-53.5,-6.75015598972095E-13));
#7354=CARTESIAN_POINT('',(-53.5,-93.5000000000002,191.));
#7355=CARTESIAN_POINT('Origin',(-53.5,-53.5,195.6));
#7356=CARTESIAN_POINT('',(-74.9000000000001,-53.5,197.));
#7357=CARTESIAN_POINT('',(-73.5000000000002,-53.5,195.6));
#7358=CARTESIAN_POINT('Origin',(-74.9000000000001,-53.5,195.6));
#7359=CARTESIAN_POINT('',(-53.5,-74.9000000000002,197.));
#7360=CARTESIAN_POINT('Origin',(-53.5,-53.5,197.));
#7361=CARTESIAN_POINT('',(-53.5,-73.5000000000002,195.6));
#7362=CARTESIAN_POINT('Origin',(-53.5,-74.9000000000002,195.6));
#7363=CARTESIAN_POINT('Origin',(-53.5,-53.5,195.6));
#7364=CARTESIAN_POINT('Origin',(-74.9000000000001,-63.5000000000001,195.6));
#7365=CARTESIAN_POINT('',(-74.9000000000001,53.5,197.));
#7366=CARTESIAN_POINT('',(-73.5000000000002,53.5,195.6));
#7367=CARTESIAN_POINT('Origin',(-74.9000000000001,53.5,195.6));
#7368=CARTESIAN_POINT('',(-74.9000000000001,-63.5000000000001,197.));
#7369=CARTESIAN_POINT('',(-73.5000000000002,-63.5000000000001,195.6));
#7370=CARTESIAN_POINT('Origin',(-53.5,53.5,195.6));
#7371=CARTESIAN_POINT('',(-53.5,74.9000000000001,197.));
#7372=CARTESIAN_POINT('',(-53.5,73.5000000000002,195.6));
#7373=CARTESIAN_POINT('Origin',(-53.5,74.9000000000001,195.6));
#7374=CARTESIAN_POINT('Origin',(-53.5,53.5,197.));
#7375=CARTESIAN_POINT('Origin',(-53.5,53.5,195.6));
#7376=CARTESIAN_POINT('Origin',(-37.5,91.5000000000001,187.));
#7377=CARTESIAN_POINT('',(-42.5,90.5000000000001,187.));
#7378=CARTESIAN_POINT('',(-43.5,91.5000000000001,187.));
#7379=CARTESIAN_POINT('Origin',(-42.5,91.5000000000001,187.));
#7380=CARTESIAN_POINT('',(-37.5,90.5000000000001,182.));
#7381=CARTESIAN_POINT('Origin',(-37.5,90.5000000000001,187.));
#7382=CARTESIAN_POINT('',(-37.5,91.5000000000001,181.));
#7383=CARTESIAN_POINT('Origin',(-37.5,91.5000000000001,182.));
#7384=CARTESIAN_POINT('Origin',(-37.5,91.5000000000001,187.));
#7385=CARTESIAN_POINT('Origin',(-42.5,91.5000000000001,186.));
#7386=CARTESIAN_POINT('',(-42.5,90.5000000000001,190.999999999994));
#7387=CARTESIAN_POINT('',(-43.5,91.5000000000001,190.999999999994));
#7388=CARTESIAN_POINT('Origin',(-42.5,91.5000000000001,191.));
#7389=CARTESIAN_POINT('',(-42.5,90.5000000000001,186.));
#7390=CARTESIAN_POINT('',(-43.5,91.5000000000001,186.));
#7391=CARTESIAN_POINT('Origin',(-53.5,-53.5,193.));
#7392=CARTESIAN_POINT('',(-85.5000000000002,-53.5000000000001,190.999999999999));
#7393=CARTESIAN_POINT('',(-83.5000000000002,-53.5,193.));
#7394=CARTESIAN_POINT('Origin',(-85.5000000000002,-53.5,193.));
#7395=CARTESIAN_POINT('',(-53.5,-85.5000000000003,191.));
#7396=CARTESIAN_POINT('Origin',(-53.5,-53.5000000000001,190.999999999999));
#7397=CARTESIAN_POINT('',(-53.5,-83.5000000000002,193.));
#7398=CARTESIAN_POINT('Origin',(-53.5,-85.5000000000002,193.));
#7399=CARTESIAN_POINT('Origin',(-53.5,-53.5,193.));
#7400=CARTESIAN_POINT('Origin',(-85.5000000000001,-68.5000000000001,192.999999999999));
#7401=CARTESIAN_POINT('',(-85.5000000000001,53.4999999999999,190.999999999995));
#7402=CARTESIAN_POINT('',(-83.5000000000002,53.5,192.999999999995));
#7403=CARTESIAN_POINT('Origin',(-85.5000000000001,53.5,192.999999999995));
#7404=CARTESIAN_POINT('',(-85.5000000000001,-68.5000000000002,190.999999999999));
#7405=CARTESIAN_POINT('',(-83.5000000000002,-68.5000000000001,192.999999999999));
#7406=CARTESIAN_POINT('Origin',(-53.5,53.5,193.));
#7407=CARTESIAN_POINT('',(-53.5,85.5000000000001,190.999999999994));
#7408=CARTESIAN_POINT('',(-53.5,83.5000000000002,192.999999999999));
#7409=CARTESIAN_POINT('Origin',(-53.5,85.5000000000002,192.999999999999));
#7410=CARTESIAN_POINT('Origin',(-53.5,53.4999999999999,190.999999999995));
#7411=CARTESIAN_POINT('Origin',(-53.5,53.5,193.));
#7412=CARTESIAN_POINT('Origin',(-53.5,-53.5,195.));
#7413=CARTESIAN_POINT('',(-83.5000000000002,-53.5,195.));
#7414=CARTESIAN_POINT('',(-81.5000000000001,-53.5,197.));
#7415=CARTESIAN_POINT('Origin',(-81.5000000000001,-53.5,195.));
#7416=CARTESIAN_POINT('',(-53.5,-83.5000000000002,195.));
#7417=CARTESIAN_POINT('Origin',(-53.5,-53.5,195.));
#7418=CARTESIAN_POINT('',(-53.5,-81.5000000000002,197.));
#7419=CARTESIAN_POINT('Origin',(-53.5,-81.5000000000002,195.));
#7420=CARTESIAN_POINT('Origin',(-53.5,-53.5,197.));
#7421=CARTESIAN_POINT('Origin',(-81.5000000000002,-63.5000000000001,195.));
#7422=CARTESIAN_POINT('',(-83.5000000000002,53.5,195.));
#7423=CARTESIAN_POINT('',(-81.5000000000002,53.5,197.));
#7424=CARTESIAN_POINT('Origin',(-81.5000000000002,53.5,195.));
#7425=CARTESIAN_POINT('',(-83.5000000000002,-63.5000000000001,195.));
#7426=CARTESIAN_POINT('',(-81.5000000000002,-63.5000000000001,197.));
#7427=CARTESIAN_POINT('Origin',(-53.5,53.5,195.));
#7428=CARTESIAN_POINT('',(-53.5,83.5000000000002,195.));
#7429=CARTESIAN_POINT('',(-53.5,81.5000000000002,197.));
#7430=CARTESIAN_POINT('Origin',(-53.5,81.5000000000002,195.));
#7431=CARTESIAN_POINT('Origin',(-53.5,53.5,195.));
#7432=CARTESIAN_POINT('Origin',(-53.5,53.5,197.));
#7433=CARTESIAN_POINT('Origin',(-37.5,93.5000000000002,187.));
#7434=CARTESIAN_POINT('',(-43.5,93.5000000000002,187.));
#7435=CARTESIAN_POINT('',(-37.5,93.5000000000002,181.));
#7436=CARTESIAN_POINT('Origin',(-43.5,93.5000000000002,181.));
#7437=CARTESIAN_POINT('',(-43.5,5.00000000000015,190.999999999997));
#7438=CARTESIAN_POINT('Origin',(-53.5,53.5,-17.6604444300315));
#7439=CARTESIAN_POINT('',(-86.3557521937309,53.5,-15.3208888623802));
#7440=CARTESIAN_POINT('',(-80.7794046880865,53.5,-19.9999999976828));
#7441=CARTESIAN_POINT('',(-80.7794046880865,53.5,-19.9999999976828));
#7442=CARTESIAN_POINT('',(-53.5,86.3557521937309,-15.3208888623802));
#7443=CARTESIAN_POINT('Origin',(-53.5,53.5,-15.3208888623802));
#7444=CARTESIAN_POINT('',(-53.5,80.7794046880865,-19.9999999976828));
#7445=CARTESIAN_POINT('',(-53.5,80.7794046880865,-19.9999999976828));
#7446=CARTESIAN_POINT('Origin',(-53.5,53.5,-19.9999999976828));
#7447=CARTESIAN_POINT('Ctrl Pts',(-86.3557521937309,53.5,-15.3208888623802));
#7448=CARTESIAN_POINT('Ctrl Pts',(-86.355752193731,86.355752193731,-15.3208888623802));
#7449=CARTESIAN_POINT('Ctrl Pts',(-53.5,86.3557521937309,-15.3208888623802));
#7450=CARTESIAN_POINT('Ctrl Pts',(-93.5000000000001,53.5,-9.32615316310063));
#7451=CARTESIAN_POINT('Ctrl Pts',(-93.5000000000001,93.5000000000001,-9.32615316310063));
#7452=CARTESIAN_POINT('Ctrl Pts',(-53.5,93.5000000000001,-9.32615316310063));
#7453=CARTESIAN_POINT('Ctrl Pts',(-93.5000000000001,53.5,-6.75015598972095E-13));
#7454=CARTESIAN_POINT('Ctrl Pts',(-93.5000000000001,93.5000000000001,-6.75015598972095E-13));
#7455=CARTESIAN_POINT('Ctrl Pts',(-53.5,93.5000000000001,-6.75015598972095E-13));
#7456=CARTESIAN_POINT('Origin',(-73.5000000000002,53.5,-6.80312505868726E-13));
#7457=CARTESIAN_POINT('Origin',(-53.5,73.5000000000002,-6.80312505868726E-13));
#7458=CARTESIAN_POINT('Origin',(-53.5,53.5,194.));
#7459=CARTESIAN_POINT('',(-83.5000000000002,53.5,197.));
#7460=CARTESIAN_POINT('',(-53.5,83.5000000000002,197.));
#7461=CARTESIAN_POINT('Origin',(-53.5,53.5,103.5));
#7462=CARTESIAN_POINT('',(-73.5,53.5,10.));
#7463=CARTESIAN_POINT('',(-73.5,53.5,10.));
#7464=CARTESIAN_POINT('',(-53.5,73.5,10.));
#7465=CARTESIAN_POINT('Origin',(-53.5,53.5,10.));
#7466=CARTESIAN_POINT('',(-53.5,73.5,10.));
#7467=CARTESIAN_POINT('Ctrl Pts',(-68.5,53.5,1.3397459621556));
#7468=CARTESIAN_POINT('Ctrl Pts',(-68.5,68.5,1.3397459621556));
#7469=CARTESIAN_POINT('Ctrl Pts',(-53.5,68.5,1.3397459621556));
#7470=CARTESIAN_POINT('Ctrl Pts',(-73.5,53.5,4.22649730810374));
#7471=CARTESIAN_POINT('Ctrl Pts',(-73.5,73.5,4.22649730810374));
#7472=CARTESIAN_POINT('Ctrl Pts',(-53.5,73.5,4.22649730810374));
#7473=CARTESIAN_POINT('Ctrl Pts',(-73.5,53.5,10.));
#7474=CARTESIAN_POINT('Ctrl Pts',(-73.5,73.5,10.));
#7475=CARTESIAN_POINT('Ctrl Pts',(-53.5,73.5,10.));
#7476=CARTESIAN_POINT('',(-68.5,53.5,1.33974596215561));
#7477=CARTESIAN_POINT('Origin',(-63.5,53.5,10.));
#7478=CARTESIAN_POINT('',(-53.5,68.5,1.33974596215561));
#7479=CARTESIAN_POINT('Origin',(-53.5,53.5,1.33974596215561));
#7480=CARTESIAN_POINT('Origin',(-53.5,63.5,10.));
#7481=CARTESIAN_POINT('Origin',(-53.5,53.5,0.669872981077792));
#7482=CARTESIAN_POINT('',(-66.1794919243111,53.5,-2.44585147350391E-14));
#7483=CARTESIAN_POINT('',(-66.1794919243111,53.5,-2.44585147350391E-14));
#7484=CARTESIAN_POINT('',(-53.5,66.1794919243111,-2.44585147350391E-14));
#7485=CARTESIAN_POINT('Origin',(-53.5,53.5,-2.4458514735039E-14));
#7486=CARTESIAN_POINT('',(-53.5,66.1794919243111,-2.44585147350391E-14));
#7487=CARTESIAN_POINT('Origin',(-86.3557521937309,-53.5,-15.3208888623802));
#7488=CARTESIAN_POINT('',(-86.3557521937309,-53.5,-15.3208888623802));
#7489=CARTESIAN_POINT('',(-80.7794046880865,-53.5,-19.9999999976828));
#7490=CARTESIAN_POINT('',(-80.7794046880865,-53.5,-19.9999999976828));
#7491=CARTESIAN_POINT('',(-86.3557521937309,-53.5,-15.3208888623802));
#7492=CARTESIAN_POINT('',(-80.7794046880865,-53.5,-19.9999999976828));
#7493=CARTESIAN_POINT('Origin',(-73.5000000000002,-53.5,-6.80312505868726E-13));
#7494=CARTESIAN_POINT('Origin',(-73.5000000000002,-53.5,-6.80312505868726E-13));
#7495=CARTESIAN_POINT('Origin',(-83.5000000000002,-53.5,197.));
#7496=CARTESIAN_POINT('',(-83.5000000000002,-53.5,197.));
#7497=CARTESIAN_POINT('Origin',(-73.5,-53.5,10.));
#7498=CARTESIAN_POINT('',(-73.5,-53.5,10.));
#7499=CARTESIAN_POINT('',(-73.5,-53.5,10.));
#7500=CARTESIAN_POINT('',(-73.5,-53.5,10.));
#7501=CARTESIAN_POINT('Origin',(-63.5,-53.5,10.));
#7502=CARTESIAN_POINT('',(-68.5,-53.5,1.33974596215561));
#7503=CARTESIAN_POINT('Origin',(-63.5,-53.5,10.));
#7504=CARTESIAN_POINT('',(-68.5,-53.5,1.33974596215561));
#7505=CARTESIAN_POINT('Origin',(-66.1794919243111,-53.5,-2.44585147350391E-14));
#7506=CARTESIAN_POINT('',(-66.1794919243111,-53.5,-2.44585147350391E-14));
#7507=CARTESIAN_POINT('',(-66.1794919243111,-53.5,-2.44585147350391E-14));
#7508=CARTESIAN_POINT('',(-66.1794919243111,-53.5,-2.44585147350391E-14));
#7509=CARTESIAN_POINT('Origin',(-53.5,-53.5,-17.6604444300315));
#7510=CARTESIAN_POINT('',(-53.5,-86.355752193731,-15.3208888623802));
#7511=CARTESIAN_POINT('',(-53.5,-80.7794046880865,-19.9999999976828));
#7512=CARTESIAN_POINT('',(-53.5,-80.7794046880865,-19.9999999976828));
#7513=CARTESIAN_POINT('Origin',(-53.5,-53.5,-15.3208888623802));
#7514=CARTESIAN_POINT('Origin',(-53.5,-53.5,-19.9999999976828));
#7515=CARTESIAN_POINT('Ctrl Pts',(-53.5,-86.355752193731,-15.3208888623802));
#7516=CARTESIAN_POINT('Ctrl Pts',(-86.3557521937309,-86.355752193731,-15.3208888623802));
#7517=CARTESIAN_POINT('Ctrl Pts',(-86.3557521937309,-53.5,-15.3208888623802));
#7518=CARTESIAN_POINT('Ctrl Pts',(-53.5,-93.5000000000002,-9.32615316310063));
#7519=CARTESIAN_POINT('Ctrl Pts',(-93.5000000000001,-93.5000000000002,-9.32615316310063));
#7520=CARTESIAN_POINT('Ctrl Pts',(-93.5000000000001,-53.5,-9.32615316310063));
#7521=CARTESIAN_POINT('Ctrl Pts',(-53.5,-93.5000000000002,-6.75015598972095E-13));
#7522=CARTESIAN_POINT('Ctrl Pts',(-93.5000000000001,-93.5000000000002,-6.75015598972095E-13));
#7523=CARTESIAN_POINT('Ctrl Pts',(-93.5000000000001,-53.5,-6.75015598972095E-13));
#7524=CARTESIAN_POINT('Origin',(-53.5,-73.5000000000002,-6.80312505868726E-13));
#7525=CARTESIAN_POINT('Origin',(-53.5,-53.5,194.));
#7526=CARTESIAN_POINT('',(-53.5,-83.5000000000002,197.));
#7527=CARTESIAN_POINT('Origin',(-53.5,-53.5,103.5));
#7528=CARTESIAN_POINT('',(-53.5,-73.5,10.));
#7529=CARTESIAN_POINT('',(-53.5,-73.5,10.));
#7530=CARTESIAN_POINT('Origin',(-53.5,-53.5,10.));
#7531=CARTESIAN_POINT('Ctrl Pts',(-53.5,-68.5,1.33974596215561));
#7532=CARTESIAN_POINT('Ctrl Pts',(-68.5,-68.5,1.33974596215561));
#7533=CARTESIAN_POINT('Ctrl Pts',(-68.5,-53.5,1.33974596215561));
#7534=CARTESIAN_POINT('Ctrl Pts',(-53.5,-73.5,4.22649730810374));
#7535=CARTESIAN_POINT('Ctrl Pts',(-73.5,-73.5,4.22649730810374));
#7536=CARTESIAN_POINT('Ctrl Pts',(-73.5,-53.5,4.22649730810374));
#7537=CARTESIAN_POINT('Ctrl Pts',(-53.5,-73.5,10.));
#7538=CARTESIAN_POINT('Ctrl Pts',(-73.5,-73.5,10.));
#7539=CARTESIAN_POINT('Ctrl Pts',(-73.5,-53.5,10.));
#7540=CARTESIAN_POINT('',(-53.5,-68.5,1.33974596215561));
#7541=CARTESIAN_POINT('Origin',(-53.5,-63.5,10.));
#7542=CARTESIAN_POINT('Origin',(-53.5,-53.5,1.33974596215561));
#7543=CARTESIAN_POINT('Origin',(-53.5,-53.5,0.669872981077792));
#7544=CARTESIAN_POINT('',(-53.5,-66.1794919243112,-2.44585147350391E-14));
#7545=CARTESIAN_POINT('',(-53.5,-66.1794919243112,-2.44585147350391E-14));
#7546=CARTESIAN_POINT('Origin',(-53.5,-53.5,-2.4458514735039E-14));
#7547=CARTESIAN_POINT('Origin',(87.8000000000002,0.,172.));
#7548=CARTESIAN_POINT('',(87.3000000000002,-16.3,172.));
#7549=CARTESIAN_POINT('Origin',(87.3000000000002,0.,172.));
#7550=CARTESIAN_POINT('',(88.3000000000001,-15.3,172.));
#7551=CARTESIAN_POINT('',(87.8000000000002,-15.8,172.));
#7552=CARTESIAN_POINT('Origin',(88.3000000000001,0.,172.));
#7553=CARTESIAN_POINT('Origin',(83.5000000000001,0.,172.));
#7554=CARTESIAN_POINT('',(84.0000000000001,-16.3,172.));
#7555=CARTESIAN_POINT('Origin',(84.0000000000001,0.,172.));
#7556=CARTESIAN_POINT('',(83.5000000000001,-16.3,172.));
#7557=CARTESIAN_POINT('Origin',(83.7500000000001,0.,172.));
#7558=CARTESIAN_POINT('',(83.5000000000001,-15.8,172.));
#7559=CARTESIAN_POINT('',(83.7500000000001,-16.05,172.));
#7560=CARTESIAN_POINT('Origin',(83.5000000000001,0.,172.));
#7561=CARTESIAN_POINT('Origin',(83.5000000000001,0.,172.));
#7562=CARTESIAN_POINT('Origin',(92.5000000000002,0.,172.));
#7563=CARTESIAN_POINT('',(93.5000000000002,-15.9,172.));
#7564=CARTESIAN_POINT('Origin',(93.5000000000002,0.,172.));
#7565=CARTESIAN_POINT('',(91.5000000000002,-15.3,172.));
#7566=CARTESIAN_POINT('',(92.5000000000002,-15.6,172.));
#7567=CARTESIAN_POINT('Origin',(91.5000000000002,0.,172.));
#7568=CARTESIAN_POINT('Origin',(93.5000000000001,0.,172.));
#7569=CARTESIAN_POINT('',(93.5000000000001,-15.3,172.));
#7570=CARTESIAN_POINT('Origin',(93.5000000000002,-53.5,191.));
#7571=CARTESIAN_POINT('',(93.5000000000002,-53.5,189.6));
#7572=CARTESIAN_POINT('',(93.5000000000002,53.5,189.599999999995));
#7573=CARTESIAN_POINT('',(93.5000000000002,-68.5000000000002,189.599999999999));
#7574=CARTESIAN_POINT('',(93.5000000000001,-53.5,-6.75015598972095E-13));
#7575=CARTESIAN_POINT('',(93.5000000000002,-53.5,191.));
#7576=CARTESIAN_POINT('',(93.5000000000001,53.5,-6.75015598972095E-13));
#7577=CARTESIAN_POINT('',(93.5000000000001,-53.5,-6.75015598972095E-13));
#7578=CARTESIAN_POINT('',(93.5000000000002,53.5,191.));
#7579=CARTESIAN_POINT('Origin',(26.75,92.1000000000002,179.6));
#7580=CARTESIAN_POINT('',(37.5,92.1000000000002,181.));
#7581=CARTESIAN_POINT('',(26.75,92.1000000000002,181.));
#7582=CARTESIAN_POINT('',(37.5,93.5000000000002,179.6));
#7583=CARTESIAN_POINT('Origin',(37.5,92.1000000000002,179.6));
#7584=CARTESIAN_POINT('',(26.75,93.5000000000002,179.6));
#7585=CARTESIAN_POINT('Origin',(37.5,92.1000000000002,187.));
#7586=CARTESIAN_POINT('',(43.5,92.1000000000002,187.));
#7587=CARTESIAN_POINT('',(44.9,93.5000000000002,187.));
#7588=CARTESIAN_POINT('Origin',(44.9,92.1000000000002,187.));
#7589=CARTESIAN_POINT('Origin',(37.5,93.5000000000002,187.));
#7590=CARTESIAN_POINT('Origin',(37.5,92.1000000000002,187.));
#7591=CARTESIAN_POINT('Origin',(44.9,92.1000000000002,186.));
#7592=CARTESIAN_POINT('',(44.9,93.5000000000002,189.599999999994));
#7593=CARTESIAN_POINT('',(44.9,93.5000000000002,186.));
#7594=CARTESIAN_POINT('',(43.5,92.1000000000002,190.999999999994));
#7595=CARTESIAN_POINT('',(43.5,92.1000000000002,186.));
#7596=CARTESIAN_POINT('Origin',(44.9,92.1000000000002,189.599999999994));
#7597=CARTESIAN_POINT('Origin',(0.,-92.1000000000002,189.6));
#7598=CARTESIAN_POINT('',(53.5,-93.5000000000002,189.6));
#7599=CARTESIAN_POINT('',(0.,-93.5000000000002,189.6));
#7600=CARTESIAN_POINT('',(53.5,-92.1000000000001,191.));
#7601=CARTESIAN_POINT('Origin',(53.5,-92.1000000000002,189.6));
#7602=CARTESIAN_POINT('',(0.,-92.1000000000001,191.));
#7603=CARTESIAN_POINT('Origin',(53.5,-53.5,189.6));
#7604=CARTESIAN_POINT('',(92.1000000000001,-53.5,190.999999999999));
#7605=CARTESIAN_POINT('Origin',(92.1000000000001,-53.5,189.6));
#7606=CARTESIAN_POINT('Origin',(53.5,-53.5,190.999999999999));
#7607=CARTESIAN_POINT('Origin',(53.5,-53.5,189.6));
#7608=CARTESIAN_POINT('Origin',(92.1000000000002,-68.5000000000002,189.599999999999));
#7609=CARTESIAN_POINT('',(92.1000000000002,53.5000000000001,190.999999999995));
#7610=CARTESIAN_POINT('Origin',(92.1000000000002,53.5,189.599999999995));
#7611=CARTESIAN_POINT('',(92.1000000000002,-68.5000000000001,190.999999999999));
#7612=CARTESIAN_POINT('Origin',(53.5,53.5,189.6));
#7613=CARTESIAN_POINT('',(53.5,93.5000000000002,189.599999999999));
#7614=CARTESIAN_POINT('',(53.5,92.1000000000002,190.999999999994));
#7615=CARTESIAN_POINT('Origin',(53.5,92.1000000000001,189.599999999999));
#7616=CARTESIAN_POINT('Origin',(53.5,53.5000000000001,190.999999999995));
#7617=CARTESIAN_POINT('Origin',(53.5,53.5,189.6));
#7618=CARTESIAN_POINT('Origin',(26.75,92.1000000000002,189.599999999994));
#7619=CARTESIAN_POINT('',(26.75,92.1000000000002,190.999999999994));
#7620=CARTESIAN_POINT('',(26.75,93.5000000000002,189.599999999994));
#7621=CARTESIAN_POINT('Origin',(53.5,93.5000000000002,191.));
#7622=CARTESIAN_POINT('',(53.5,93.5000000000001,-6.75015598972095E-13));
#7623=CARTESIAN_POINT('',(53.5,93.5000000000002,191.));
#7624=CARTESIAN_POINT('',(53.5,93.5000000000001,-6.75015598972095E-13));
#7625=CARTESIAN_POINT('Origin',(53.5,53.5,95.4999999999998));
#7626=CARTESIAN_POINT('Origin',(53.5,53.5,-6.75015598972095E-13));
#7627=CARTESIAN_POINT('Origin',(53.5,-53.5,95.4999999999998));
#7628=CARTESIAN_POINT('',(53.5,-93.5000000000002,-6.75015598972095E-13));
#7629=CARTESIAN_POINT('',(53.5,-93.5000000000002,191.));
#7630=CARTESIAN_POINT('Origin',(53.5,-53.5,-6.75015598972095E-13));
#7631=CARTESIAN_POINT('Origin',(0.,-93.5000000000002,191.));
#7632=CARTESIAN_POINT('',(0.,-93.5000000000002,-6.75015598972095E-13));
#7633=CARTESIAN_POINT('Origin',(0.,-74.9000000000002,195.6));
#7634=CARTESIAN_POINT('',(53.5,-74.9000000000002,197.));
#7635=CARTESIAN_POINT('',(0.,-74.9000000000002,197.));
#7636=CARTESIAN_POINT('',(53.5,-73.5000000000002,195.6));
#7637=CARTESIAN_POINT('Origin',(53.5,-74.9000000000002,195.6));
#7638=CARTESIAN_POINT('',(0.,-73.5000000000002,195.6));
#7639=CARTESIAN_POINT('Origin',(53.5,-53.5,195.6));
#7640=CARTESIAN_POINT('',(74.9000000000001,-53.5,197.));
#7641=CARTESIAN_POINT('',(73.5000000000002,-53.5,195.6));
#7642=CARTESIAN_POINT('Origin',(74.9000000000001,-53.5,195.6));
#7643=CARTESIAN_POINT('Origin',(53.5,-53.5,195.6));
#7644=CARTESIAN_POINT('Origin',(53.5,-53.5,197.));
#7645=CARTESIAN_POINT('Origin',(74.9000000000001,-63.5000000000001,195.6));
#7646=CARTESIAN_POINT('',(74.9000000000001,53.5,197.));
#7647=CARTESIAN_POINT('',(73.5000000000002,53.5,195.6));
#7648=CARTESIAN_POINT('Origin',(74.9000000000001,53.5,195.6));
#7649=CARTESIAN_POINT('',(73.5000000000002,-63.5000000000001,195.6));
#7650=CARTESIAN_POINT('',(74.9000000000001,-63.5000000000001,197.));
#7651=CARTESIAN_POINT('Origin',(53.5,53.5,195.6));
#7652=CARTESIAN_POINT('',(53.5,74.9000000000001,197.));
#7653=CARTESIAN_POINT('',(53.5,73.5000000000002,195.6));
#7654=CARTESIAN_POINT('Origin',(53.5,74.9000000000001,195.6));
#7655=CARTESIAN_POINT('Origin',(53.5,53.5,195.6));
#7656=CARTESIAN_POINT('Origin',(53.5,53.5,197.));
#7657=CARTESIAN_POINT('Origin',(26.75,74.9000000000002,195.6));
#7658=CARTESIAN_POINT('',(26.75,73.5000000000002,195.6));
#7659=CARTESIAN_POINT('',(26.75,74.9000000000002,197.));
#7660=CARTESIAN_POINT('Origin',(0.,-73.5000000000002,197.));
#7661=CARTESIAN_POINT('',(53.5,81.5000000000002,197.));
#7662=CARTESIAN_POINT('',(26.75,81.5000000000002,197.));
#7663=CARTESIAN_POINT('',(53.5,-81.5000000000002,197.));
#7664=CARTESIAN_POINT('',(0.,-81.5000000000002,197.));
#7665=CARTESIAN_POINT('',(81.5000000000001,-53.5,197.));
#7666=CARTESIAN_POINT('Origin',(53.5,-53.5,197.));
#7667=CARTESIAN_POINT('',(81.5000000000002,53.5,197.));
#7668=CARTESIAN_POINT('',(81.5000000000002,-63.5000000000001,197.));
#7669=CARTESIAN_POINT('Origin',(53.5,53.5,197.));
#7670=CARTESIAN_POINT('Origin',(10.875,91.5000000000001,182.));
#7671=CARTESIAN_POINT('',(37.5,90.5000000000001,182.));
#7672=CARTESIAN_POINT('',(37.5,91.5000000000001,181.));
#7673=CARTESIAN_POINT('Origin',(37.5,91.5000000000001,182.));
#7674=CARTESIAN_POINT('',(10.875,91.5000000000001,181.));
#7675=CARTESIAN_POINT('',(10.875,90.5000000000001,182.));
#7676=CARTESIAN_POINT('Origin',(37.5,91.5000000000001,187.));
#7677=CARTESIAN_POINT('',(42.5,90.5000000000001,187.));
#7678=CARTESIAN_POINT('',(43.5,91.5000000000001,187.));
#7679=CARTESIAN_POINT('Origin',(42.5,91.5000000000001,187.));
#7680=CARTESIAN_POINT('Origin',(37.5,91.5000000000001,187.));
#7681=CARTESIAN_POINT('Origin',(37.5,90.5000000000001,187.));
#7682=CARTESIAN_POINT('Origin',(42.5,91.5000000000001,186.));
#7683=CARTESIAN_POINT('',(42.5,90.5000000000001,190.999999999994));
#7684=CARTESIAN_POINT('',(43.5,91.5000000000001,190.999999999994));
#7685=CARTESIAN_POINT('Origin',(42.5,91.5000000000001,191.));
#7686=CARTESIAN_POINT('',(43.5,91.5000000000001,186.));
#7687=CARTESIAN_POINT('',(42.5,90.5000000000001,186.));
#7688=CARTESIAN_POINT('Origin',(21.75,90.5000000000001,191.));
#7689=CARTESIAN_POINT('',(10.875,90.5000000000001,190.999999999994));
#7690=CARTESIAN_POINT('Origin',(0.,-85.5000000000002,193.));
#7691=CARTESIAN_POINT('',(53.5,-85.5000000000003,191.));
#7692=CARTESIAN_POINT('',(53.5,-83.5000000000002,193.));
#7693=CARTESIAN_POINT('Origin',(53.5,-85.5000000000002,193.));
#7694=CARTESIAN_POINT('',(0.,-83.5000000000002,193.));
#7695=CARTESIAN_POINT('',(0.,-85.5000000000003,191.));
#7696=CARTESIAN_POINT('Origin',(53.5,-53.5,193.));
#7697=CARTESIAN_POINT('',(85.5000000000002,-53.5000000000001,190.999999999999));
#7698=CARTESIAN_POINT('',(83.5000000000002,-53.5,193.));
#7699=CARTESIAN_POINT('Origin',(85.5000000000002,-53.5,193.));
#7700=CARTESIAN_POINT('Origin',(53.5,-53.5,193.));
#7701=CARTESIAN_POINT('Origin',(53.5,-53.5000000000001,190.999999999999));
#7702=CARTESIAN_POINT('Origin',(85.5000000000001,-68.5000000000001,192.999999999999));
#7703=CARTESIAN_POINT('',(85.5000000000001,53.4999999999999,190.999999999995));
#7704=CARTESIAN_POINT('',(83.5000000000002,53.5,192.999999999995));
#7705=CARTESIAN_POINT('Origin',(85.5000000000001,53.5,192.999999999995));
#7706=CARTESIAN_POINT('',(83.5000000000002,-68.5000000000001,192.999999999999));
#7707=CARTESIAN_POINT('',(85.5000000000001,-68.5000000000002,190.999999999999));
#7708=CARTESIAN_POINT('Origin',(53.5,53.5,193.));
#7709=CARTESIAN_POINT('',(53.5,85.5000000000001,190.999999999994));
#7710=CARTESIAN_POINT('',(53.5,83.5000000000002,192.999999999999));
#7711=CARTESIAN_POINT('Origin',(53.5,85.5000000000002,192.999999999999));
#7712=CARTESIAN_POINT('Origin',(53.5,53.5,193.));
#7713=CARTESIAN_POINT('Origin',(53.5,53.4999999999999,190.999999999995));
#7714=CARTESIAN_POINT('Origin',(26.75,85.5000000000001,192.999999999994));
#7715=CARTESIAN_POINT('',(26.75,83.5000000000002,192.999999999994));
#7716=CARTESIAN_POINT('',(26.75,85.5000000000001,190.999999999994));
#7717=CARTESIAN_POINT('Origin',(0.,-83.5000000000002,191.));
#7718=CARTESIAN_POINT('',(43.5,5.00000000000015,190.999999999997));
#7719=CARTESIAN_POINT('Origin',(0.,-81.5000000000002,195.));
#7720=CARTESIAN_POINT('',(53.5,-83.5000000000002,195.));
#7721=CARTESIAN_POINT('',(0.,-83.5000000000002,195.));
#7722=CARTESIAN_POINT('Origin',(53.5,-81.5000000000002,195.));
#7723=CARTESIAN_POINT('Origin',(53.5,-53.5,195.));
#7724=CARTESIAN_POINT('',(83.5000000000002,-53.5,195.));
#7725=CARTESIAN_POINT('Origin',(81.5000000000001,-53.5,195.));
#7726=CARTESIAN_POINT('Origin',(53.5,-53.5,195.));
#7727=CARTESIAN_POINT('Origin',(81.5000000000002,-63.5000000000001,195.));
#7728=CARTESIAN_POINT('',(83.5000000000002,53.5,195.));
#7729=CARTESIAN_POINT('Origin',(81.5000000000002,53.5,195.));
#7730=CARTESIAN_POINT('',(83.5000000000002,-63.5000000000001,195.));
#7731=CARTESIAN_POINT('Origin',(53.5,53.5,195.));
#7732=CARTESIAN_POINT('',(53.5,83.5000000000002,195.));
#7733=CARTESIAN_POINT('Origin',(53.5,81.5000000000002,195.));
#7734=CARTESIAN_POINT('Origin',(53.5,53.5,195.));
#7735=CARTESIAN_POINT('Origin',(26.75,81.5000000000002,195.));
#7736=CARTESIAN_POINT('',(26.75,83.5000000000002,195.));
#7737=CARTESIAN_POINT('Origin',(37.5,93.5000000000002,187.));
#7738=CARTESIAN_POINT('',(37.5,93.5000000000002,181.));
#7739=CARTESIAN_POINT('',(43.5,93.5000000000002,187.));
#7740=CARTESIAN_POINT('Origin',(0.,93.5000000000002,181.));
#7741=CARTESIAN_POINT('Origin',(43.5,93.5000000000002,181.));
#7742=CARTESIAN_POINT('Origin',(53.5,86.3557521937309,-15.3208888623802));
#7743=CARTESIAN_POINT('',(53.5,86.3557521937309,-15.3208888623802));
#7744=CARTESIAN_POINT('',(53.5,80.7794046880865,-19.9999999976828));
#7745=CARTESIAN_POINT('',(53.5,80.7794046880865,-19.9999999976828));
#7746=CARTESIAN_POINT('',(53.5,80.7794046880865,-19.9999999976828));
#7747=CARTESIAN_POINT('',(53.5,86.3557521937309,-15.3208888623802));
#7748=CARTESIAN_POINT('Origin',(53.5,73.5000000000002,-6.80312505868726E-13));
#7749=CARTESIAN_POINT('Origin',(53.5,73.5000000000002,-6.80312505868726E-13));
#7750=CARTESIAN_POINT('Origin',(53.5,83.5000000000002,197.));
#7751=CARTESIAN_POINT('',(53.5,83.5000000000002,197.));
#7752=CARTESIAN_POINT('Origin',(53.5,73.5,10.));
#7753=CARTESIAN_POINT('',(53.5,73.5,10.));
#7754=CARTESIAN_POINT('',(53.5,73.5,10.));
#7755=CARTESIAN_POINT('',(53.5,73.5,10.));
#7756=CARTESIAN_POINT('Origin',(53.5,63.5,10.));
#7757=CARTESIAN_POINT('',(53.5,68.5,1.33974596215561));
#7758=CARTESIAN_POINT('Origin',(53.5,63.5,10.));
#7759=CARTESIAN_POINT('',(53.5,68.5,1.33974596215561));
#7760=CARTESIAN_POINT('Origin',(53.5,66.1794919243111,-2.44585147350391E-14));
#7761=CARTESIAN_POINT('',(53.5,66.1794919243111,-2.44585147350391E-14));
#7762=CARTESIAN_POINT('',(53.5,66.1794919243111,-2.44585147350391E-14));
#7763=CARTESIAN_POINT('',(53.5,66.1794919243111,-2.44585147350391E-14));
#7764=CARTESIAN_POINT('Origin',(53.5,53.5,-17.6604444300315));
#7765=CARTESIAN_POINT('',(86.3557521937309,53.5,-15.3208888623802));
#7766=CARTESIAN_POINT('',(80.7794046880865,53.5,-19.9999999976828));
#7767=CARTESIAN_POINT('',(80.7794046880865,53.5,-19.9999999976828));
#7768=CARTESIAN_POINT('Origin',(53.5,53.5,-19.9999999976828));
#7769=CARTESIAN_POINT('Origin',(53.5,53.5,-15.3208888623802));
#7770=CARTESIAN_POINT('Ctrl Pts',(86.3557521937309,53.5,-15.3208888623802));
#7771=CARTESIAN_POINT('Ctrl Pts',(86.355752193731,86.355752193731,-15.3208888623802));
#7772=CARTESIAN_POINT('Ctrl Pts',(53.5,86.3557521937309,-15.3208888623802));
#7773=CARTESIAN_POINT('Ctrl Pts',(93.5000000000001,53.5,-9.32615316310063));
#7774=CARTESIAN_POINT('Ctrl Pts',(93.5000000000001,93.5000000000001,-9.32615316310063));
#7775=CARTESIAN_POINT('Ctrl Pts',(53.5,93.5000000000001,-9.32615316310063));
#7776=CARTESIAN_POINT('Ctrl Pts',(93.5000000000001,53.5,-6.75015598972095E-13));
#7777=CARTESIAN_POINT('Ctrl Pts',(93.5000000000001,93.5000000000001,-6.75015598972095E-13));
#7778=CARTESIAN_POINT('Ctrl Pts',(53.5,93.5000000000001,-6.75015598972095E-13));
#7779=CARTESIAN_POINT('Origin',(73.5000000000002,53.5,-6.80312505868726E-13));
#7780=CARTESIAN_POINT('Origin',(53.5,53.5,194.));
#7781=CARTESIAN_POINT('',(83.5000000000002,53.5,197.));
#7782=CARTESIAN_POINT('Origin',(53.5,53.5,103.5));
#7783=CARTESIAN_POINT('',(73.5,53.5,10.));
#7784=CARTESIAN_POINT('Origin',(53.5,53.5,10.));
#7785=CARTESIAN_POINT('',(73.5,53.5,10.));
#7786=CARTESIAN_POINT('Ctrl Pts',(68.5,53.5,1.3397459621556));
#7787=CARTESIAN_POINT('Ctrl Pts',(68.5,68.5,1.3397459621556));
#7788=CARTESIAN_POINT('Ctrl Pts',(53.5,68.5,1.3397459621556));
#7789=CARTESIAN_POINT('Ctrl Pts',(73.5,53.5,4.22649730810374));
#7790=CARTESIAN_POINT('Ctrl Pts',(73.5,73.5,4.22649730810374));
#7791=CARTESIAN_POINT('Ctrl Pts',(53.5,73.5,4.22649730810374));
#7792=CARTESIAN_POINT('Ctrl Pts',(73.5,53.5,10.));
#7793=CARTESIAN_POINT('Ctrl Pts',(73.5,73.5,10.));
#7794=CARTESIAN_POINT('Ctrl Pts',(53.5,73.5,10.));
#7795=CARTESIAN_POINT('',(68.5,53.5,1.33974596215561));
#7796=CARTESIAN_POINT('Origin',(63.5,53.5,10.));
#7797=CARTESIAN_POINT('Origin',(53.5,53.5,1.33974596215561));
#7798=CARTESIAN_POINT('Origin',(53.5,53.5,0.669872981077792));
#7799=CARTESIAN_POINT('',(66.1794919243111,53.5,-2.44585147350391E-14));
#7800=CARTESIAN_POINT('',(66.1794919243111,53.5,-2.44585147350391E-14));
#7801=CARTESIAN_POINT('Origin',(53.5,53.5,-2.4458514735039E-14));
#7802=CARTESIAN_POINT('Origin',(86.3557521937309,-53.5,-15.3208888623802));
#7803=CARTESIAN_POINT('',(86.3557521937309,-53.5,-15.3208888623802));
#7804=CARTESIAN_POINT('',(80.7794046880865,-53.5,-19.9999999976828));
#7805=CARTESIAN_POINT('',(80.7794046880865,-53.5,-19.9999999976828));
#7806=CARTESIAN_POINT('',(80.7794046880865,-53.5,-19.9999999976828));
#7807=CARTESIAN_POINT('',(86.3557521937309,-53.5,-15.3208888623802));
#7808=CARTESIAN_POINT('Origin',(73.5000000000002,-53.5,-6.80312505868726E-13));
#7809=CARTESIAN_POINT('Origin',(73.5000000000002,-53.5,-6.80312505868726E-13));
#7810=CARTESIAN_POINT('Origin',(83.5000000000002,-53.5,197.));
#7811=CARTESIAN_POINT('',(83.5000000000002,-53.5,197.));
#7812=CARTESIAN_POINT('Origin',(73.5,-53.5,10.));
#7813=CARTESIAN_POINT('',(73.5,-53.5,10.));
#7814=CARTESIAN_POINT('',(73.5,-53.5,10.));
#7815=CARTESIAN_POINT('',(73.5,-53.5,10.));
#7816=CARTESIAN_POINT('Origin',(63.5,-53.5,10.));
#7817=CARTESIAN_POINT('',(68.5,-53.5,1.33974596215561));
#7818=CARTESIAN_POINT('Origin',(63.5,-53.5,10.));
#7819=CARTESIAN_POINT('',(68.5,-53.5,1.33974596215561));
#7820=CARTESIAN_POINT('Origin',(66.1794919243111,-53.5,-2.44585147350391E-14));
#7821=CARTESIAN_POINT('',(66.1794919243111,-53.5,-2.44585147350391E-14));
#7822=CARTESIAN_POINT('',(66.1794919243111,-53.5,-2.44585147350391E-14));
#7823=CARTESIAN_POINT('',(66.1794919243111,-53.5,-2.44585147350391E-14));
#7824=CARTESIAN_POINT('Origin',(53.5,-53.5,-17.6604444300315));
#7825=CARTESIAN_POINT('',(53.5,-86.355752193731,-15.3208888623802));
#7826=CARTESIAN_POINT('',(53.5,-80.7794046880865,-19.9999999976828));
#7827=CARTESIAN_POINT('',(53.5,-80.7794046880865,-19.9999999976828));
#7828=CARTESIAN_POINT('Origin',(53.5,-53.5,-19.9999999976828));
#7829=CARTESIAN_POINT('Origin',(53.5,-53.5,-15.3208888623802));
#7830=CARTESIAN_POINT('Ctrl Pts',(53.5,-86.355752193731,-15.3208888623802));
#7831=CARTESIAN_POINT('Ctrl Pts',(86.3557521937309,-86.355752193731,-15.3208888623802));
#7832=CARTESIAN_POINT('Ctrl Pts',(86.3557521937309,-53.5,-15.3208888623802));
#7833=CARTESIAN_POINT('Ctrl Pts',(53.5,-93.5000000000002,-9.32615316310063));
#7834=CARTESIAN_POINT('Ctrl Pts',(93.5000000000001,-93.5000000000002,-9.32615316310063));
#7835=CARTESIAN_POINT('Ctrl Pts',(93.5000000000001,-53.5,-9.32615316310063));
#7836=CARTESIAN_POINT('Ctrl Pts',(53.5,-93.5000000000002,-6.75015598972095E-13));
#7837=CARTESIAN_POINT('Ctrl Pts',(93.5000000000001,-93.5000000000002,-6.75015598972095E-13));
#7838=CARTESIAN_POINT('Ctrl Pts',(93.5000000000001,-53.5,-6.75015598972095E-13));
#7839=CARTESIAN_POINT('Origin',(53.5,-73.5000000000002,-6.80312505868726E-13));
#7840=CARTESIAN_POINT('Origin',(53.5,-53.5,194.));
#7841=CARTESIAN_POINT('',(53.5,-83.5000000000002,197.));
#7842=CARTESIAN_POINT('Origin',(53.5,-53.5,103.5));
#7843=CARTESIAN_POINT('',(53.5,-73.5,10.));
#7844=CARTESIAN_POINT('Origin',(53.5,-53.5,10.));
#7845=CARTESIAN_POINT('',(53.5,-73.5,10.));
#7846=CARTESIAN_POINT('Ctrl Pts',(53.5,-68.5,1.33974596215561));
#7847=CARTESIAN_POINT('Ctrl Pts',(68.5,-68.5,1.33974596215561));
#7848=CARTESIAN_POINT('Ctrl Pts',(68.5,-53.5,1.33974596215561));
#7849=CARTESIAN_POINT('Ctrl Pts',(53.5,-73.5,4.22649730810374));
#7850=CARTESIAN_POINT('Ctrl Pts',(73.5,-73.5,4.22649730810374));
#7851=CARTESIAN_POINT('Ctrl Pts',(73.5,-53.5,4.22649730810374));
#7852=CARTESIAN_POINT('Ctrl Pts',(53.5,-73.5,10.));
#7853=CARTESIAN_POINT('Ctrl Pts',(73.5,-73.5,10.));
#7854=CARTESIAN_POINT('Ctrl Pts',(73.5,-53.5,10.));
#7855=CARTESIAN_POINT('',(53.5,-68.5,1.33974596215561));
#7856=CARTESIAN_POINT('Origin',(53.5,-63.5,10.));
#7857=CARTESIAN_POINT('Origin',(53.5,-53.5,1.33974596215561));
#7858=CARTESIAN_POINT('Origin',(53.5,-53.5,0.669872981077792));
#7859=CARTESIAN_POINT('',(53.5,-66.1794919243112,-2.44585147350391E-14));
#7860=CARTESIAN_POINT('',(53.5,-66.1794919243112,-2.44585147350391E-14));
#7861=CARTESIAN_POINT('Origin',(53.5,-53.5,-2.4458514735039E-14));
#7862=CARTESIAN_POINT('Origin',(53.5,-53.5,-6.55186037543834E-15));
#7863=CARTESIAN_POINT('',(0.,-66.1794919243112,-2.44585147350391E-14));
#7864=CARTESIAN_POINT('Origin',(0.,-86.355752193731,-15.3208888623802));
#7865=CARTESIAN_POINT('',(0.,-80.7794046880865,-19.9999999976828));
#7866=CARTESIAN_POINT('',(0.,-86.355752193731,-15.3208888623802));
#7867=CARTESIAN_POINT('Origin',(0.,-73.5000000000002,-6.80312505868726E-13));
#7868=CARTESIAN_POINT('Origin',(0.,-83.5000000000002,197.));
#7869=CARTESIAN_POINT('Origin',(0.,-73.5,10.));
#7870=CARTESIAN_POINT('',(0.,-73.5,10.));
#7871=CARTESIAN_POINT('Origin',(0.,-63.5,10.));
#7872=CARTESIAN_POINT('',(0.,-68.5,1.33974596215561));
#7873=CARTESIAN_POINT('Origin',(0.,-66.1794919243112,-2.44585147350391E-14));
#7874=CARTESIAN_POINT('Origin',(0.,-80.7794046880865,-20.0000000000007));
#7875=CARTESIAN_POINT('Ctrl Pts',(-97.0917517095363,0.40824829046386,197.183503419072));
#7876=CARTESIAN_POINT('Ctrl Pts',(-97.3838723460727,0.116127653927524,196.891382782536));
#7877=CARTESIAN_POINT('Ctrl Pts',(-97.675992982609,-0.175992982608813,196.599262146));
#7878=CARTESIAN_POINT('Ctrl Pts',(-97.9681136191453,-0.46811361914515,196.307141509463));
#7879=CARTESIAN_POINT('Ctrl Pts',(-96.9474267228677,-0.272081467659345,
197.719508190527));
#7880=CARTESIAN_POINT('Ctrl Pts',(-97.2365256096016,-0.564140148087119,
197.42430384808));
#7881=CARTESIAN_POINT('Ctrl Pts',(-97.5247563104878,-0.856150449387913,
197.128182940658));
#7882=CARTESIAN_POINT('Ctrl Pts',(-97.8120757460969,-1.14802720320685,196.831017220477));
#7883=CARTESIAN_POINT('Ctrl Pts',(-96.8031017361992,-0.952411225782551,
198.255512961982));
#7884=CARTESIAN_POINT('Ctrl Pts',(-97.0891788731306,-1.24440795010176,197.957224913623));
#7885=CARTESIAN_POINT('Ctrl Pts',(-97.3735196383667,-1.53630791616701,197.657103735316));
#7886=CARTESIAN_POINT('Ctrl Pts',(-97.6560378730485,-1.82794078726854,197.35489293149));
#7887=CARTESIAN_POINT('Ctrl Pts',(-96.6587767495306,-1.63274098390576,198.791517733436));
#7888=CARTESIAN_POINT('Ctrl Pts',(-96.9418321366596,-1.9246757521164,198.490145979167));
#7889=CARTESIAN_POINT('Ctrl Pts',(-97.2222829662456,-2.21646538294611,198.186024529974));
#7890=CARTESIAN_POINT('Ctrl Pts',(-97.5000000000001,-2.50785437133024,197.878768642503));
#7891=CARTESIAN_POINT('',(-96.6587767495306,-1.63274098390576,198.791517733436));
#7892=CARTESIAN_POINT('',(-97.0917517095363,0.408248290463861,197.183503419072));
#7893=CARTESIAN_POINT('Ctrl Pts',(-96.6587767495306,-1.63274098390576,198.791517733436));
#7894=CARTESIAN_POINT('Ctrl Pts',(-96.8031017361992,-0.952411225782551,
198.255512961982));
#7895=CARTESIAN_POINT('Ctrl Pts',(-96.9474267228677,-0.272081467659345,
197.719508190527));
#7896=CARTESIAN_POINT('Ctrl Pts',(-97.0917517095363,0.40824829046386,197.183503419072));
#7897=CARTESIAN_POINT('',(-97.2762766221312,0.223723377868995,196.998978506477));
#7898=CARTESIAN_POINT('Ctrl Pts',(-97.2762766221312,0.223723377868994,196.998978506477));
#7899=CARTESIAN_POINT('Ctrl Pts',(-97.2147683179329,0.285231682067282,197.060486810676));
#7900=CARTESIAN_POINT('Ctrl Pts',(-97.1532600137346,0.346739986265571,197.121995114874));
#7901=CARTESIAN_POINT('Ctrl Pts',(-97.0917517095363,0.40824829046386,197.183503419072));
#7902=CARTESIAN_POINT('',(-97.5000000000001,-0.270389081389686,196.899266260144));
#7903=CARTESIAN_POINT('Ctrl Pts',(-97.4999998964576,-0.270389331528139,
196.89926640674));
#7904=CARTESIAN_POINT('Ctrl Pts',(-97.4252650375337,-0.106003906804763,
196.933876989453));
#7905=CARTESIAN_POINT('Ctrl Pts',(-97.3506582805447,0.0586966776489127,
196.967097668892));
#7906=CARTESIAN_POINT('Ctrl Pts',(-97.2762766221312,0.223723377869024,196.998978506477));
#7907=CARTESIAN_POINT('',(-97.5000000000002,-2.50785437133027,197.878768642503));
#7908=CARTESIAN_POINT('Ctrl Pts',(-97.5000000000002,-2.50785437133027,197.878768642503));
#7909=CARTESIAN_POINT('Ctrl Pts',(-97.5000000000002,-2.08715420802468,197.703612877053));
#7910=CARTESIAN_POINT('Ctrl Pts',(-97.499999711441,-1.66688876912123,197.522895590063));
#7911=CARTESIAN_POINT('Ctrl Pts',(-97.4999996916533,-1.24996812623847,197.33908752584));
#7912=CARTESIAN_POINT('Ctrl Pts',(-97.499999676128,-0.922856122247018,197.194873452337));
#7913=CARTESIAN_POINT('Ctrl Pts',(-97.499999836912,-0.595921235572192,197.047926545489));
#7914=CARTESIAN_POINT('Ctrl Pts',(-97.4999998964577,-0.270389331528044,
196.89926640674));
#7915=CARTESIAN_POINT('Ctrl Pts',(-96.6587767495306,-1.63274098390576,198.791517733436));
#7916=CARTESIAN_POINT('Ctrl Pts',(-96.9418321366596,-1.9246757521164,198.490145979167));
#7917=CARTESIAN_POINT('Ctrl Pts',(-97.2222829662456,-2.21646538294611,198.186024529974));
#7918=CARTESIAN_POINT('Ctrl Pts',(-97.5000000000001,-2.50785437133024,197.878768642503));
#7919=CARTESIAN_POINT('Ctrl Pts',(-93.5000000000002,3.99999999999999,200.554589587105));
#7920=CARTESIAN_POINT('Ctrl Pts',(-94.7721858315164,2.72781416848378,199.429622230771));
#7921=CARTESIAN_POINT('Ctrl Pts',(-95.9694635709653,1.53053642903481,198.305791557643));
#7922=CARTESIAN_POINT('Ctrl Pts',(-97.0917517095363,0.408248290463863,197.183503419072));
#7923=CARTESIAN_POINT('Ctrl Pts',(-93.3671855998921,3.3437160726778,201.146562778152));
#7924=CARTESIAN_POINT('Ctrl Pts',(-94.6357518947053,2.06313564015898,200.004160818692));
#7925=CARTESIAN_POINT('Ctrl Pts',(-95.8291958139941,0.857757472066317,198.861684119094));
#7926=CARTESIAN_POINT('Ctrl Pts',(-96.9474267228677,-0.272081467659344,
197.719508190527));
#7927=CARTESIAN_POINT('Ctrl Pts',(-93.2343711997839,2.6874321453556,201.738535969198));
#7928=CARTESIAN_POINT('Ctrl Pts',(-94.4993179578942,1.39845711183418,200.578699406614));
#7929=CARTESIAN_POINT('Ctrl Pts',(-95.6889280570229,0.184978515097826,199.417576680544));
#7930=CARTESIAN_POINT('Ctrl Pts',(-96.8031017361992,-0.952411225782551,
198.255512961982));
#7931=CARTESIAN_POINT('Ctrl Pts',(-93.1015567996758,2.03114821803341,202.330509160245));
#7932=CARTESIAN_POINT('Ctrl Pts',(-94.3628840210832,0.733778583509384,201.153237994535));
#7933=CARTESIAN_POINT('Ctrl Pts',(-95.5486603000516,-0.487800441870667,
199.973469241994));
#7934=CARTESIAN_POINT('Ctrl Pts',(-96.6587767495306,-1.63274098390576,198.791517733436));
#7935=CARTESIAN_POINT('',(-93.4999999905429,1.62125621189802,201.95616011072));
#7936=CARTESIAN_POINT('Ctrl Pts',(-93.4999998621063,1.62125586888616,201.956159226446));
#7937=CARTESIAN_POINT('Ctrl Pts',(-94.6133477403667,0.47573782228221,200.903173366258));
#7938=CARTESIAN_POINT('Ctrl Pts',(-95.6662993060041,-0.609129755838504,
199.848217877044));
#7939=CARTESIAN_POINT('Ctrl Pts',(-96.6587767495306,-1.63274098390576,198.791517733436));
#7940=CARTESIAN_POINT('',(-93.5000000014228,3.99999999857739,200.554589584589));
#7941=CARTESIAN_POINT('Ctrl Pts',(-93.5000000000002,1.62125620242309,201.956160106497));
#7942=CARTESIAN_POINT('Ctrl Pts',(-93.5000000000002,2.01948242941461,201.726415279281));
#7943=CARTESIAN_POINT('Ctrl Pts',(-93.5000000000002,2.41667585710492,201.494781141704));
#7944=CARTESIAN_POINT('Ctrl Pts',(-93.5000000000002,3.20955378184269,201.027567989294));
#7945=CARTESIAN_POINT('Ctrl Pts',(-93.5000000000002,3.6053187208035,200.791933131089));
#7946=CARTESIAN_POINT('Ctrl Pts',(-93.5000000000002,3.99999999999999,200.554589587105));
#7947=CARTESIAN_POINT('Ctrl Pts',(-97.0917517095363,0.408248290463863,197.183503419072));
#7948=CARTESIAN_POINT('Ctrl Pts',(-95.9694635715013,1.5305364284989,198.305791557107));
#7949=CARTESIAN_POINT('Ctrl Pts',(-94.7721858326598,2.72781416734034,199.429622229698));
#7950=CARTESIAN_POINT('Ctrl Pts',(-93.5000000018226,3.99999999817752,200.554589585493));
#7951=CARTESIAN_POINT('Origin',(-95.5000000000002,2.,202.));
#7952=CARTESIAN_POINT('',(-93.4999999993217,4.0000000006785,196.671286888447));
#7953=CARTESIAN_POINT('',(-93.5000000000002,4.,202.));
#7954=CARTESIAN_POINT('Ctrl Pts',(-93.4999999993125,4.00000000068769,196.671286888558));
#7955=CARTESIAN_POINT('Ctrl Pts',(-94.7481210542564,2.75187894574374,196.877804012345));
#7956=CARTESIAN_POINT('Ctrl Pts',(-96.011766596485,1.4882334035152,196.98724056641));
#7957=CARTESIAN_POINT('Ctrl Pts',(-97.2762770958254,0.223722904174798,196.998875542573));
#7958=CARTESIAN_POINT('Ctrl Pts',(-98.9446456877217,-1.44464568772149,196.95737143267));
#7959=CARTESIAN_POINT('Ctrl Pts',(-97.1267541313317,0.373245868668478,197.064748565886));
#7960=CARTESIAN_POINT('Ctrl Pts',(-95.2972815063829,2.20271849361725,196.968669426899));
#7961=CARTESIAN_POINT('Ctrl Pts',(-93.4999999993125,4.00000000068769,196.671286888558));
#7962=CARTESIAN_POINT('Ctrl Pts',(-98.4630971251478,-1.90406454227298,196.582716157806));
#7963=CARTESIAN_POINT('Ctrl Pts',(-96.6586383725464,-0.102693234175673,
196.724116436239));
#7964=CARTESIAN_POINT('Ctrl Pts',(-94.8406062156291,1.71614977450728,196.66423890134));
#7965=CARTESIAN_POINT('Ctrl Pts',(-93.0529137770125,3.50853965411004,196.40310438732));
#7966=CARTESIAN_POINT('Ctrl Pts',(-97.981548562574,-2.36348339682447,196.208060882942));
#7967=CARTESIAN_POINT('Ctrl Pts',(-96.1905226137611,-0.578632337019817,
196.383484306591));
#7968=CARTESIAN_POINT('Ctrl Pts',(-94.3839309248753,1.2295810553973,196.359808375782));
#7969=CARTESIAN_POINT('Ctrl Pts',(-92.6058275547125,3.0170793075324,196.134921886082));
#7970=CARTESIAN_POINT('Ctrl Pts',(-97.5000000000002,-2.82290225137595,195.833405608078));
#7971=CARTESIAN_POINT('Ctrl Pts',(-95.7224068549758,-1.05457143986397,196.042852176944));
#7972=CARTESIAN_POINT('Ctrl Pts',(-93.9272556341215,0.743012336287335,196.055377850224));
#7973=CARTESIAN_POINT('Ctrl Pts',(-92.1587413324126,2.52561896095475,195.866739384844));
#7974=CARTESIAN_POINT('',(-93.4999999909992,1.17591589054469,195.971174810976));
#7975=CARTESIAN_POINT('Ctrl Pts',(-93.5000000000002,4.,196.671286888671));
#7976=CARTESIAN_POINT('Ctrl Pts',(-93.5000000000002,3.53165020514535,196.57437471194));
#7977=CARTESIAN_POINT('Ctrl Pts',(-93.5000008874322,3.06515172724704,196.468401396989));
#7978=CARTESIAN_POINT('Ctrl Pts',(-93.5000021486299,2.60087553930832,196.353532648924));
#7979=CARTESIAN_POINT('Ctrl Pts',(-93.5000034455402,2.12345270858668,196.235411228341));
#7980=CARTESIAN_POINT('Ctrl Pts',(-93.5000051273532,1.64833589969155,196.107872650968));
#7981=CARTESIAN_POINT('Ctrl Pts',(-93.5000067253832,1.17592212318113,195.971088927664));
#7982=CARTESIAN_POINT('',(-97.5000000000001,-2.82290225137594,195.833405608078));
#7983=CARTESIAN_POINT('Ctrl Pts',(-97.5000000000002,-2.82290225137595,195.833405608078));
#7984=CARTESIAN_POINT('Ctrl Pts',(-96.1703281550019,-1.5001587994832,195.990075432347));
#7985=CARTESIAN_POINT('Ctrl Pts',(-94.8308320209365,-0.161047404800404,
196.03656189596));
#7986=CARTESIAN_POINT('Ctrl Pts',(-93.5000089432461,1.17591988764705,195.971089034625));
#7987=CARTESIAN_POINT('Ctrl Pts',(-97.5000032845887,-0.27039120786821,196.899189826951));
#7988=CARTESIAN_POINT('Ctrl Pts',(-97.5000025164587,-0.649521810441704,
196.756369024162));
#7989=CARTESIAN_POINT('Ctrl Pts',(-97.500002014134,-1.02645280376046,196.607675966605));
#7990=CARTESIAN_POINT('Ctrl Pts',(-97.5000014145809,-1.40097336644221,196.453185051907));
#7991=CARTESIAN_POINT('Ctrl Pts',(-97.5000006493832,-1.8789664747816,196.256011385398));
#7992=CARTESIAN_POINT('Ctrl Pts',(-97.5000000000002,-2.35309329768007,196.049369235592));
#7993=CARTESIAN_POINT('Ctrl Pts',(-97.5000000000002,-2.82290225137595,195.833405608078));
#7994=CARTESIAN_POINT('Origin',(-97.5000000000001,-6.36396103067894,198.239283526804));
#7995=CARTESIAN_POINT('',(-97.5000000000001,-7.28560970457821,194.867441729073));
#7996=CARTESIAN_POINT('Origin',(-97.5000000000001,-5.51992420500806E-15,
172.));
#7997=CARTESIAN_POINT('',(-97.5000000000001,-8.21383349054701,196.668460417901));
#7998=CARTESIAN_POINT('',(-97.5000000000001,-8.63951052295661,197.494395178854));
#7999=CARTESIAN_POINT('Origin',(-97.5000000000001,-5.65555581385316E-15,
172.));
#8000=CARTESIAN_POINT('Origin',(-95.5000000000001,-10.4172883007344,196.578149484272));
#8001=CARTESIAN_POINT('',(-93.5000000000001,-13.7436854187256,198.666666666667));
#8002=CARTESIAN_POINT('Ctrl Pts',(-97.5000000000002,-8.21383349054698,196.668460417901));
#8003=CARTESIAN_POINT('Ctrl Pts',(-95.6547674213352,-10.8411884134495,197.738466034014));
#8004=CARTESIAN_POINT('Ctrl Pts',(-93.5000000000001,-13.7436854187256,198.666666666667));
#8005=CARTESIAN_POINT('',(-93.5000000000001,-10.9949483349804,193.333333333333));
#8006=CARTESIAN_POINT('Origin',(-93.5000000000002,-5.51992420500806E-15,
172.));
#8007=CARTESIAN_POINT('',(-93.5000000000002,-18.5179910628899,207.930180294842));
#8008=CARTESIAN_POINT('Origin',(-95.5000000000001,-5.58774000943061E-15,
172.));
#8009=CARTESIAN_POINT('Origin',(-93.5000000000002,-5.51992420500806E-15,
172.));
#8010=CARTESIAN_POINT('Origin',(-93.5000000000001,-5.51992420500806E-15,
172.));
#8011=CARTESIAN_POINT('Origin',(-93.5000000000002,-5.51992420500806E-15,
172.));
#8012=CARTESIAN_POINT('Origin',(-44.9,92.1000000000002,193.));
#8013=CARTESIAN_POINT('',(-43.5,92.1000000000002,190.999999999994));
#8014=CARTESIAN_POINT('',(-43.5,92.1000000000002,195.));
#8015=CARTESIAN_POINT('',(-43.5,92.1000000000002,193.));
#8016=CARTESIAN_POINT('',(-44.9,93.5000000000002,192.399999999994));
#8017=CARTESIAN_POINT('Origin',(-44.9,92.1000000000002,192.399999999994));
#8018=CARTESIAN_POINT('',(-44.9,93.5000000000002,195.));
#8019=CARTESIAN_POINT('',(-44.9,93.5000000000002,193.));
#8020=CARTESIAN_POINT('Origin',(-44.9,92.1000000000002,195.));
#8021=CARTESIAN_POINT('Origin',(-53.5,-53.5,192.4));
#8022=CARTESIAN_POINT('',(-92.1000000000002,-53.5000000000001,190.999999999999));
#8023=CARTESIAN_POINT('',(-93.5000000000002,-53.5,192.4));
#8024=CARTESIAN_POINT('Origin',(-92.1000000000002,-53.5,192.4));
#8025=CARTESIAN_POINT('',(-53.5,-92.1000000000002,191.));
#8026=CARTESIAN_POINT('Origin',(-53.5,-53.5000000000001,190.999999999999));
#8027=CARTESIAN_POINT('',(-53.5,-93.5000000000002,192.4));
#8028=CARTESIAN_POINT('Origin',(-53.5,-92.1000000000002,192.4));
#8029=CARTESIAN_POINT('Origin',(-53.5,-53.5,192.4));
#8030=CARTESIAN_POINT('Origin',(-92.1000000000002,-73.5000000000003,192.4));
#8031=CARTESIAN_POINT('',(-92.1000000000002,53.5,190.999999999995));
#8032=CARTESIAN_POINT('',(-93.5000000000002,53.5,192.399999999995));
#8033=CARTESIAN_POINT('Origin',(-92.1000000000002,53.5,192.399999999995));
#8034=CARTESIAN_POINT('',(-92.1000000000002,-73.5000000000003,191.));
#8035=CARTESIAN_POINT('',(-93.5000000000002,-73.5000000000003,192.4));
#8036=CARTESIAN_POINT('Origin',(-53.5,53.5,192.4));
#8037=CARTESIAN_POINT('',(-53.5,92.1000000000001,190.999999999994));
#8038=CARTESIAN_POINT('',(-53.5,93.5000000000002,192.399999999999));
#8039=CARTESIAN_POINT('Origin',(-53.5,92.1000000000002,192.399999999999));
#8040=CARTESIAN_POINT('Origin',(-53.5,53.5,190.999999999995));
#8041=CARTESIAN_POINT('Origin',(-53.5,53.5,192.4));
#8042=CARTESIAN_POINT('Origin',(-26.75,92.1000000000002,192.399999999994));
#8043=CARTESIAN_POINT('',(-26.75,93.5000000000002,192.399999999994));
#8044=CARTESIAN_POINT('',(-26.75,92.1000000000001,190.999999999994));
#8045=CARTESIAN_POINT('Origin',(-37.5,92.1000000000002,195.));
#8046=CARTESIAN_POINT('',(-37.5,92.1000000000002,201.));
#8047=CARTESIAN_POINT('',(-37.5,93.5000000000002,202.4));
#8048=CARTESIAN_POINT('Origin',(-37.5,92.1000000000002,202.4));
#8049=CARTESIAN_POINT('Origin',(-37.5,92.1000000000002,195.));
#8050=CARTESIAN_POINT('Origin',(-37.5,93.5000000000002,195.));
#8051=CARTESIAN_POINT('Origin',(-37.5,93.5000000000002,195.));
#8052=CARTESIAN_POINT('',(-37.5,91.5000000000001,201.));
#8053=CARTESIAN_POINT('',(-37.5,93.5000000000002,201.));
#8054=CARTESIAN_POINT('',(-43.5,91.5000000000001,195.));
#8055=CARTESIAN_POINT('Origin',(-37.5,91.5000000000001,195.));
#8056=CARTESIAN_POINT('',(-43.5,93.5000000000002,195.));
#8057=CARTESIAN_POINT('Origin',(-43.5,93.5000000000002,181.));
#8058=CARTESIAN_POINT('',(-43.5,91.5000000000001,190.999999999994));
#8059=CARTESIAN_POINT('',(-43.5,91.5000000000001,186.));
#8060=CARTESIAN_POINT('',(-43.5,1.59872115545911E-13,190.999999999997));
#8061=CARTESIAN_POINT('Origin',(-42.5,91.5000000000001,186.));
#8062=CARTESIAN_POINT('',(-42.5,90.5000000000001,195.));
#8063=CARTESIAN_POINT('Origin',(-42.5,91.5000000000001,195.));
#8064=CARTESIAN_POINT('',(-42.5,90.5000000000001,190.999999999994));
#8065=CARTESIAN_POINT('',(-42.5,90.5000000000001,186.));
#8066=CARTESIAN_POINT('Origin',(-42.5,91.5000000000001,191.));
#8067=CARTESIAN_POINT('Origin',(-37.5,91.5000000000001,195.));
#8068=CARTESIAN_POINT('',(-37.5,90.5000000000001,200.));
#8069=CARTESIAN_POINT('Origin',(-37.5,91.5000000000001,200.));
#8070=CARTESIAN_POINT('Origin',(-37.5,90.5000000000001,195.));
#8071=CARTESIAN_POINT('Origin',(-53.5,-53.5,193.));
#8072=CARTESIAN_POINT('',(-83.9000000000002,-53.5,193.));
#8073=CARTESIAN_POINT('',(-85.9000000000002,-53.5000000000001,190.999999999999));
#8074=CARTESIAN_POINT('Origin',(-85.9000000000002,-53.5,193.));
#8075=CARTESIAN_POINT('',(-53.5,-83.9000000000002,193.));
#8076=CARTESIAN_POINT('Origin',(-53.5,-53.5,193.));
#8077=CARTESIAN_POINT('',(-53.5,-85.9000000000003,191.));
#8078=CARTESIAN_POINT('Origin',(-53.5,-85.9000000000002,193.));
#8079=CARTESIAN_POINT('Origin',(-53.5,-53.5000000000001,190.999999999999));
#8080=CARTESIAN_POINT('Origin',(-85.9000000000001,-73.5,193.));
#8081=CARTESIAN_POINT('',(-83.9000000000002,53.5,192.999999999995));
#8082=CARTESIAN_POINT('',(-85.9000000000001,53.4999999999999,190.999999999995));
#8083=CARTESIAN_POINT('Origin',(-85.9000000000001,53.5,192.999999999995));
#8084=CARTESIAN_POINT('',(-83.9000000000002,-73.5,193.));
#8085=CARTESIAN_POINT('',(-85.9000000000001,-73.5000000000001,191.));
#8086=CARTESIAN_POINT('Origin',(-53.5,53.5,193.));
#8087=CARTESIAN_POINT('',(-53.5,83.9000000000002,192.999999999999));
#8088=CARTESIAN_POINT('',(-53.5,85.9000000000001,190.999999999994));
#8089=CARTESIAN_POINT('Origin',(-53.5,85.9000000000002,192.999999999999));
#8090=CARTESIAN_POINT('Origin',(-53.5,53.5,193.));
#8091=CARTESIAN_POINT('Origin',(-53.5,53.4999999999999,190.999999999995));
#8092=CARTESIAN_POINT('Origin',(-53.5,53.5,194.));
#8093=CARTESIAN_POINT('',(-53.5,83.9000000000001,195.));
#8094=CARTESIAN_POINT('',(-53.5,83.9000000000001,197.));
#8095=CARTESIAN_POINT('',(-83.9000000000001,53.5,195.));
#8096=CARTESIAN_POINT('Origin',(-53.5,53.5,195.));
#8097=CARTESIAN_POINT('',(-83.9000000000001,53.5,197.));
#8098=CARTESIAN_POINT('Origin',(-83.9000000000002,-53.5,191.));
#8099=CARTESIAN_POINT('',(-83.9000000000001,-53.5,195.));
#8100=CARTESIAN_POINT('',(-83.9000000000001,-68.5000000000001,195.));
#8101=CARTESIAN_POINT('',(-83.9000000000001,-53.5,197.));
#8102=CARTESIAN_POINT('Origin',(-53.5,-53.5,194.));
#8103=CARTESIAN_POINT('',(-53.5,-83.9000000000002,195.));
#8104=CARTESIAN_POINT('Origin',(-53.5,-53.5,195.));
#8105=CARTESIAN_POINT('',(-53.5,-83.9000000000002,197.));
#8106=CARTESIAN_POINT('Origin',(-53.5,-53.5,195.));
#8107=CARTESIAN_POINT('',(-81.9000000000001,-53.5,197.));
#8108=CARTESIAN_POINT('Origin',(-81.9000000000001,-53.5,195.));
#8109=CARTESIAN_POINT('',(-53.5,-81.9000000000002,197.));
#8110=CARTESIAN_POINT('Origin',(-53.5,-53.5,197.));
#8111=CARTESIAN_POINT('Origin',(-53.5,-81.9000000000002,195.));
#8112=CARTESIAN_POINT('Origin',(-81.9000000000001,-68.5000000000001,195.));
#8113=CARTESIAN_POINT('',(-81.9000000000001,53.5,197.));
#8114=CARTESIAN_POINT('Origin',(-81.9000000000001,53.5,195.));
#8115=CARTESIAN_POINT('',(-81.9000000000001,-68.5000000000001,197.));
#8116=CARTESIAN_POINT('Origin',(-53.5,53.5,195.));
#8117=CARTESIAN_POINT('',(-53.5,81.9000000000001,197.));
#8118=CARTESIAN_POINT('Origin',(-53.5,81.9000000000001,195.));
#8119=CARTESIAN_POINT('Origin',(-53.5,53.5,197.));
#8120=CARTESIAN_POINT('Origin',(-53.5,53.5,198.));
#8121=CARTESIAN_POINT('',(-93.5000000000002,53.5,205.));
#8122=CARTESIAN_POINT('',(-93.5000000000002,53.5,191.));
#8123=CARTESIAN_POINT('',(-53.5,93.5000000000002,205.));
#8124=CARTESIAN_POINT('Origin',(-53.5,53.5,205.));
#8125=CARTESIAN_POINT('',(-53.5,93.5000000000002,191.));
#8126=CARTESIAN_POINT('Origin',(-53.5,53.5,205.));
#8127=CARTESIAN_POINT('',(-89.2134513162386,53.5,214.192533317428));
#8128=CARTESIAN_POINT('Origin',(-81.5000000000001,53.5,205.));
#8129=CARTESIAN_POINT('',(-53.5,89.2134513162386,214.192533317428));
#8130=CARTESIAN_POINT('Origin',(-53.5,53.5,214.192533317428));
#8131=CARTESIAN_POINT('Origin',(-53.5,81.5000000000001,205.));
#8132=CARTESIAN_POINT('Origin',(-53.5,53.5,215.596266658495));
#8133=CARTESIAN_POINT('',(-85.867642811793,53.5,216.999999999562));
#8134=CARTESIAN_POINT('',(-85.867642811793,53.5,216.999999999562));
#8135=CARTESIAN_POINT('',(-53.5,85.867642811793,216.999999999562));
#8136=CARTESIAN_POINT('Origin',(-53.5,53.5,216.999999999562));
#8137=CARTESIAN_POINT('',(-53.5,85.867642811793,216.999999999562));
#8138=CARTESIAN_POINT('Origin',(-93.5000000000002,-53.5,205.));
#8139=CARTESIAN_POINT('',(-93.5000000000002,-53.5,205.));
#8140=CARTESIAN_POINT('',(-93.5000000000002,-53.5,191.));
#8141=CARTESIAN_POINT('',(-93.5000000000002,-53.5,205.));
#8142=CARTESIAN_POINT('Origin',(-81.5000000000001,-53.5,205.));
#8143=CARTESIAN_POINT('',(-89.2134513162386,-53.5,214.192533317428));
#8144=CARTESIAN_POINT('Origin',(-81.5000000000001,-53.5,205.));
#8145=CARTESIAN_POINT('',(-89.2134513162386,-53.5,214.192533317428));
#8146=CARTESIAN_POINT('Origin',(-85.867642811793,-53.5,216.999999999562));
#8147=CARTESIAN_POINT('',(-85.867642811793,-53.5,216.999999999562));
#8148=CARTESIAN_POINT('',(-85.867642811793,-53.5,216.999999999562));
#8149=CARTESIAN_POINT('',(-85.867642811793,-53.5,216.999999999562));
#8150=CARTESIAN_POINT('Origin',(-81.5000000000001,-53.5,217.));
#8151=CARTESIAN_POINT('',(-81.5000000000001,-53.5,217.));
#8152=CARTESIAN_POINT('',(-81.5000000000001,-53.5,217.));
#8153=CARTESIAN_POINT('',(-81.5000000000001,53.5,217.));
#8154=CARTESIAN_POINT('',(-81.5000000000001,-53.5,217.));
#8155=CARTESIAN_POINT('',(-81.5000000000001,53.5,217.));
#8156=CARTESIAN_POINT('Origin',(-53.5,-53.5,198.));
#8157=CARTESIAN_POINT('',(-53.5,-93.5000000000002,205.));
#8158=CARTESIAN_POINT('',(-53.5,-93.5000000000002,191.));
#8159=CARTESIAN_POINT('Origin',(-53.5,-53.5,205.));
#8160=CARTESIAN_POINT('Origin',(-53.5,-53.5,205.));
#8161=CARTESIAN_POINT('',(-53.5,-89.2134513162387,214.192533317428));
#8162=CARTESIAN_POINT('Origin',(-53.5,-81.5000000000002,205.));
#8163=CARTESIAN_POINT('Origin',(-53.5,-53.5,214.192533317428));
#8164=CARTESIAN_POINT('Origin',(-53.5,-53.5,215.596266658495));
#8165=CARTESIAN_POINT('',(-53.5,-85.867642811793,216.999999999562));
#8166=CARTESIAN_POINT('',(-53.5,-85.867642811793,216.999999999562));
#8167=CARTESIAN_POINT('Origin',(-53.5,-53.5,216.999999999562));
#8168=CARTESIAN_POINT('Ctrl Pts',(97.0917517095363,0.40824829046386,197.183503419072));
#8169=CARTESIAN_POINT('Ctrl Pts',(97.3838723460727,0.116127653927524,196.891382782536));
#8170=CARTESIAN_POINT('Ctrl Pts',(97.675992982609,-0.175992982608813,196.599262146));
#8171=CARTESIAN_POINT('Ctrl Pts',(97.9681136191453,-0.46811361914515,196.307141509463));
#8172=CARTESIAN_POINT('Ctrl Pts',(96.9474267228677,-0.272081467659345,197.719508190527));
#8173=CARTESIAN_POINT('Ctrl Pts',(97.2365256096016,-0.564140148087119,197.42430384808));
#8174=CARTESIAN_POINT('Ctrl Pts',(97.5247563104878,-0.856150449387913,197.128182940658));
#8175=CARTESIAN_POINT('Ctrl Pts',(97.8120757460969,-1.14802720320685,196.831017220477));
#8176=CARTESIAN_POINT('Ctrl Pts',(96.8031017361992,-0.952411225782551,198.255512961982));
#8177=CARTESIAN_POINT('Ctrl Pts',(97.0891788731306,-1.24440795010176,197.957224913623));
#8178=CARTESIAN_POINT('Ctrl Pts',(97.3735196383667,-1.53630791616701,197.657103735316));
#8179=CARTESIAN_POINT('Ctrl Pts',(97.6560378730485,-1.82794078726854,197.35489293149));
#8180=CARTESIAN_POINT('Ctrl Pts',(96.6587767495306,-1.63274098390576,198.791517733436));
#8181=CARTESIAN_POINT('Ctrl Pts',(96.9418321366596,-1.9246757521164,198.490145979167));
#8182=CARTESIAN_POINT('Ctrl Pts',(97.2222829662456,-2.21646538294611,198.186024529974));
#8183=CARTESIAN_POINT('Ctrl Pts',(97.5000000000001,-2.50785437133024,197.878768642503));
#8184=CARTESIAN_POINT('',(96.6587767495306,-1.63274098390576,198.791517733436));
#8185=CARTESIAN_POINT('',(97.0917517095363,0.408248290463861,197.183503419072));
#8186=CARTESIAN_POINT('Ctrl Pts',(96.6587767495306,-1.63274098390576,198.791517733436));
#8187=CARTESIAN_POINT('Ctrl Pts',(96.8031017361992,-0.952411225782551,198.255512961982));
#8188=CARTESIAN_POINT('Ctrl Pts',(96.9474267228677,-0.272081467659345,197.719508190527));
#8189=CARTESIAN_POINT('Ctrl Pts',(97.0917517095363,0.40824829046386,197.183503419072));
#8190=CARTESIAN_POINT('',(97.5000000000002,-2.50785437133027,197.878768642503));
#8191=CARTESIAN_POINT('Ctrl Pts',(96.6587767495306,-1.63274098390576,198.791517733436));
#8192=CARTESIAN_POINT('Ctrl Pts',(96.9418321366596,-1.9246757521164,198.490145979167));
#8193=CARTESIAN_POINT('Ctrl Pts',(97.2222829662456,-2.21646538294611,198.186024529974));
#8194=CARTESIAN_POINT('Ctrl Pts',(97.5000000000001,-2.50785437133024,197.878768642503));
#8195=CARTESIAN_POINT('',(97.5000000000001,-0.270389081389686,196.899266260144));
#8196=CARTESIAN_POINT('Ctrl Pts',(97.5000000000002,-2.50785437133027,197.878768642503));
#8197=CARTESIAN_POINT('Ctrl Pts',(97.5000000000002,-2.08715420802468,197.703612877053));
#8198=CARTESIAN_POINT('Ctrl Pts',(97.499999711441,-1.66688876912123,197.522895590063));
#8199=CARTESIAN_POINT('Ctrl Pts',(97.4999996916533,-1.24996812623847,197.33908752584));
#8200=CARTESIAN_POINT('Ctrl Pts',(97.499999676128,-0.922856122247018,197.194873452337));
#8201=CARTESIAN_POINT('Ctrl Pts',(97.499999836912,-0.595921235572192,197.047926545489));
#8202=CARTESIAN_POINT('Ctrl Pts',(97.4999998964577,-0.270389331528044,196.89926640674));
#8203=CARTESIAN_POINT('',(97.2762766221312,0.223723377868995,196.998978506477));
#8204=CARTESIAN_POINT('Ctrl Pts',(97.4999998964576,-0.270389331528139,196.89926640674));
#8205=CARTESIAN_POINT('Ctrl Pts',(97.4252650375337,-0.106003906804763,196.933876989453));
#8206=CARTESIAN_POINT('Ctrl Pts',(97.3506582805447,0.0586966776489127,196.967097668892));
#8207=CARTESIAN_POINT('Ctrl Pts',(97.2762766221312,0.223723377869024,196.998978506477));
#8208=CARTESIAN_POINT('Ctrl Pts',(97.2762766221312,0.223723377868994,196.998978506477));
#8209=CARTESIAN_POINT('Ctrl Pts',(97.2147683179329,0.285231682067282,197.060486810676));
#8210=CARTESIAN_POINT('Ctrl Pts',(97.1532600137346,0.346739986265571,197.121995114874));
#8211=CARTESIAN_POINT('Ctrl Pts',(97.0917517095363,0.40824829046386,197.183503419072));
#8212=CARTESIAN_POINT('Ctrl Pts',(93.5000000000002,3.99999999999999,200.554589587105));
#8213=CARTESIAN_POINT('Ctrl Pts',(94.7721858315164,2.72781416848378,199.429622230771));
#8214=CARTESIAN_POINT('Ctrl Pts',(95.9694635709653,1.53053642903481,198.305791557643));
#8215=CARTESIAN_POINT('Ctrl Pts',(97.0917517095363,0.408248290463863,197.183503419072));
#8216=CARTESIAN_POINT('Ctrl Pts',(93.3671855998921,3.3437160726778,201.146562778151));
#8217=CARTESIAN_POINT('Ctrl Pts',(94.6357518947053,2.06313564015898,200.004160818692));
#8218=CARTESIAN_POINT('Ctrl Pts',(95.8291958139941,0.857757472066317,198.861684119094));
#8219=CARTESIAN_POINT('Ctrl Pts',(96.9474267228677,-0.272081467659344,197.719508190527));
#8220=CARTESIAN_POINT('Ctrl Pts',(93.2343711997839,2.6874321453556,201.738535969198));
#8221=CARTESIAN_POINT('Ctrl Pts',(94.4993179578942,1.39845711183418,200.578699406614));
#8222=CARTESIAN_POINT('Ctrl Pts',(95.6889280570229,0.184978515097826,199.417576680544));
#8223=CARTESIAN_POINT('Ctrl Pts',(96.8031017361992,-0.952411225782551,198.255512961981));
#8224=CARTESIAN_POINT('Ctrl Pts',(93.1015567996758,2.03114821803341,202.330509160245));
#8225=CARTESIAN_POINT('Ctrl Pts',(94.3628840210832,0.733778583509384,201.153237994535));
#8226=CARTESIAN_POINT('Ctrl Pts',(95.5486603000516,-0.487800441870667,199.973469241994));
#8227=CARTESIAN_POINT('Ctrl Pts',(96.6587767495306,-1.63274098390576,198.791517733436));
#8228=CARTESIAN_POINT('',(93.5000000014228,3.99999999857739,200.554589584589));
#8229=CARTESIAN_POINT('Ctrl Pts',(97.0917517095363,0.408248290463863,197.183503419072));
#8230=CARTESIAN_POINT('Ctrl Pts',(95.9694635715013,1.5305364284989,198.305791557107));
#8231=CARTESIAN_POINT('Ctrl Pts',(94.7721858326598,2.72781416734034,199.429622229698));
#8232=CARTESIAN_POINT('Ctrl Pts',(93.5000000018226,3.99999999817752,200.554589585493));
#8233=CARTESIAN_POINT('',(93.4999999905429,1.62125621189802,201.95616011072));
#8234=CARTESIAN_POINT('Ctrl Pts',(93.5000000000002,1.62125620242309,201.956160106497));
#8235=CARTESIAN_POINT('Ctrl Pts',(93.5000000000002,2.01948242941461,201.726415279281));
#8236=CARTESIAN_POINT('Ctrl Pts',(93.5000000000002,2.41667585710492,201.494781141704));
#8237=CARTESIAN_POINT('Ctrl Pts',(93.5000000000002,3.20955378184269,201.027567989294));
#8238=CARTESIAN_POINT('Ctrl Pts',(93.5000000000002,3.6053187208035,200.791933131089));
#8239=CARTESIAN_POINT('Ctrl Pts',(93.5000000000002,3.99999999999999,200.554589587105));
#8240=CARTESIAN_POINT('Ctrl Pts',(93.4999998621063,1.62125586888616,201.956159226446));
#8241=CARTESIAN_POINT('Ctrl Pts',(94.6133477403667,0.47573782228221,200.903173366258));
#8242=CARTESIAN_POINT('Ctrl Pts',(95.6662993060041,-0.609129755838503,199.848217877044));
#8243=CARTESIAN_POINT('Ctrl Pts',(96.6587767495306,-1.63274098390576,198.791517733436));
#8244=CARTESIAN_POINT('Origin',(95.5000000000002,2.,202.));
#8245=CARTESIAN_POINT('',(93.4999999993217,4.0000000006785,196.671286888447));
#8246=CARTESIAN_POINT('Ctrl Pts',(93.4999999993125,4.00000000068769,196.671286888558));
#8247=CARTESIAN_POINT('Ctrl Pts',(94.7481210542564,2.75187894574374,196.877804012345));
#8248=CARTESIAN_POINT('Ctrl Pts',(96.011766596485,1.4882334035152,196.98724056641));
#8249=CARTESIAN_POINT('Ctrl Pts',(97.2762770958254,0.223722904174798,196.998875542573));
#8250=CARTESIAN_POINT('',(93.5000000000002,4.,202.));
#8251=CARTESIAN_POINT('Ctrl Pts',(98.9446456877217,-1.44464568772149,196.95737143267));
#8252=CARTESIAN_POINT('Ctrl Pts',(97.1267541313317,0.373245868668478,197.064748565886));
#8253=CARTESIAN_POINT('Ctrl Pts',(95.2972815063829,2.20271849361725,196.968669426899));
#8254=CARTESIAN_POINT('Ctrl Pts',(93.4999999993125,4.00000000068769,196.671286888558));
#8255=CARTESIAN_POINT('Ctrl Pts',(98.4630971251478,-1.90406454227298,196.582716157806));
#8256=CARTESIAN_POINT('Ctrl Pts',(96.6586383725464,-0.102693234175673,196.724116436239));
#8257=CARTESIAN_POINT('Ctrl Pts',(94.8406062156291,1.71614977450728,196.66423890134));
#8258=CARTESIAN_POINT('Ctrl Pts',(93.0529137770125,3.50853965411004,196.40310438732));
#8259=CARTESIAN_POINT('Ctrl Pts',(97.981548562574,-2.36348339682447,196.208060882942));
#8260=CARTESIAN_POINT('Ctrl Pts',(96.1905226137611,-0.578632337019817,196.383484306591));
#8261=CARTESIAN_POINT('Ctrl Pts',(94.3839309248753,1.2295810553973,196.359808375782));
#8262=CARTESIAN_POINT('Ctrl Pts',(92.6058275547125,3.0170793075324,196.134921886082));
#8263=CARTESIAN_POINT('Ctrl Pts',(97.5000000000002,-2.82290225137595,195.833405608078));
#8264=CARTESIAN_POINT('Ctrl Pts',(95.7224068549758,-1.05457143986397,196.042852176944));
#8265=CARTESIAN_POINT('Ctrl Pts',(93.9272556341215,0.743012336287335,196.055377850224));
#8266=CARTESIAN_POINT('Ctrl Pts',(92.1587413324126,2.52561896095475,195.866739384844));
#8267=CARTESIAN_POINT('',(97.5000000000001,-2.82290225137594,195.833405608078));
#8268=CARTESIAN_POINT('Ctrl Pts',(97.5000032845887,-0.27039120786821,196.899189826951));
#8269=CARTESIAN_POINT('Ctrl Pts',(97.5000025164587,-0.649521810441704,196.756369024162));
#8270=CARTESIAN_POINT('Ctrl Pts',(97.500002014134,-1.02645280376046,196.607675966605));
#8271=CARTESIAN_POINT('Ctrl Pts',(97.5000014145809,-1.40097336644221,196.453185051907));
#8272=CARTESIAN_POINT('Ctrl Pts',(97.5000006493832,-1.8789664747816,196.256011385398));
#8273=CARTESIAN_POINT('Ctrl Pts',(97.5000000000002,-2.35309329768007,196.049369235592));
#8274=CARTESIAN_POINT('Ctrl Pts',(97.5000000000002,-2.82290225137595,195.833405608078));
#8275=CARTESIAN_POINT('',(93.4999999909992,1.17591589054469,195.971174810976));
#8276=CARTESIAN_POINT('Ctrl Pts',(97.5000000000002,-2.82290225137595,195.833405608078));
#8277=CARTESIAN_POINT('Ctrl Pts',(96.1703281550019,-1.5001587994832,195.990075432347));
#8278=CARTESIAN_POINT('Ctrl Pts',(94.8308320209365,-0.161047404800404,196.03656189596));
#8279=CARTESIAN_POINT('Ctrl Pts',(93.5000089432461,1.17591988764705,195.971089034625));
#8280=CARTESIAN_POINT('Ctrl Pts',(93.5000000000002,4.,196.671286888671));
#8281=CARTESIAN_POINT('Ctrl Pts',(93.5000000000002,3.53165020514535,196.57437471194));
#8282=CARTESIAN_POINT('Ctrl Pts',(93.5000008874322,3.06515172724704,196.468401396989));
#8283=CARTESIAN_POINT('Ctrl Pts',(93.5000021486299,2.60087553930832,196.353532648924));
#8284=CARTESIAN_POINT('Ctrl Pts',(93.5000034455402,2.12345270858668,196.235411228341));
#8285=CARTESIAN_POINT('Ctrl Pts',(93.5000051273532,1.64833589969155,196.107872650968));
#8286=CARTESIAN_POINT('Ctrl Pts',(93.5000067253832,1.17592212318113,195.971088927664));
#8287=CARTESIAN_POINT('Origin',(97.5000000000001,-6.36396103067894,198.239283526804));
#8288=CARTESIAN_POINT('',(97.5000000000001,-8.21383349054701,196.668460417901));
#8289=CARTESIAN_POINT('Origin',(97.5000000000001,-5.65555581385316E-15,
172.));
#8290=CARTESIAN_POINT('',(97.5000000000001,-7.28560970457821,194.867441729073));
#8291=CARTESIAN_POINT('',(97.5000000000001,-8.63951052295661,197.494395178854));
#8292=CARTESIAN_POINT('Origin',(97.5000000000001,-5.51992420500806E-15,
172.));
#8293=CARTESIAN_POINT('Origin',(95.5000000000001,-10.4172883007344,196.578149484272));
#8294=CARTESIAN_POINT('',(93.5000000000001,-13.7436854187256,198.666666666667));
#8295=CARTESIAN_POINT('Ctrl Pts',(97.5000000000002,-8.21383349054698,196.668460417901));
#8296=CARTESIAN_POINT('Ctrl Pts',(95.6547674213352,-10.8411884134495,197.738466034014));
#8297=CARTESIAN_POINT('Ctrl Pts',(93.5000000000001,-13.7436854187256,198.666666666667));
#8298=CARTESIAN_POINT('',(93.5000000000001,-10.9949483349804,193.333333333333));
#8299=CARTESIAN_POINT('',(93.5000000000002,-18.5179910628899,207.930180294842));
#8300=CARTESIAN_POINT('Origin',(93.5000000000002,-5.51992420500806E-15,
172.));
#8301=CARTESIAN_POINT('Origin',(95.5000000000001,-5.58774000943061E-15,
172.));
#8302=CARTESIAN_POINT('Origin',(93.5000000000002,-5.51992420500806E-15,
172.));
#8303=CARTESIAN_POINT('Origin',(93.5000000000001,-5.51992420500806E-15,
172.));
#8304=CARTESIAN_POINT('Origin',(93.5000000000002,-5.51992420500806E-15,
172.));
#8305=CARTESIAN_POINT('Origin',(44.9,92.1000000000002,193.));
#8306=CARTESIAN_POINT('',(43.5,92.1000000000002,190.999999999994));
#8307=CARTESIAN_POINT('',(43.5,92.1000000000002,195.));
#8308=CARTESIAN_POINT('',(43.5,92.1000000000002,193.));
#8309=CARTESIAN_POINT('',(44.9,93.5000000000002,195.));
#8310=CARTESIAN_POINT('Origin',(44.9,92.1000000000002,195.));
#8311=CARTESIAN_POINT('',(44.9,93.5000000000002,192.399999999994));
#8312=CARTESIAN_POINT('',(44.9,93.5000000000002,193.));
#8313=CARTESIAN_POINT('Origin',(44.9,92.1000000000002,192.399999999994));
#8314=CARTESIAN_POINT('Origin',(0.,-92.1000000000002,192.4));
#8315=CARTESIAN_POINT('',(53.5,-92.1000000000002,191.));
#8316=CARTESIAN_POINT('',(0.,-92.1000000000002,191.));
#8317=CARTESIAN_POINT('',(53.5,-93.5000000000002,192.4));
#8318=CARTESIAN_POINT('Origin',(53.5,-92.1000000000002,192.4));
#8319=CARTESIAN_POINT('',(0.,-93.5000000000002,192.4));
#8320=CARTESIAN_POINT('Origin',(53.5,-53.5,192.4));
#8321=CARTESIAN_POINT('',(92.1000000000002,-53.5000000000001,190.999999999999));
#8322=CARTESIAN_POINT('',(93.5000000000002,-53.5,192.4));
#8323=CARTESIAN_POINT('Origin',(92.1000000000002,-53.5,192.4));
#8324=CARTESIAN_POINT('Origin',(53.5,-53.5,192.4));
#8325=CARTESIAN_POINT('Origin',(53.5,-53.5000000000001,190.999999999999));
#8326=CARTESIAN_POINT('Origin',(92.1000000000002,-73.5000000000003,192.4));
#8327=CARTESIAN_POINT('',(92.1000000000002,53.5,190.999999999995));
#8328=CARTESIAN_POINT('',(93.5000000000002,53.5,192.399999999995));
#8329=CARTESIAN_POINT('Origin',(92.1000000000002,53.5,192.399999999995));
#8330=CARTESIAN_POINT('',(93.5000000000002,-73.5000000000003,192.4));
#8331=CARTESIAN_POINT('',(92.1000000000002,-73.5000000000003,191.));
#8332=CARTESIAN_POINT('Origin',(53.5,53.5,192.4));
#8333=CARTESIAN_POINT('',(53.5,92.1000000000001,190.999999999994));
#8334=CARTESIAN_POINT('',(53.5,93.5000000000002,192.399999999999));
#8335=CARTESIAN_POINT('Origin',(53.5,92.1000000000002,192.399999999999));
#8336=CARTESIAN_POINT('Origin',(53.5,53.5,192.4));
#8337=CARTESIAN_POINT('Origin',(53.5,53.5,190.999999999995));
#8338=CARTESIAN_POINT('Origin',(26.75,92.1000000000002,192.399999999994));
#8339=CARTESIAN_POINT('',(26.75,93.5000000000002,192.399999999994));
#8340=CARTESIAN_POINT('',(26.75,92.1000000000001,190.999999999994));
#8341=CARTESIAN_POINT('Origin',(37.5,92.1000000000002,195.));
#8342=CARTESIAN_POINT('',(37.5,92.1000000000002,201.));
#8343=CARTESIAN_POINT('',(37.5,93.5000000000002,202.4));
#8344=CARTESIAN_POINT('Origin',(37.5,92.1000000000002,202.4));
#8345=CARTESIAN_POINT('Origin',(37.5,93.5000000000002,195.));
#8346=CARTESIAN_POINT('Origin',(37.5,92.1000000000002,195.));
#8347=CARTESIAN_POINT('Origin',(48.5,92.1000000000002,202.4));
#8348=CARTESIAN_POINT('',(48.5,93.5000000000002,202.4));
#8349=CARTESIAN_POINT('',(48.5,92.1000000000002,201.));
#8350=CARTESIAN_POINT('Origin',(43.5,93.5000000000002,201.));
#8351=CARTESIAN_POINT('',(37.5,91.5000000000001,201.));
#8352=CARTESIAN_POINT('',(37.5,93.5000000000002,201.));
#8353=CARTESIAN_POINT('',(32.625,91.5000000000001,201.));
#8354=CARTESIAN_POINT('Origin',(37.5,93.5000000000002,195.));
#8355=CARTESIAN_POINT('',(43.5,91.5000000000001,195.));
#8356=CARTESIAN_POINT('',(43.5,93.5000000000002,195.));
#8357=CARTESIAN_POINT('Origin',(37.5,91.5000000000001,195.));
#8358=CARTESIAN_POINT('Origin',(43.5,93.5000000000002,181.));
#8359=CARTESIAN_POINT('',(43.5,91.5000000000001,190.999999999994));
#8360=CARTESIAN_POINT('',(43.5,1.59872115545911E-13,190.999999999997));
#8361=CARTESIAN_POINT('',(43.5,91.5000000000001,186.));
#8362=CARTESIAN_POINT('Origin',(0.,-93.5000000000002,191.));
#8363=CARTESIAN_POINT('',(42.5,90.5000000000001,190.999999999994));
#8364=CARTESIAN_POINT('',(10.875,90.5000000000001,190.999999999994));
#8365=CARTESIAN_POINT('Origin',(42.5,91.5000000000001,191.));
#8366=CARTESIAN_POINT('',(53.5,-85.9000000000003,191.));
#8367=CARTESIAN_POINT('',(0.,-85.9000000000003,191.));
#8368=CARTESIAN_POINT('',(85.9000000000002,-53.5000000000001,190.999999999999));
#8369=CARTESIAN_POINT('Origin',(53.5,-53.5000000000001,190.999999999999));
#8370=CARTESIAN_POINT('',(85.9000000000001,53.4999999999999,190.999999999995));
#8371=CARTESIAN_POINT('',(85.9000000000001,-73.5000000000001,191.));
#8372=CARTESIAN_POINT('',(53.5,85.9000000000001,190.999999999994));
#8373=CARTESIAN_POINT('Origin',(53.5,53.4999999999999,190.999999999995));
#8374=CARTESIAN_POINT('',(26.75,85.9000000000001,190.999999999994));
#8375=CARTESIAN_POINT('Origin',(42.5,91.5000000000001,186.));
#8376=CARTESIAN_POINT('',(42.5,90.5000000000001,195.));
#8377=CARTESIAN_POINT('Origin',(42.5,91.5000000000001,195.));
#8378=CARTESIAN_POINT('',(42.5,90.5000000000001,186.));
#8379=CARTESIAN_POINT('Origin',(37.5,91.5000000000001,195.));
#8380=CARTESIAN_POINT('',(37.5,90.5000000000001,200.));
#8381=CARTESIAN_POINT('Origin',(37.5,91.5000000000001,200.));
#8382=CARTESIAN_POINT('Origin',(37.5,90.5000000000001,195.));
#8383=CARTESIAN_POINT('Origin',(32.625,91.5000000000001,200.));
#8384=CARTESIAN_POINT('',(32.625,90.5000000000001,200.));
#8385=CARTESIAN_POINT('Origin',(21.75,90.5000000000001,191.));
#8386=CARTESIAN_POINT('Origin',(0.,-85.9000000000002,193.));
#8387=CARTESIAN_POINT('',(53.5,-83.9000000000002,193.));
#8388=CARTESIAN_POINT('',(0.,-83.9000000000002,193.));
#8389=CARTESIAN_POINT('Origin',(53.5,-85.9000000000002,193.));
#8390=CARTESIAN_POINT('Origin',(53.5,-53.5,193.));
#8391=CARTESIAN_POINT('',(83.9000000000002,-53.5,193.));
#8392=CARTESIAN_POINT('Origin',(85.9000000000002,-53.5,193.));
#8393=CARTESIAN_POINT('Origin',(53.5,-53.5,193.));
#8394=CARTESIAN_POINT('Origin',(85.9000000000001,-73.5,193.));
#8395=CARTESIAN_POINT('',(83.9000000000002,53.5,192.999999999995));
#8396=CARTESIAN_POINT('Origin',(85.9000000000001,53.5,192.999999999995));
#8397=CARTESIAN_POINT('',(83.9000000000002,-73.5,193.));
#8398=CARTESIAN_POINT('Origin',(53.5,53.5,193.));
#8399=CARTESIAN_POINT('',(53.5,83.9000000000002,192.999999999999));
#8400=CARTESIAN_POINT('Origin',(53.5,85.9000000000002,192.999999999999));
#8401=CARTESIAN_POINT('Origin',(53.5,53.5,193.));
#8402=CARTESIAN_POINT('Origin',(26.75,85.9000000000001,192.999999999994));
#8403=CARTESIAN_POINT('',(26.75,83.9000000000002,192.999999999994));
#8404=CARTESIAN_POINT('Origin',(53.5,83.9000000000002,191.));
#8405=CARTESIAN_POINT('',(53.5,83.9000000000001,195.));
#8406=CARTESIAN_POINT('',(53.5,83.9000000000001,197.));
#8407=CARTESIAN_POINT('',(26.75,83.9000000000001,195.));
#8408=CARTESIAN_POINT('Origin',(53.5,53.5,194.));
#8409=CARTESIAN_POINT('',(83.9000000000001,53.5,195.));
#8410=CARTESIAN_POINT('',(83.9000000000001,53.5,197.));
#8411=CARTESIAN_POINT('Origin',(53.5,53.5,195.));
#8412=CARTESIAN_POINT('Origin',(83.9000000000002,-53.5,191.));
#8413=CARTESIAN_POINT('',(83.9000000000001,-53.5,195.));
#8414=CARTESIAN_POINT('',(83.9000000000001,-53.5,197.));
#8415=CARTESIAN_POINT('',(83.9000000000001,-68.5000000000001,195.));
#8416=CARTESIAN_POINT('Origin',(53.5,-53.5,194.));
#8417=CARTESIAN_POINT('',(53.5,-83.9000000000002,195.));
#8418=CARTESIAN_POINT('',(53.5,-83.9000000000002,197.));
#8419=CARTESIAN_POINT('Origin',(53.5,-53.5,195.));
#8420=CARTESIAN_POINT('Origin',(0.,-83.9000000000002,191.));
#8421=CARTESIAN_POINT('',(0.,-83.9000000000002,195.));
#8422=CARTESIAN_POINT('Origin',(0.,-81.9000000000002,195.));
#8423=CARTESIAN_POINT('',(53.5,-81.9000000000002,197.));
#8424=CARTESIAN_POINT('Origin',(53.5,-81.9000000000002,195.));
#8425=CARTESIAN_POINT('',(0.,-81.9000000000002,197.));
#8426=CARTESIAN_POINT('Origin',(53.5,-53.5,195.));
#8427=CARTESIAN_POINT('',(81.9000000000001,-53.5,197.));
#8428=CARTESIAN_POINT('Origin',(81.9000000000001,-53.5,195.));
#8429=CARTESIAN_POINT('Origin',(53.5,-53.5,197.));
#8430=CARTESIAN_POINT('Origin',(81.9000000000001,-68.5000000000001,195.));
#8431=CARTESIAN_POINT('',(81.9000000000001,53.5,197.));
#8432=CARTESIAN_POINT('Origin',(81.9000000000001,53.5,195.));
#8433=CARTESIAN_POINT('',(81.9000000000001,-68.5000000000001,197.));
#8434=CARTESIAN_POINT('Origin',(53.5,53.5,195.));
#8435=CARTESIAN_POINT('',(53.5,81.9000000000001,197.));
#8436=CARTESIAN_POINT('Origin',(53.5,81.9000000000001,195.));
#8437=CARTESIAN_POINT('Origin',(53.5,53.5,197.));
#8438=CARTESIAN_POINT('Origin',(26.75,81.9000000000001,195.));
#8439=CARTESIAN_POINT('',(26.75,81.9000000000001,197.));
#8440=CARTESIAN_POINT('Origin',(0.,-83.5000000000002,197.));
#8441=CARTESIAN_POINT('Origin',(53.5,93.5000000000002,205.));
#8442=CARTESIAN_POINT('',(53.5,93.5000000000002,205.));
#8443=CARTESIAN_POINT('',(53.5,93.5000000000002,205.));
#8444=CARTESIAN_POINT('',(53.5,93.5000000000002,191.));
#8445=CARTESIAN_POINT('Origin',(53.5,81.5000000000001,205.));
#8446=CARTESIAN_POINT('',(53.5,89.2134513162386,214.192533317428));
#8447=CARTESIAN_POINT('Origin',(53.5,81.5000000000001,205.));
#8448=CARTESIAN_POINT('',(53.5,89.2134513162386,214.192533317428));
#8449=CARTESIAN_POINT('Origin',(53.5,85.867642811793,216.999999999562));
#8450=CARTESIAN_POINT('',(53.5,85.867642811793,216.999999999562));
#8451=CARTESIAN_POINT('',(53.5,85.867642811793,216.999999999562));
#8452=CARTESIAN_POINT('',(53.5,85.867642811793,216.999999999562));
#8453=CARTESIAN_POINT('Origin',(53.5,81.5000000000001,217.));
#8454=CARTESIAN_POINT('',(53.5,81.5000000000001,217.));
#8455=CARTESIAN_POINT('',(53.5,81.5000000000001,217.));
#8456=CARTESIAN_POINT('',(-53.5,81.5000000000001,217.));
#8457=CARTESIAN_POINT('',(-53.5,81.5000000000001,217.));
#8458=CARTESIAN_POINT('',(53.5,81.5000000000001,217.));
#8459=CARTESIAN_POINT('Origin',(53.5,53.5,198.));
#8460=CARTESIAN_POINT('',(93.5000000000002,53.5,205.));
#8461=CARTESIAN_POINT('Origin',(53.5,53.5,205.));
#8462=CARTESIAN_POINT('',(93.5000000000002,53.5,191.));
#8463=CARTESIAN_POINT('Origin',(53.5,53.5,205.));
#8464=CARTESIAN_POINT('',(89.2134513162386,53.5,214.192533317428));
#8465=CARTESIAN_POINT('Origin',(81.5000000000001,53.5,205.));
#8466=CARTESIAN_POINT('Origin',(53.5,53.5,214.192533317428));
#8467=CARTESIAN_POINT('Origin',(53.5,53.5,215.596266658495));
#8468=CARTESIAN_POINT('',(85.867642811793,53.5,216.999999999562));
#8469=CARTESIAN_POINT('',(85.867642811793,53.5,216.999999999562));
#8470=CARTESIAN_POINT('Origin',(53.5,53.5,216.999999999562));
#8471=CARTESIAN_POINT('Origin',(93.5000000000002,-53.5,205.));
#8472=CARTESIAN_POINT('',(93.5000000000002,-53.5,205.));
#8473=CARTESIAN_POINT('',(93.5000000000002,-53.5,205.));
#8474=CARTESIAN_POINT('',(93.5000000000002,-53.5,191.));
#8475=CARTESIAN_POINT('Origin',(81.5000000000001,-53.5,205.));
#8476=CARTESIAN_POINT('',(89.2134513162386,-53.5,214.192533317428));
#8477=CARTESIAN_POINT('Origin',(81.5000000000001,-53.5,205.));
#8478=CARTESIAN_POINT('',(89.2134513162386,-53.5,214.192533317428));
#8479=CARTESIAN_POINT('Origin',(85.867642811793,-53.5,216.999999999562));
#8480=CARTESIAN_POINT('',(85.867642811793,-53.5,216.999999999562));
#8481=CARTESIAN_POINT('',(85.867642811793,-53.5,216.999999999562));
#8482=CARTESIAN_POINT('',(85.867642811793,-53.5,216.999999999562));
#8483=CARTESIAN_POINT('Origin',(81.5000000000001,-53.5,217.));
#8484=CARTESIAN_POINT('',(81.5000000000001,-53.5,217.));
#8485=CARTESIAN_POINT('',(81.5000000000001,-53.5,217.));
#8486=CARTESIAN_POINT('',(81.5000000000001,53.5,217.));
#8487=CARTESIAN_POINT('',(81.5000000000001,53.5,217.));
#8488=CARTESIAN_POINT('',(81.5000000000001,-53.5,217.));
#8489=CARTESIAN_POINT('Origin',(53.5,-53.5,198.));
#8490=CARTESIAN_POINT('',(53.5,-93.5000000000002,205.));
#8491=CARTESIAN_POINT('Origin',(53.5,-53.5,205.));
#8492=CARTESIAN_POINT('',(53.5,-93.5000000000002,191.));
#8493=CARTESIAN_POINT('Origin',(53.5,-53.5,205.));
#8494=CARTESIAN_POINT('',(53.5,-89.2134513162387,214.192533317428));
#8495=CARTESIAN_POINT('Origin',(53.5,-81.5000000000002,205.));
#8496=CARTESIAN_POINT('Origin',(53.5,-53.5,214.192533317428));
#8497=CARTESIAN_POINT('Origin',(53.5,-53.5,215.596266658495));
#8498=CARTESIAN_POINT('',(53.5,-85.867642811793,216.999999999562));
#8499=CARTESIAN_POINT('',(53.5,-85.867642811793,216.999999999562));
#8500=CARTESIAN_POINT('Origin',(53.5,-53.5,216.999999999562));
#8501=CARTESIAN_POINT('Origin',(53.5,-53.5,217.));
#8502=CARTESIAN_POINT('',(53.5,-81.5000000000002,217.));
#8503=CARTESIAN_POINT('',(53.5,-81.5000000000002,217.));
#8504=CARTESIAN_POINT('',(-53.5,-81.5000000000002,217.));
#8505=CARTESIAN_POINT('',(-53.5,-81.5000000000002,217.));
#8506=CARTESIAN_POINT('',(0.,-81.5000000000002,217.));
#8507=CARTESIAN_POINT('Origin',(0.,-93.5000000000002,205.));
#8508=CARTESIAN_POINT('',(0.,-93.5000000000002,205.));
#8509=CARTESIAN_POINT('Origin',(0.,-81.5000000000002,205.));
#8510=CARTESIAN_POINT('',(0.,-89.2134513162387,214.192533317428));
#8511=CARTESIAN_POINT('Origin',(0.,-85.867642811793,216.999999999562));
#8512=CARTESIAN_POINT('',(0.,-85.867642811793,216.999999999562));
#8513=CARTESIAN_POINT('Origin',(0.,-81.5000000000002,217.));
#8514=CARTESIAN_POINT('Origin',(-96.5000000000001,0.,172.));
#8515=CARTESIAN_POINT('',(-97.9641016151379,15.,199.383196954757));
#8516=CARTESIAN_POINT('',(-100.5,14.9999999999999,195.048861143232));
#8517=CARTESIAN_POINT('Ctrl Pts',(-100.5,15.,195.048861143232));
#8518=CARTESIAN_POINT('Ctrl Pts',(-100.5,15.,195.355654976359));
#8519=CARTESIAN_POINT('Ctrl Pts',(-100.473656177076,15.,195.691328549974));
#8520=CARTESIAN_POINT('Ctrl Pts',(-100.356503167229,15.,196.350894761113));
#8521=CARTESIAN_POINT('Ctrl Pts',(-100.265502801187,15.,196.674753426861));
#8522=CARTESIAN_POINT('Ctrl Pts',(-100.058226249499,15.,197.21997162305));
#8523=CARTESIAN_POINT('Ctrl Pts',(-99.9279871727029,15.,197.494031371601));
#8524=CARTESIAN_POINT('Ctrl Pts',(-99.6145784435579,15.,198.009475025417));
#8525=CARTESIAN_POINT('Ctrl Pts',(-99.4312074876458,14.9999999999999,198.250736503776));
#8526=CARTESIAN_POINT('Ctrl Pts',(-99.0728311390298,15.,198.639078202196));
#8527=CARTESIAN_POINT('Ctrl Pts',(-98.8685146716879,15.,198.825184863778));
#8528=CARTESIAN_POINT('Ctrl Pts',(-98.4275904187529,15.,199.145998343528));
#8529=CARTESIAN_POINT('Ctrl Pts',(-98.1913772576333,15.,199.281271839723));
#8530=CARTESIAN_POINT('Ctrl Pts',(-97.9641016151379,15.,199.383196954757));
#8531=CARTESIAN_POINT('',(-96.500000014206,13.7016903776407,200.363950373586));
#8532=CARTESIAN_POINT('Ctrl Pts',(-97.9641016151386,15.0000000000004,199.383196954756));
#8533=CARTESIAN_POINT('Ctrl Pts',(-97.5653265226598,14.7255152010492,199.71239113605));
#8534=CARTESIAN_POINT('Ctrl Pts',(-97.1555348197603,14.3903161789357,199.986503636737));
#8535=CARTESIAN_POINT('Ctrl Pts',(-96.6703650634395,13.8902735322433,200.269308689931));
#8536=CARTESIAN_POINT('Ctrl Pts',(-96.584182351158,13.7971441585675,200.317839794881));
#8537=CARTESIAN_POINT('Ctrl Pts',(-96.5000000229191,13.7016903714124,200.363950376595));
#8538=CARTESIAN_POINT('',(-96.5000000000001,-15.,144.300722031071));
#8539=CARTESIAN_POINT('Origin',(-96.5000000000001,0.,172.));
#8540=CARTESIAN_POINT('',(-100.5,-15.,148.951138856768));
#8541=CARTESIAN_POINT('Ctrl Pts',(-100.5,-15.,148.951138856768));
#8542=CARTESIAN_POINT('Ctrl Pts',(-100.5,-15.,148.655587802389));
#8543=CARTESIAN_POINT('Ctrl Pts',(-100.475546835566,-15.,148.332091187555));
#8544=CARTESIAN_POINT('Ctrl Pts',(-100.366794872354,-15.0000000000001,147.695603184675));
#8545=CARTESIAN_POINT('Ctrl Pts',(-100.282324236468,-15.,147.382641169093));
#8546=CARTESIAN_POINT('Ctrl Pts',(-100.089665641641,-15.,146.853508988168));
#8547=CARTESIAN_POINT('Ctrl Pts',(-99.9681929359519,-15.,146.586127372265));
#8548=CARTESIAN_POINT('Ctrl Pts',(-99.6754261176393,-15.,146.0806359373));
#8549=CARTESIAN_POINT('Ctrl Pts',(-99.5039465433487,-15.,145.842633555285));
#8550=CARTESIAN_POINT('Ctrl Pts',(-99.155940341408,-15.,145.442225551525));
#8551=CARTESIAN_POINT('Ctrl Pts',(-98.9480786047928,-15.,145.242317820329));
#8552=CARTESIAN_POINT('Ctrl Pts',(-98.4930244063455,-15.,144.89467126939));
#8553=CARTESIAN_POINT('Ctrl Pts',(-98.2457035510169,-15.,144.747100543318));
#8554=CARTESIAN_POINT('Ctrl Pts',(-97.7850494698463,-15.,144.533410914807));
#8555=CARTESIAN_POINT('Ctrl Pts',(-97.5318191261051,-15.,144.444417984253));
#8556=CARTESIAN_POINT('Ctrl Pts',(-97.0117350182821,-15.,144.328034615254));
#8557=CARTESIAN_POINT('Ctrl Pts',(-96.7448638351904,-15.,144.300722031071));
#8558=CARTESIAN_POINT('Ctrl Pts',(-96.5000000000002,-15.,144.300722031071));
#8559=CARTESIAN_POINT('Origin',(-100.5,0.,172.));
#8560=CARTESIAN_POINT('Origin',(-94.5000000000001,0.,172.));
#8561=CARTESIAN_POINT('',(-94.5000000000001,8.41018772329562,202.356527180475));
#8562=CARTESIAN_POINT('Ctrl Pts',(-94.5000000000001,8.41018772329562,202.356527180475));
#8563=CARTESIAN_POINT('Ctrl Pts',(-94.5000000000001,9.4534161757483,202.067503766458));
#8564=CARTESIAN_POINT('Ctrl Pts',(-94.7149756058277,10.5468886608116,201.701168489643));
#8565=CARTESIAN_POINT('Ctrl Pts',(-95.4779687252007,12.3396348442337,200.995109541379));
#8566=CARTESIAN_POINT('Ctrl Pts',(-95.9484027417808,13.0762378498367,200.666085892941));
#8567=CARTESIAN_POINT('Ctrl Pts',(-96.500000022918,13.7016903714111,200.363950376596));
#8568=CARTESIAN_POINT('',(-94.5000000000001,-15.,144.300722031071));
#8569=CARTESIAN_POINT('Origin',(-94.5000000000001,0.,172.));
#8570=CARTESIAN_POINT('',(-94.5000000000001,-15.,144.300722031071));
#8571=CARTESIAN_POINT('Origin',(-102.5,-8.4101877232956,185.849638984465));
#8572=CARTESIAN_POINT('',(-96.0425385293138,-13.1326014599459,196.177524609708));
#8573=CARTESIAN_POINT('',(-97.9641016151379,-15.,194.31698230065));
#8574=CARTESIAN_POINT('Ctrl Pts',(-96.0425385446697,-13.1326014655382,196.177524583758));
#8575=CARTESIAN_POINT('Ctrl Pts',(-96.1641789291397,-13.2989333748107,196.076615430149));
#8576=CARTESIAN_POINT('Ctrl Pts',(-96.2898866221851,-13.4573377516909,195.96799287824));
#8577=CARTESIAN_POINT('Ctrl Pts',(-96.4187343191187,-13.6080689946649,195.852673732467));
#8578=CARTESIAN_POINT('Ctrl Pts',(-96.5411457134272,-13.7512707907187,195.743115100372));
#8579=CARTESIAN_POINT('Ctrl Pts',(-96.6663909134611,-13.8875470467905,195.627513178169));
#8580=CARTESIAN_POINT('Ctrl Pts',(-96.7937197132917,-14.0171248662926,195.506731734462));
#8581=CARTESIAN_POINT('Ctrl Pts',(-96.9146362663378,-14.1401771789373,195.392032814309));
#8582=CARTESIAN_POINT('Ctrl Pts',(-97.037431790625,-14.2571888383846,195.272663446678));
#8583=CARTESIAN_POINT('Ctrl Pts',(-97.1615079155541,-14.3683608183234,195.149345421408));
#8584=CARTESIAN_POINT('Ctrl Pts',(-97.1821411674774,-14.3868481741317,195.128838237745));
#8585=CARTESIAN_POINT('Ctrl Pts',(-97.2028099373404,-14.4051740523012,195.108221806082));
#8586=CARTESIAN_POINT('Ctrl Pts',(-97.2235116002018,-14.4233393925817,195.087499380378));
#8587=CARTESIAN_POINT('Ctrl Pts',(-97.3460596505258,-14.5308731230723,194.964828419841));
#8588=CARTESIAN_POINT('Ctrl Pts',(-97.4698721241086,-14.6328875111715,194.838331110293));
#8589=CARTESIAN_POINT('Ctrl Pts',(-97.5944664122078,-14.7296106635178,194.708623773686));
#8590=CARTESIAN_POINT('Ctrl Pts',(-97.717072540696,-14.8247903978801,194.580986185955));
#8591=CARTESIAN_POINT('Ctrl Pts',(-97.8404356653033,-14.9148464595535,194.450240474862));
#8592=CARTESIAN_POINT('Ctrl Pts',(-97.9641371290124,-15.,194.316947058636));
#8593=CARTESIAN_POINT('',(-94.5000000000001,-8.41018772329566,199.812744688295));
#8594=CARTESIAN_POINT('Ctrl Pts',(-94.5000000000001,-8.41018772329564,199.812744688295));
#8595=CARTESIAN_POINT('Ctrl Pts',(-94.5000000000001,-8.80818732106816,199.692395137447));
#8596=CARTESIAN_POINT('Ctrl Pts',(-94.5302507315655,-9.20307957879315,199.531841414306));
#8597=CARTESIAN_POINT('Ctrl Pts',(-94.6851527373154,-10.2505413423272,199.000657046867));
#8598=CARTESIAN_POINT('Ctrl Pts',(-94.8662321312585,-10.8656702355563,198.561017518887));
#8599=CARTESIAN_POINT('Ctrl Pts',(-95.3358813959225,-12.0415260799409,197.536446122719));
#8600=CARTESIAN_POINT('Ctrl Pts',(-95.6680635789914,-12.6205417857037,196.88181357397));
#8601=CARTESIAN_POINT('Ctrl Pts',(-96.0425385334619,-13.1326014502125,196.177524604837));
#8602=CARTESIAN_POINT('',(-94.5,-8.41018772329557,248.5));
#8603=CARTESIAN_POINT('',(-94.5000000000001,-8.4101877232956,185.849638984465));
#8604=CARTESIAN_POINT('',(-97.9641016151378,-15.0000000000001,248.5));
#8605=CARTESIAN_POINT('Origin',(-102.5,-8.41018772329557,248.5));
#8606=CARTESIAN_POINT('',(-97.9641016151379,-15.0000000000001,185.849638984465));
#8607=CARTESIAN_POINT('Origin',(-64.5,-8.41018772329557,248.5));
#8608=CARTESIAN_POINT('',(-64.5,-15.,281.964101615138));
#8609=CARTESIAN_POINT('',(-64.5,-8.4101877232956,278.5));
#8610=CARTESIAN_POINT('Origin',(-64.5,-8.41018772329559,286.5));
#8611=CARTESIAN_POINT('Origin',(-64.5,-15.0000000000001,248.5));
#8612=CARTESIAN_POINT('Origin',(-64.5,-8.41018772329557,248.5));
#8613=CARTESIAN_POINT('Origin',(-64.5,8.41018772329555,248.5));
#8614=CARTESIAN_POINT('',(-97.9641016151378,15.,248.5));
#8615=CARTESIAN_POINT('',(-94.5,8.41018772329559,248.5));
#8616=CARTESIAN_POINT('Origin',(-102.5,8.41018772329559,248.5));
#8617=CARTESIAN_POINT('',(-64.5,14.9999999999999,281.964101615138));
#8618=CARTESIAN_POINT('Origin',(-64.5,15.,248.5));
#8619=CARTESIAN_POINT('',(-64.5,8.41018772329559,278.5));
#8620=CARTESIAN_POINT('Origin',(-64.5,8.41018772329562,286.5));
#8621=CARTESIAN_POINT('Origin',(-64.5,8.41018772329555,248.5));
#8622=CARTESIAN_POINT('Origin',(-102.5,8.41018772329557,197.625));
#8623=CARTESIAN_POINT('',(-97.9641016151379,15.,197.625));
#8624=CARTESIAN_POINT('',(-94.5000000000001,8.41018772329559,197.625));
#8625=CARTESIAN_POINT('Origin',(-94.5000000000001,8.24999999999999,172.));
#8626=CARTESIAN_POINT('',(-94.5000000000001,-1.77635683940025E-14,142.943502884255));
#8627=CARTESIAN_POINT('Origin',(-94.5000000000001,0.,172.));
#8628=CARTESIAN_POINT('',(-94.5000000000001,-1.77635683940025E-14,148.2));
#8629=CARTESIAN_POINT('',(-94.5000000000001,-1.77635683940025E-14,158.5));
#8630=CARTESIAN_POINT('',(-94.5000000000001,-13.3956277890985,191.672243291906));
#8631=CARTESIAN_POINT('Origin',(-94.5000000000001,0.,172.));
#8632=CARTESIAN_POINT('',(-94.5000000000002,-15.,189.478095139922));
#8633=CARTESIAN_POINT('',(-94.5000000000001,-14.7126803710512,189.871035025444));
#8634=CARTESIAN_POINT('',(-94.5000000000002,-15.,199.699277968929));
#8635=CARTESIAN_POINT('',(-94.5,-15.0000000000001,248.5));
#8636=CARTESIAN_POINT('',(-94.5000000000001,-13.7698039201726,181.969578727308));
#8637=CARTESIAN_POINT('',(-94.5000000000001,16.2480768092719,177.));
#8638=CARTESIAN_POINT('Origin',(-94.5000000000001,0.,172.));
#8639=CARTESIAN_POINT('',(-94.5000000000001,-13.7698039201726,177.));
#8640=CARTESIAN_POINT('',(-94.5000000000001,-15.0933760305639,177.));
#8641=CARTESIAN_POINT('',(-94.5000000000001,-13.7698039201726,179.95));
#8642=CARTESIAN_POINT('',(-94.5000000000001,16.2480768092719,167.));
#8643=CARTESIAN_POINT('',(-94.5000000000001,-13.7698039201726,162.030421272692));
#8644=CARTESIAN_POINT('Origin',(-94.5000000000001,0.,172.));
#8645=CARTESIAN_POINT('',(-94.5000000000001,-13.7698039201726,167.));
#8646=CARTESIAN_POINT('',(-94.5000000000001,-13.7698039201726,179.95));
#8647=CARTESIAN_POINT('',(-94.5000000000001,-15.0933760305639,167.));
#8648=CARTESIAN_POINT('Ctrl Pts',(-98.3043368234909,-13.1581346464703,193.553076162142));
#8649=CARTESIAN_POINT('Ctrl Pts',(-97.61063869835,-13.1491962830681,194.371288296085));
#8650=CARTESIAN_POINT('Ctrl Pts',(-96.8612931868172,-13.1406843506514,195.241393569622));
#8651=CARTESIAN_POINT('Ctrl Pts',(-96.0425385251316,-13.1326014653453,196.177524606097));
#8652=CARTESIAN_POINT('Ctrl Pts',(-98.3613392400804,-13.7720897643135,193.599506196396));
#8653=CARTESIAN_POINT('Ctrl Pts',(-97.6727993291022,-13.7661308553788,194.422533892101));
#8654=CARTESIAN_POINT('Ctrl Pts',(-96.9285444215481,-13.7604562337676,195.297533290329));
#8655=CARTESIAN_POINT('Ctrl Pts',(-96.114812403733,-13.7550676435635,196.238605855156));
#8656=CARTESIAN_POINT('Ctrl Pts',(-98.4183416566698,-14.3860448821568,193.645936230651));
#8657=CARTESIAN_POINT('Ctrl Pts',(-97.7349599598544,-14.3830654276894,194.473779488117));
#8658=CARTESIAN_POINT('Ctrl Pts',(-96.995795656279,-14.3802281168838,195.353673011036));
#8659=CARTESIAN_POINT('Ctrl Pts',(-96.1870862823343,-14.3775338217818,196.299687104216));
#8660=CARTESIAN_POINT('Ctrl Pts',(-98.4753440732593,-15.,193.692366264905));
#8661=CARTESIAN_POINT('Ctrl Pts',(-97.7971205906065,-15.,194.525025084133));
#8662=CARTESIAN_POINT('Ctrl Pts',(-97.0630468910099,-15.,195.409812731744));
#8663=CARTESIAN_POINT('Ctrl Pts',(-96.2593601609357,-15.,196.360768353275));
#8664=CARTESIAN_POINT('',(-98.4753440732593,-15.,193.692366264905));
#8665=CARTESIAN_POINT('Ctrl Pts',(-98.4753440732593,-15.,193.692366264905));
#8666=CARTESIAN_POINT('Ctrl Pts',(-98.3083943432962,-15.,193.897331395982));
#8667=CARTESIAN_POINT('Ctrl Pts',(-98.1380604551007,-15.,194.105455193459));
#8668=CARTESIAN_POINT('Ctrl Pts',(-97.9641371290124,-15.,194.316947058636));
#8669=CARTESIAN_POINT('',(-98.4241152566422,-14.448230513284,193.650638986437));
#8670=CARTESIAN_POINT('Ctrl Pts',(-98.4753440732593,-15.,193.692366264905));
#8671=CARTESIAN_POINT('Ctrl Pts',(-98.4582678010536,-14.8160768377613,193.678457172082));
#8672=CARTESIAN_POINT('Ctrl Pts',(-98.4411915288479,-14.6321536755227,193.66454807926));
#8673=CARTESIAN_POINT('Ctrl Pts',(-98.4241152566422,-14.448230513284,193.650638986437));
#8674=CARTESIAN_POINT('',(-97.7757698393408,-13.1515396786823,194.173923941883));
#8675=CARTESIAN_POINT('Ctrl Pts',(-98.4241152566383,-14.4482305132452,193.650638986435));
#8676=CARTESIAN_POINT('Ctrl Pts',(-98.3629722578991,-14.3259350230509,193.701822357506));
#8677=CARTESIAN_POINT('Ctrl Pts',(-98.3012276463666,-14.2024517066622,193.752968694064));
#8678=CARTESIAN_POINT('Ctrl Pts',(-98.2393179077441,-14.0786265497251,193.803710398724));
#8679=CARTESIAN_POINT('Ctrl Pts',(-98.0852940665483,-13.7705647369556,193.929949540325));
#8680=CARTESIAN_POINT('Ctrl Pts',(-97.9307302344957,-13.4614109172443,194.053315956387));
#8681=CARTESIAN_POINT('Ctrl Pts',(-97.7758059399089,-13.1515397609775,194.173888279424));
#8682=CARTESIAN_POINT('',(-97.7000000000001,-13.150628494046,194.262511388164));
#8683=CARTESIAN_POINT('Ctrl Pts',(-97.7758059401108,-13.1515397609799,194.173888279188));
#8684=CARTESIAN_POINT('Ctrl Pts',(-97.7506235601094,-13.151235518472,194.203347667706));
#8685=CARTESIAN_POINT('Ctrl Pts',(-97.7253693671209,-13.1509317951562,194.232874417489));
#8686=CARTESIAN_POINT('Ctrl Pts',(-97.7000427778359,-13.1506285911433,194.262469127567));
#8687=CARTESIAN_POINT('Ctrl Pts',(-96.0425385251316,-13.1326014653453,196.177524606097));
#8688=CARTESIAN_POINT('Ctrl Pts',(-96.6289610592791,-13.1383907283642,195.507032747677));
#8689=CARTESIAN_POINT('Ctrl Pts',(-97.1797769974914,-13.1444000907082,194.870411822081));
#8690=CARTESIAN_POINT('Ctrl Pts',(-97.7000427778358,-13.1506285911433,194.262469127567));
#8691=CARTESIAN_POINT('Origin',(-98.5,-24.6323926247186,198.85379903464));
#8692=CARTESIAN_POINT('',(-103.035898384862,-15.0000000000001,168.990381056767));
#8693=CARTESIAN_POINT('',(-103.035898384862,-12.9903810567666,165.509618943233));
#8694=CARTESIAN_POINT('',(-103.035898384862,-30.3393374625151,195.558892896288));
#8695=CARTESIAN_POINT('',(-106.5,-8.41018772329564,170.756115934582));
#8696=CARTESIAN_POINT('Origin',(-98.5,-8.41018772329564,170.756115934582));
#8697=CARTESIAN_POINT('',(-106.5,-7.28343621897,168.804525081586));
#8698=CARTESIAN_POINT('',(-106.5,-24.6323926247186,198.85379903464));
#8699=CARTESIAN_POINT('Origin',(-98.5,-7.28343621897,168.804525081586));
#8700=CARTESIAN_POINT('Origin',(-98.5,-8.41018772329562,224.099638984465));
#8701=CARTESIAN_POINT('',(-106.5,-8.41018772329555,248.5));
#8702=CARTESIAN_POINT('',(-106.5,-8.41018772329562,224.099638984465));
#8703=CARTESIAN_POINT('',(-103.035898384862,-15.0000000000001,248.5));
#8704=CARTESIAN_POINT('',(-103.035898384862,-15.,224.099638984465));
#8705=CARTESIAN_POINT('Origin',(-98.5,-8.41018772329555,248.5));
#8706=CARTESIAN_POINT('Origin',(-64.5,-8.41018772329555,248.5));
#8707=CARTESIAN_POINT('',(-64.5,-8.41018772329557,290.5));
#8708=CARTESIAN_POINT('',(-64.5,-15.0000000000001,287.035898384862));
#8709=CARTESIAN_POINT('Origin',(-64.5,-8.41018772329562,282.5));
#8710=CARTESIAN_POINT('Origin',(-64.5,-8.41018772329555,248.5));
#8711=CARTESIAN_POINT('Origin',(-64.5,-15.0000000000001,248.5));
#8712=CARTESIAN_POINT('Origin',(-98.5,-5.32907051820075E-14,173.009618943233));
#8713=CARTESIAN_POINT('',(-103.035898384862,15.,173.009618943233));
#8714=CARTESIAN_POINT('',(-106.5,8.41018772329555,173.009618943233));
#8715=CARTESIAN_POINT('Origin',(-98.5,8.41018772329555,173.009618943233));
#8716=CARTESIAN_POINT('Origin',(-103.035898384862,-5.32907051820075E-14,
173.009618943233));
#8717=CARTESIAN_POINT('Origin',(-106.5,-7.105427357601E-14,173.009618943233));
#8718=CARTESIAN_POINT('Origin',(-98.5,8.41018772329559,235.875));
#8719=CARTESIAN_POINT('',(-106.5,8.41018772329557,248.5));
#8720=CARTESIAN_POINT('',(-106.5,8.41018772329559,235.875));
#8721=CARTESIAN_POINT('',(-103.035898384862,15.,248.5));
#8722=CARTESIAN_POINT('Origin',(-98.5,8.41018772329557,248.5));
#8723=CARTESIAN_POINT('',(-103.035898384862,14.9999999999999,235.875));
#8724=CARTESIAN_POINT('Origin',(-64.5,8.41018772329555,248.5));
#8725=CARTESIAN_POINT('',(-64.5,15.,287.035898384862));
#8726=CARTESIAN_POINT('',(-64.5,8.41018772329555,290.5));
#8727=CARTESIAN_POINT('Origin',(-64.5,8.41018772329557,282.5));
#8728=CARTESIAN_POINT('Origin',(-64.5,15.,248.5));
#8729=CARTESIAN_POINT('Origin',(-64.5,8.41018772329555,248.5));
#8730=CARTESIAN_POINT('Origin',(-53.25,-7.105427357601E-14,173.009618943233));
#8731=CARTESIAN_POINT('',(-100.5,15.,173.009618943233));
#8732=CARTESIAN_POINT('',(-53.25,15.,173.009618943233));
#8733=CARTESIAN_POINT('',(-100.5,-12.9903810567666,165.509618943233));
#8734=CARTESIAN_POINT('Origin',(-100.5,-5.32907051820075E-14,173.009618943233));
#8735=CARTESIAN_POINT('',(-53.25,-12.9903810567666,165.509618943233));
#8736=CARTESIAN_POINT('Origin',(-100.5,-11.25,162.495190528383));
#8737=CARTESIAN_POINT('',(-100.5,-15.0000000000001,168.990381056767));
#8738=CARTESIAN_POINT('',(-100.5,-10.8703516151377,161.83762023679));
#8739=CARTESIAN_POINT('',(-100.5,-15.0000000000001,168.990381056767));
#8740=CARTESIAN_POINT('Origin',(-93.5000000000001,-14.1978138945493,190.575169215914));
#8741=CARTESIAN_POINT('',(-97.8978138945494,-13.3956277890985,191.672243291906));
#8742=CARTESIAN_POINT('',(-93.5000000000001,-13.3956277890985,191.672243291906));
#8743=CARTESIAN_POINT('',(-98.7000000000001,-15.,189.478095139922));
#8744=CARTESIAN_POINT('',(-98.7000000000001,-15.,189.478095139922));
#8745=CARTESIAN_POINT('',(-93.5000000000001,-15.,189.478095139922));
#8746=CARTESIAN_POINT('Origin',(-98.2000000000001,-14.,195.395580530483));
#8747=CARTESIAN_POINT('',(-98.7000000000002,-15.,193.416554908505));
#8748=CARTESIAN_POINT('',(-98.7000000000001,-15.,195.395580530483));
#8749=CARTESIAN_POINT('',(-97.7000000000001,-13.,191.935897271003));
#8750=CARTESIAN_POINT('Origin',(-91.2000000000002,0.,172.));
#8751=CARTESIAN_POINT('',(-97.7000000000001,-13.,194.350804081656));
#8752=CARTESIAN_POINT('',(-97.7000000000001,-13.0000000000001,195.395580530483));
#8753=CARTESIAN_POINT('Origin',(-80.4145009614185,21.5709980771634,172.));
#8754=CARTESIAN_POINT('Ctrl Pts',(-98.7000000000001,-15.,193.416554908505));
#8755=CARTESIAN_POINT('Ctrl Pts',(-98.6103159158571,-14.8206318317138,193.493637117334));
#8756=CARTESIAN_POINT('Ctrl Pts',(-98.5178951191403,-14.6357902382802,193.572133238114));
#8757=CARTESIAN_POINT('Ctrl Pts',(-98.4241152566421,-14.4482305132839,193.650638986438));
#8758=CARTESIAN_POINT('Ctrl Pts',(-98.6503346108526,-14.4490881804939,193.376101084661));
#8759=CARTESIAN_POINT('Ctrl Pts',(-98.5749495885012,-14.4488126541044,193.467631173138));
#8760=CARTESIAN_POINT('Ctrl Pts',(-98.4995429751555,-14.4485265595237,193.559143675157));
#8761=CARTESIAN_POINT('Ctrl Pts',(-98.4241152566385,-14.4482305132452,193.650638986435));
#8762=CARTESIAN_POINT('Ctrl Pts',(-98.6668897405684,-14.6327254536626,193.389585692609));
#8763=CARTESIAN_POINT('Ctrl Pts',(-98.5916712893629,-14.6325417694029,193.481251457861));
#8764=CARTESIAN_POINT('Ctrl Pts',(-98.5164384441613,-14.6323510396824,193.572905498807));
#8765=CARTESIAN_POINT('Ctrl Pts',(-98.4411915288455,-14.6321536754968,193.664548079258));
#8766=CARTESIAN_POINT('Ctrl Pts',(-98.6834448702842,-14.8163627268313,193.403070300557));
#8767=CARTESIAN_POINT('Ctrl Pts',(-98.6083929902247,-14.8162708847015,193.494871742583));
#8768=CARTESIAN_POINT('Ctrl Pts',(-98.5333339131671,-14.8161755198412,193.586667322456));
#8769=CARTESIAN_POINT('Ctrl Pts',(-98.4582678010523,-14.8160768377484,193.678457172081));
#8770=CARTESIAN_POINT('Ctrl Pts',(-98.7000000000001,-15.,193.416554908505));
#8771=CARTESIAN_POINT('Ctrl Pts',(-98.6251146910865,-15.,193.508492027305));
#8772=CARTESIAN_POINT('Ctrl Pts',(-98.5502293821729,-15.,193.600429146105));
#8773=CARTESIAN_POINT('Ctrl Pts',(-98.4753440732593,-15.,193.692366264905));
#8774=CARTESIAN_POINT('Ctrl Pts',(-98.7000000000001,-15.,193.416554908505));
#8775=CARTESIAN_POINT('Ctrl Pts',(-98.6251146910865,-15.,193.508492027305));
#8776=CARTESIAN_POINT('Ctrl Pts',(-98.5502293821729,-15.,193.600429146105));
#8777=CARTESIAN_POINT('Ctrl Pts',(-98.4753440732593,-15.,193.692366264905));
#8778=CARTESIAN_POINT('Origin',(-93.5000000000001,0.,172.));
#8779=CARTESIAN_POINT('',(-97.7000000000001,-1.77635683940025E-14,148.2));
#8780=CARTESIAN_POINT('',(-93.5000000000001,-1.77635683940025E-14,148.2));
#8781=CARTESIAN_POINT('Origin',(-97.7000000000001,0.,172.));
#8782=CARTESIAN_POINT('Origin',(-97.7000000000001,19.0918830920367,191.091883092037));
#8783=CARTESIAN_POINT('',(-97.7000000000001,0.,146.143502884254));
#8784=CARTESIAN_POINT('',(-97.7000000000001,0.,145.));
#8785=CARTESIAN_POINT('Origin',(-97.7000000000001,0.,172.));
#8786=CARTESIAN_POINT('Origin',(-95.5282485578729,0.,172.));
#8787=CARTESIAN_POINT('',(-95.5282485578729,0.,143.971751442127));
#8788=CARTESIAN_POINT('Origin',(-95.6000000000001,0.,145.));
#8789=CARTESIAN_POINT('Origin',(-64.5,-15.0000000000001,248.5));
#8790=CARTESIAN_POINT('',(-64.5,-15.,278.5));
#8791=CARTESIAN_POINT('Origin',(-106.5,-15.0000000000001,248.5));
#8792=CARTESIAN_POINT('',(-106.5,-15.0000000000001,248.5));
#8793=CARTESIAN_POINT('Origin',(-64.5,-15.0000000000001,248.5));
#8794=CARTESIAN_POINT('',(-64.5,-15.,290.5));
#8795=CARTESIAN_POINT('Origin',(-92.5000000000001,0.,172.));
#8796=CARTESIAN_POINT('',(-92.5000000000001,-13.7698039201726,166.050840395484));
#8797=CARTESIAN_POINT('Ctrl Pts',(-94.5000000000001,-13.7698039201726,162.030421272692));
#8798=CARTESIAN_POINT('Ctrl Pts',(-94.5000000000001,-13.7698039201726,162.549279644198));
#8799=CARTESIAN_POINT('Ctrl Pts',(-94.4151698202014,-13.7698039201726,163.166103780025));
#8800=CARTESIAN_POINT('Ctrl Pts',(-94.161846219092,-13.7698039201726,164.129700566555));
#8801=CARTESIAN_POINT('Ctrl Pts',(-93.9576678051844,-13.7698039201726,164.66506369727));
#8802=CARTESIAN_POINT('Ctrl Pts',(-93.5525552230755,-13.7698039201726,165.355819047155));
#8803=CARTESIAN_POINT('Ctrl Pts',(-93.3204098564185,-13.7698039201726,165.666667787864));
#8804=CARTESIAN_POINT('Ctrl Pts',(-92.9733232582452,-13.7698039201725,165.913587451507));
#8805=CARTESIAN_POINT('Ctrl Pts',(-92.8651913804618,-13.7698039201726,165.972585950146));
#8806=CARTESIAN_POINT('Ctrl Pts',(-92.6868519810746,-13.7698039201726,166.032993916303));
#8807=CARTESIAN_POINT('Ctrl Pts',(-92.5856424497574,-13.7698039201726,166.050840395484));
#8808=CARTESIAN_POINT('Ctrl Pts',(-92.5000000000001,-13.7698039201726,166.050840395484));
#8809=CARTESIAN_POINT('',(-92.5000000000001,14.1421356237309,167.));
#8810=CARTESIAN_POINT('Ctrl Pts',(-92.5000000000001,14.1421356237309,167.));
#8811=CARTESIAN_POINT('Ctrl Pts',(-92.7425423477628,14.1421356237309,167.));
#8812=CARTESIAN_POINT('Ctrl Pts',(-93.027489063197,14.2014310503933,167.));
#8813=CARTESIAN_POINT('Ctrl Pts',(-93.4801343639797,14.3955303641016,167.));
#8814=CARTESIAN_POINT('Ctrl Pts',(-93.7261030520935,14.5672083969789,167.));
#8815=CARTESIAN_POINT('Ctrl Pts',(-94.0790195428215,14.932382131382,167.));
#8816=CARTESIAN_POINT('Ctrl Pts',(-94.2462575047468,15.1927510520943,167.));
#8817=CARTESIAN_POINT('Ctrl Pts',(-94.4403505665239,15.6758044984885,167.));
#8818=CARTESIAN_POINT('Ctrl Pts',(-94.5000000000001,15.9853645881481,167.));
#8819=CARTESIAN_POINT('Ctrl Pts',(-94.5000000000001,16.2480768092719,167.));
#8820=CARTESIAN_POINT('Origin',(-92.5000000000001,0.,172.));
#8821=CARTESIAN_POINT('Origin',(-94.5000000000001,0.,172.));
#8822=CARTESIAN_POINT('',(-87.5000000000001,14.1421356237309,167.));
#8823=CARTESIAN_POINT('',(-94.5000000000001,14.1421356237309,167.));
#8824=CARTESIAN_POINT('',(-87.5000000000001,-13.7698039201726,166.050840395484));
#8825=CARTESIAN_POINT('Origin',(-87.5000000000001,0.,172.));
#8826=CARTESIAN_POINT('',(-94.5000000000001,-13.7698039201726,166.050840395484));
#8827=CARTESIAN_POINT('Origin',(-92.5000000000001,0.,172.));
#8828=CARTESIAN_POINT('',(-92.5000000000001,14.1421356237309,177.));
#8829=CARTESIAN_POINT('Ctrl Pts',(-94.5000000000001,16.2480768092719,177.));
#8830=CARTESIAN_POINT('Ctrl Pts',(-94.5000000000001,15.9853645881481,177.));
#8831=CARTESIAN_POINT('Ctrl Pts',(-94.4403505665239,15.6758044984885,177.));
#8832=CARTESIAN_POINT('Ctrl Pts',(-94.2462575047468,15.1927510520943,177.));
#8833=CARTESIAN_POINT('Ctrl Pts',(-94.0790195428215,14.932382131382,177.));
#8834=CARTESIAN_POINT('Ctrl Pts',(-93.7261030520935,14.5672083969789,177.));
#8835=CARTESIAN_POINT('Ctrl Pts',(-93.4801343639797,14.3955303641016,177.));
#8836=CARTESIAN_POINT('Ctrl Pts',(-93.027489063197,14.2014310503933,177.));
#8837=CARTESIAN_POINT('Ctrl Pts',(-92.7425423477628,14.1421356237309,177.));
#8838=CARTESIAN_POINT('Ctrl Pts',(-92.5000000000001,14.1421356237309,177.));
#8839=CARTESIAN_POINT('',(-92.5000000000001,-13.7698039201727,177.949159604516));
#8840=CARTESIAN_POINT('Ctrl Pts',(-92.5000000000001,-13.7698039201727,177.949159604516));
#8841=CARTESIAN_POINT('Ctrl Pts',(-92.5856424497574,-13.7698039201727,177.949159604516));
#8842=CARTESIAN_POINT('Ctrl Pts',(-92.6868519810746,-13.7698039201726,177.967006083697));
#8843=CARTESIAN_POINT('Ctrl Pts',(-92.8651913804619,-13.7698039201726,178.027414049854));
#8844=CARTESIAN_POINT('Ctrl Pts',(-92.9733232582452,-13.7698039201726,178.086412548493));
#8845=CARTESIAN_POINT('Ctrl Pts',(-93.3204098564185,-13.7698039201726,178.333332212136));
#8846=CARTESIAN_POINT('Ctrl Pts',(-93.5525552230755,-13.7698039201726,178.644180952845));
#8847=CARTESIAN_POINT('Ctrl Pts',(-93.9576678051844,-13.7698039201726,179.33493630273));
#8848=CARTESIAN_POINT('Ctrl Pts',(-94.161846219092,-13.7698039201726,179.870299433445));
#8849=CARTESIAN_POINT('Ctrl Pts',(-94.4151698202014,-13.7698039201726,180.833896219975));
#8850=CARTESIAN_POINT('Ctrl Pts',(-94.5000000000001,-13.7698039201726,181.450720355802));
#8851=CARTESIAN_POINT('Ctrl Pts',(-94.5000000000001,-13.7698039201726,181.969578727308));
#8852=CARTESIAN_POINT('Origin',(-92.5000000000001,0.,172.));
#8853=CARTESIAN_POINT('Origin',(-94.5000000000001,0.,172.));
#8854=CARTESIAN_POINT('',(-87.5000000000001,-13.7698039201727,177.949159604516));
#8855=CARTESIAN_POINT('',(-94.5000000000001,-13.7698039201727,177.949159604516));
#8856=CARTESIAN_POINT('',(-87.5000000000001,14.1421356237309,177.));
#8857=CARTESIAN_POINT('Origin',(-87.5000000000002,0.,172.));
#8858=CARTESIAN_POINT('',(-94.5000000000001,14.1421356237309,177.));
#8859=CARTESIAN_POINT('Origin',(-100.5,8.24999999999999,172.));
#8860=CARTESIAN_POINT('',(-100.5,-15.,199.699277968929));
#8861=CARTESIAN_POINT('',(-100.5,15.,197.625));
#8862=CARTESIAN_POINT('Origin',(-83.9000000000001,0.,172.));
#8863=CARTESIAN_POINT('',(-83.5000000000001,14.2481577756565,167.));
#8864=CARTESIAN_POINT('',(-84.3000000000001,15.0933760305638,167.));
#8865=CARTESIAN_POINT('Ctrl Pts',(-83.5000000000001,14.2481577756564,167.));
#8866=CARTESIAN_POINT('Ctrl Pts',(-83.8884775177639,14.6598608611076,167.));
#8867=CARTESIAN_POINT('Ctrl Pts',(-84.3000000000001,15.0933760305638,167.));
#8868=CARTESIAN_POINT('',(-83.5000000000001,-13.7698039201726,165.803024931469));
#8869=CARTESIAN_POINT('Origin',(-83.5000000000001,0.,172.));
#8870=CARTESIAN_POINT('',(-84.3000000000001,-13.7698039201726,164.05));
#8871=CARTESIAN_POINT('Ctrl Pts',(-84.3000000000001,-13.7698039201726,164.05));
#8872=CARTESIAN_POINT('Ctrl Pts',(-83.8504339288655,-13.7698039201726,164.949132142269));
#8873=CARTESIAN_POINT('Ctrl Pts',(-83.5000000000001,-13.7698039201726,165.803024931469));
#8874=CARTESIAN_POINT('Origin',(-84.3000000000001,0.,172.));
#8875=CARTESIAN_POINT('Origin',(-83.5000000000001,0.186165851779165,162.));
#8876=CARTESIAN_POINT('',(-83.5000000000001,-13.7698039201726,167.));
#8877=CARTESIAN_POINT('',(-83.5000000000001,-15.0933760305639,167.));
#8878=CARTESIAN_POINT('',(-83.5000000000001,-13.7698039201726,179.95));
#8879=CARTESIAN_POINT('Origin',(-94.5000000000001,-13.7698039201726,166.050840395484));
#8880=CARTESIAN_POINT('',(-94.5000000000001,-13.7698039201726,167.));
#8881=CARTESIAN_POINT('',(-87.5000000000001,-13.7698039201726,165.803024931469));
#8882=CARTESIAN_POINT('',(-87.5000000000001,-13.7698039201726,179.95));
#8883=CARTESIAN_POINT('',(-86.7000000000001,-13.7698039201726,164.05));
#8884=CARTESIAN_POINT('Ctrl Pts',(-87.5000000000001,-13.7698039201726,165.803024931469));
#8885=CARTESIAN_POINT('Ctrl Pts',(-87.1495660711348,-13.7698039201726,164.949132142269));
#8886=CARTESIAN_POINT('Ctrl Pts',(-86.7000000000001,-13.7698039201726,164.05));
#8887=CARTESIAN_POINT('',(-83.5000000000001,-13.7698039201726,164.05));
#8888=CARTESIAN_POINT('Origin',(-87.1000000000002,0.,172.));
#8889=CARTESIAN_POINT('',(-86.7000000000001,15.0933760305638,167.));
#8890=CARTESIAN_POINT('',(-87.5000000000001,14.2481577756565,167.));
#8891=CARTESIAN_POINT('Ctrl Pts',(-86.7000000000001,15.0933760305638,167.));
#8892=CARTESIAN_POINT('Ctrl Pts',(-87.1115224822324,14.6598608611118,167.));
#8893=CARTESIAN_POINT('Ctrl Pts',(-87.5000000000001,14.2481577756565,167.));
#8894=CARTESIAN_POINT('Origin',(-86.7000000000001,0.,172.));
#8895=CARTESIAN_POINT('Origin',(-87.5000000000001,0.,172.));
#8896=CARTESIAN_POINT('Origin',(-87.5000000000001,0.661786055195606,161.55));
#8897=CARTESIAN_POINT('',(-87.5000000000001,-15.0933760305639,167.));
#8898=CARTESIAN_POINT('Origin',(-83.5000000000001,0.,172.));
#8899=CARTESIAN_POINT('',(-83.5000000000001,15.0933760305638,167.));
#8900=CARTESIAN_POINT('Origin',(-94.5000000000001,-13.7698039201726,167.));
#8901=CARTESIAN_POINT('Origin',(-87.3000000000002,0.,172.));
#8902=CARTESIAN_POINT('',(-87.1000000000002,-13.7698039201726,179.95));
#8903=CARTESIAN_POINT('',(-87.5000000000001,-13.7698039201726,179.116354403766));
#8904=CARTESIAN_POINT('Ctrl Pts',(-87.1000000000002,-13.7698039201726,179.95));
#8905=CARTESIAN_POINT('Ctrl Pts',(-87.3110663213396,-13.7698039201726,179.527867357321));
#8906=CARTESIAN_POINT('Ctrl Pts',(-87.5000000000001,-13.7698039201726,179.116354403766));
#8907=CARTESIAN_POINT('',(-87.1000000000002,15.0933760305638,177.));
#8908=CARTESIAN_POINT('Origin',(-87.1000000000002,0.,172.));
#8909=CARTESIAN_POINT('',(-87.5000000000001,14.6714007511212,177.));
#8910=CARTESIAN_POINT('Ctrl Pts',(-87.5000000000001,14.6714007511212,177.));
#8911=CARTESIAN_POINT('Ctrl Pts',(-87.3028354003137,14.879700650155,177.));
#8912=CARTESIAN_POINT('Ctrl Pts',(-87.1000000000002,15.0933760305638,177.));
#8913=CARTESIAN_POINT('Origin',(-87.5000000000002,0.,172.));
#8914=CARTESIAN_POINT('Origin',(-83.5000000000001,0.,172.));
#8915=CARTESIAN_POINT('',(-84.3000000000001,-13.7698039201726,179.95));
#8916=CARTESIAN_POINT('',(-83.5000000000001,-13.7698039201726,179.95));
#8917=CARTESIAN_POINT('',(-84.3000000000001,15.0933760305638,177.));
#8918=CARTESIAN_POINT('Origin',(-84.3000000000001,0.,172.));
#8919=CARTESIAN_POINT('',(-83.5000000000001,15.0933760305638,177.));
#8920=CARTESIAN_POINT('Origin',(-94.5000000000001,14.1421356237309,177.));
#8921=CARTESIAN_POINT('',(-83.5000000000001,14.2481577756564,177.));
#8922=CARTESIAN_POINT('Ctrl Pts',(-84.3000000000001,15.0933760305638,177.));
#8923=CARTESIAN_POINT('Ctrl Pts',(-83.8884775177639,14.6598608611076,177.));
#8924=CARTESIAN_POINT('Ctrl Pts',(-83.5000000000001,14.2481577756564,177.));
#8925=CARTESIAN_POINT('',(-83.5000000000001,-13.7698039201726,177.));
#8926=CARTESIAN_POINT('',(-83.5000000000001,-15.0933760305639,177.));
#8927=CARTESIAN_POINT('',(-94.5000000000001,-13.7698039201726,177.));
#8928=CARTESIAN_POINT('',(-87.5000000000001,-15.0933760305639,177.));
#8929=CARTESIAN_POINT('Origin',(-83.9000000000001,0.,172.));
#8930=CARTESIAN_POINT('',(-83.5000000000001,-13.7698039201726,178.196975068531));
#8931=CARTESIAN_POINT('Ctrl Pts',(-83.5000000000001,-13.7698039201726,178.196975068531));
#8932=CARTESIAN_POINT('Ctrl Pts',(-83.8504339288655,-13.7698039201726,179.050867857731));
#8933=CARTESIAN_POINT('Ctrl Pts',(-84.3000000000001,-13.7698039201726,179.95));
#8934=CARTESIAN_POINT('Origin',(-83.5000000000002,0.,172.));
#8935=CARTESIAN_POINT('Origin',(-87.5000000000002,0.661786055195588,182.45));
#8936=CARTESIAN_POINT('',(-87.5000000000001,-13.7698039201726,179.95));
#8937=CARTESIAN_POINT('Origin',(-94.5000000000001,-13.7698039201726,177.));
#8938=CARTESIAN_POINT('',(-83.5000000000001,-13.7698039201726,179.95));
#8939=CARTESIAN_POINT('Origin',(-83.5000000000002,0.186165851779183,182.));
#8940=CARTESIAN_POINT('Origin',(96.5000000000001,1.77635683940025E-14,172.));
#8941=CARTESIAN_POINT('',(97.9641016151379,15.,199.383196954757));
#8942=CARTESIAN_POINT('',(100.5,15.,195.048861143232));
#8943=CARTESIAN_POINT('Ctrl Pts',(100.5,15.,195.048861143232));
#8944=CARTESIAN_POINT('Ctrl Pts',(100.5,15.,195.355654976359));
#8945=CARTESIAN_POINT('Ctrl Pts',(100.473656177076,15.,195.691328549974));
#8946=CARTESIAN_POINT('Ctrl Pts',(100.356503167229,15.,196.350894761113));
#8947=CARTESIAN_POINT('Ctrl Pts',(100.265502801187,15.,196.674753426861));
#8948=CARTESIAN_POINT('Ctrl Pts',(100.058226249499,15.,197.21997162305));
#8949=CARTESIAN_POINT('Ctrl Pts',(99.9279871727029,15.,197.494031371601));
#8950=CARTESIAN_POINT('Ctrl Pts',(99.6145784435579,15.,198.009475025417));
#8951=CARTESIAN_POINT('Ctrl Pts',(99.4312074876458,15.,198.250736503776));
#8952=CARTESIAN_POINT('Ctrl Pts',(99.0728311390298,15.,198.639078202196));
#8953=CARTESIAN_POINT('Ctrl Pts',(98.8685146716879,15.,198.825184863778));
#8954=CARTESIAN_POINT('Ctrl Pts',(98.4275904187529,15.,199.145998343528));
#8955=CARTESIAN_POINT('Ctrl Pts',(98.1913772576333,15.,199.281271839723));
#8956=CARTESIAN_POINT('Ctrl Pts',(97.9641016151379,15.,199.383196954757));
#8957=CARTESIAN_POINT('',(100.5,-15.,148.951138856768));
#8958=CARTESIAN_POINT('Origin',(100.5,1.77635683940025E-14,172.));
#8959=CARTESIAN_POINT('',(96.5000000000001,-15.,144.300722031071));
#8960=CARTESIAN_POINT('Ctrl Pts',(100.5,-15.,148.951138856768));
#8961=CARTESIAN_POINT('Ctrl Pts',(100.5,-15.,148.655587802389));
#8962=CARTESIAN_POINT('Ctrl Pts',(100.475546835566,-15.,148.332091187555));
#8963=CARTESIAN_POINT('Ctrl Pts',(100.366794872354,-15.,147.695603184675));
#8964=CARTESIAN_POINT('Ctrl Pts',(100.282324236468,-15.,147.382641169093));
#8965=CARTESIAN_POINT('Ctrl Pts',(100.089665641641,-15.,146.853508988168));
#8966=CARTESIAN_POINT('Ctrl Pts',(99.9681929359519,-15.,146.586127372265));
#8967=CARTESIAN_POINT('Ctrl Pts',(99.6754261176393,-15.,146.0806359373));
#8968=CARTESIAN_POINT('Ctrl Pts',(99.5039465433487,-15.,145.842633555285));
#8969=CARTESIAN_POINT('Ctrl Pts',(99.155940341408,-15.,145.442225551525));
#8970=CARTESIAN_POINT('Ctrl Pts',(98.9480786047928,-15.,145.242317820329));
#8971=CARTESIAN_POINT('Ctrl Pts',(98.4930244063455,-15.,144.89467126939));
#8972=CARTESIAN_POINT('Ctrl Pts',(98.2457035510169,-15.,144.747100543318));
#8973=CARTESIAN_POINT('Ctrl Pts',(97.7850494698463,-15.,144.533410914807));
#8974=CARTESIAN_POINT('Ctrl Pts',(97.5318191261051,-15.,144.444417984253));
#8975=CARTESIAN_POINT('Ctrl Pts',(97.0117350182821,-15.,144.328034615254));
#8976=CARTESIAN_POINT('Ctrl Pts',(96.7448638351904,-15.,144.300722031071));
#8977=CARTESIAN_POINT('Ctrl Pts',(96.5000000000002,-15.,144.300722031071));
#8978=CARTESIAN_POINT('',(96.500000014206,13.7016903776407,200.363950373586));
#8979=CARTESIAN_POINT('Origin',(96.5000000000001,1.77635683940025E-14,172.));
#8980=CARTESIAN_POINT('Ctrl Pts',(97.9641016151386,15.0000000000004,199.383196954756));
#8981=CARTESIAN_POINT('Ctrl Pts',(97.5653265226598,14.7255152010492,199.71239113605));
#8982=CARTESIAN_POINT('Ctrl Pts',(97.1555348197603,14.3903161789357,199.986503636737));
#8983=CARTESIAN_POINT('Ctrl Pts',(96.6703650634395,13.8902735322433,200.269308689931));
#8984=CARTESIAN_POINT('Ctrl Pts',(96.584182351158,13.7971441585675,200.317839794881));
#8985=CARTESIAN_POINT('Ctrl Pts',(96.5000000229191,13.7016903714124,200.363950376595));
#8986=CARTESIAN_POINT('Origin',(94.5000000000001,1.77635683940025E-14,172.));
#8987=CARTESIAN_POINT('',(94.5000000000001,-15.,144.300722031071));
#8988=CARTESIAN_POINT('',(94.5000000000001,-15.,144.300722031071));
#8989=CARTESIAN_POINT('',(94.5000000000001,8.41018772329562,202.356527180475));
#8990=CARTESIAN_POINT('Origin',(94.5000000000001,1.77635683940025E-14,172.));
#8991=CARTESIAN_POINT('Ctrl Pts',(94.5000000000001,8.41018772329564,202.356527180475));
#8992=CARTESIAN_POINT('Ctrl Pts',(94.5000000000002,9.45341617574832,202.067503766458));
#8993=CARTESIAN_POINT('Ctrl Pts',(94.7149756058277,10.5468886608116,201.701168489643));
#8994=CARTESIAN_POINT('Ctrl Pts',(95.4779687252007,12.3396348442337,200.995109541379));
#8995=CARTESIAN_POINT('Ctrl Pts',(95.9484027417808,13.0762378498367,200.666085892941));
#8996=CARTESIAN_POINT('Ctrl Pts',(96.500000022918,13.7016903714111,200.363950376596));
#8997=CARTESIAN_POINT('Origin',(94.5000000000002,-15.,199.699277968929));
#8998=CARTESIAN_POINT('',(100.5,-15.,168.990381056767));
#8999=CARTESIAN_POINT('',(100.5,-15.,199.699277968929));
#9000=CARTESIAN_POINT('',(103.035898384862,-15.,168.990381056767));
#9001=CARTESIAN_POINT('',(100.5,-15.,168.990381056767));
#9002=CARTESIAN_POINT('',(103.035898384862,-15.,248.5));
#9003=CARTESIAN_POINT('',(103.035898384862,-15.,224.099638984465));
#9004=CARTESIAN_POINT('',(64.5,-15.,287.035898384862));
#9005=CARTESIAN_POINT('Origin',(64.5,-15.,248.5));
#9006=CARTESIAN_POINT('',(47.2500000000001,-15.,287.035898384862));
#9007=CARTESIAN_POINT('',(64.5,-15.,281.964101615138));
#9008=CARTESIAN_POINT('',(79.5000000000001,-15.,281.964101615138));
#9009=CARTESIAN_POINT('',(97.9641016151378,-15.0000000000001,248.5));
#9010=CARTESIAN_POINT('Origin',(64.5,-15.0000000000001,248.5));
#9011=CARTESIAN_POINT('',(97.9641016151379,-15.,194.31698230065));
#9012=CARTESIAN_POINT('',(97.9641016151379,-15.,185.849638984465));
#9013=CARTESIAN_POINT('',(98.4753440732593,-15.,193.692366264905));
#9014=CARTESIAN_POINT('Ctrl Pts',(98.4753440732593,-15.,193.692366264905));
#9015=CARTESIAN_POINT('Ctrl Pts',(98.3083943432962,-15.,193.897331395982));
#9016=CARTESIAN_POINT('Ctrl Pts',(98.1380604551007,-15.,194.105455193459));
#9017=CARTESIAN_POINT('Ctrl Pts',(97.9641371290124,-15.,194.316947058636));
#9018=CARTESIAN_POINT('',(98.7000000000002,-15.,193.416554908505));
#9019=CARTESIAN_POINT('Ctrl Pts',(98.7000000000001,-15.,193.416554908505));
#9020=CARTESIAN_POINT('Ctrl Pts',(98.6251146910865,-15.,193.508492027305));
#9021=CARTESIAN_POINT('Ctrl Pts',(98.5502293821729,-15.,193.600429146105));
#9022=CARTESIAN_POINT('Ctrl Pts',(98.4753440732593,-15.,193.692366264905));
#9023=CARTESIAN_POINT('',(98.7000000000001,-15.,189.478095139922));
#9024=CARTESIAN_POINT('',(98.7000000000001,-15.,195.395580530483));
#9025=CARTESIAN_POINT('',(94.5000000000002,-15.,189.478095139922));
#9026=CARTESIAN_POINT('',(93.5000000000001,-15.,189.478095139922));
#9027=CARTESIAN_POINT('',(94.5000000000002,-15.,199.699277968929));
#9028=CARTESIAN_POINT('Origin',(102.5,-8.41018772329559,185.849638984465));
#9029=CARTESIAN_POINT('',(96.0425385293138,-13.1326014599459,196.177524609708));
#9030=CARTESIAN_POINT('Ctrl Pts',(96.0425385446697,-13.1326014655382,196.177524583758));
#9031=CARTESIAN_POINT('Ctrl Pts',(96.16417892914,-13.2989333748111,196.076615430149));
#9032=CARTESIAN_POINT('Ctrl Pts',(96.2898866221857,-13.4573377516917,195.96799287824));
#9033=CARTESIAN_POINT('Ctrl Pts',(96.4187343191196,-13.608068994666,195.852673732466));
#9034=CARTESIAN_POINT('Ctrl Pts',(96.541145713401,-13.7512707906881,195.743115100395));
#9035=CARTESIAN_POINT('Ctrl Pts',(96.6663909134067,-13.8875470467312,195.62751317822));
#9036=CARTESIAN_POINT('Ctrl Pts',(96.7937197132082,-14.0171248662076,195.506731734542));
#9037=CARTESIAN_POINT('Ctrl Pts',(96.914636266217,-14.1401771788181,195.392032814425));
#9038=CARTESIAN_POINT('Ctrl Pts',(97.037431790466,-14.2571888382347,195.272663446833));
#9039=CARTESIAN_POINT('Ctrl Pts',(97.1615079153565,-14.3683608181463,195.149345421604));
#9040=CARTESIAN_POINT('Ctrl Pts',(97.1821411673454,-14.3868481740147,195.128838237877));
#9041=CARTESIAN_POINT('Ctrl Pts',(97.2028099372743,-14.4051740522432,195.108221806148));
#9042=CARTESIAN_POINT('Ctrl Pts',(97.2235116002018,-14.4233393925817,195.087499380378));
#9043=CARTESIAN_POINT('Ctrl Pts',(97.3460596505259,-14.5308731230723,194.964828419841));
#9044=CARTESIAN_POINT('Ctrl Pts',(97.4698721241088,-14.6328875111716,194.838331110293));
#9045=CARTESIAN_POINT('Ctrl Pts',(97.594466412208,-14.7296106635179,194.708623773685));
#9046=CARTESIAN_POINT('Ctrl Pts',(97.7170725406961,-14.8247903978802,194.580986185955));
#9047=CARTESIAN_POINT('Ctrl Pts',(97.8404356653034,-14.9148464595536,194.450240474862));
#9048=CARTESIAN_POINT('Ctrl Pts',(97.9641371290124,-15.,194.316947058636));
#9049=CARTESIAN_POINT('',(94.5,-8.4101877232956,248.5));
#9050=CARTESIAN_POINT('Origin',(102.5,-8.4101877232956,248.5));
#9051=CARTESIAN_POINT('',(94.5000000000001,-8.41018772329564,199.812744688295));
#9052=CARTESIAN_POINT('',(94.5000000000001,-8.41018772329559,185.849638984465));
#9053=CARTESIAN_POINT('Ctrl Pts',(94.5000000000001,-8.41018772329563,199.812744688295));
#9054=CARTESIAN_POINT('Ctrl Pts',(94.5000000000001,-8.80818732106817,199.692395137447));
#9055=CARTESIAN_POINT('Ctrl Pts',(94.5302507315655,-9.20307957879315,199.531841414306));
#9056=CARTESIAN_POINT('Ctrl Pts',(94.6851527373154,-10.2505413423272,199.000657046867));
#9057=CARTESIAN_POINT('Ctrl Pts',(94.8662321312585,-10.8656702355563,198.561017518887));
#9058=CARTESIAN_POINT('Ctrl Pts',(95.3358813959225,-12.0415260799409,197.536446122718));
#9059=CARTESIAN_POINT('Ctrl Pts',(95.6680635789914,-12.6205417857037,196.88181357397));
#9060=CARTESIAN_POINT('Ctrl Pts',(96.0425385334619,-13.1326014502125,196.177524604837));
#9061=CARTESIAN_POINT('Origin',(64.5,-8.4101877232956,248.5));
#9062=CARTESIAN_POINT('',(64.5,-8.41018772329557,278.5));
#9063=CARTESIAN_POINT('Origin',(64.5,-8.41018772329559,286.5));
#9064=CARTESIAN_POINT('Origin',(64.5,-8.4101877232956,248.5));
#9065=CARTESIAN_POINT('Origin',(79.5000000000001,-8.41018772329566,286.5));
#9066=CARTESIAN_POINT('',(-79.5000000000001,-8.41018772329559,278.5));
#9067=CARTESIAN_POINT('Origin',(64.5,-15.,278.5));
#9068=CARTESIAN_POINT('',(64.5,8.41018772329562,278.5));
#9069=CARTESIAN_POINT('',(-58.875,8.41018772329559,278.5));
#9070=CARTESIAN_POINT('',(64.5,-15.,278.5));
#9071=CARTESIAN_POINT('Origin',(58.875,8.41018772329559,286.5));
#9072=CARTESIAN_POINT('',(64.5,15.,281.964101615138));
#9073=CARTESIAN_POINT('',(-58.875,14.9999999999999,281.964101615138));
#9074=CARTESIAN_POINT('Origin',(64.5,8.41018772329559,286.5));
#9075=CARTESIAN_POINT('Origin',(64.5,8.41018772329555,248.5));
#9076=CARTESIAN_POINT('',(97.9641016151377,15.,248.5));
#9077=CARTESIAN_POINT('',(94.5,8.41018772329555,248.5));
#9078=CARTESIAN_POINT('Origin',(102.5,8.41018772329555,248.5));
#9079=CARTESIAN_POINT('Origin',(64.5,8.41018772329555,248.5));
#9080=CARTESIAN_POINT('Origin',(64.5,15.,248.5));
#9081=CARTESIAN_POINT('Origin',(102.5,8.41018772329557,197.625));
#9082=CARTESIAN_POINT('',(94.5000000000001,8.41018772329559,197.625));
#9083=CARTESIAN_POINT('',(97.9641016151379,15.,197.625));
#9084=CARTESIAN_POINT('Origin',(94.5000000000001,8.24999999999998,172.));
#9085=CARTESIAN_POINT('',(94.5,-15.0000000000001,248.5));
#9086=CARTESIAN_POINT('',(94.5000000000001,-13.3956277890985,191.672243291906));
#9087=CARTESIAN_POINT('',(94.5000000000001,-14.7126803710511,189.871035025444));
#9088=CARTESIAN_POINT('',(94.5000000000001,-7.105427357601E-14,148.2));
#9089=CARTESIAN_POINT('Origin',(94.5000000000001,1.77635683940025E-14,172.));
#9090=CARTESIAN_POINT('',(94.5000000000001,0.,142.943502884254));
#9091=CARTESIAN_POINT('',(94.5000000000001,-3.5527136788005E-14,158.5));
#9092=CARTESIAN_POINT('Origin',(94.5000000000001,1.77635683940025E-14,172.));
#9093=CARTESIAN_POINT('',(94.5000000000001,-13.7698039201726,181.969578727308));
#9094=CARTESIAN_POINT('',(94.5000000000001,16.2480768092719,177.));
#9095=CARTESIAN_POINT('Origin',(94.5000000000001,1.77635683940025E-14,172.));
#9096=CARTESIAN_POINT('',(94.5000000000001,-13.7698039201726,177.));
#9097=CARTESIAN_POINT('',(94.5000000000001,-13.7698039201726,179.95));
#9098=CARTESIAN_POINT('',(94.5000000000001,-15.0933760305638,177.));
#9099=CARTESIAN_POINT('',(94.5000000000001,16.2480768092719,167.));
#9100=CARTESIAN_POINT('',(94.5000000000001,-13.7698039201726,162.030421272692));
#9101=CARTESIAN_POINT('Origin',(94.5000000000001,1.77635683940025E-14,172.));
#9102=CARTESIAN_POINT('',(94.5000000000001,-13.7698039201726,167.));
#9103=CARTESIAN_POINT('',(94.5000000000001,-15.0933760305639,167.));
#9104=CARTESIAN_POINT('',(94.5000000000001,-13.7698039201726,179.95));
#9105=CARTESIAN_POINT('Origin',(53.25,15.,223.25));
#9106=CARTESIAN_POINT('',(64.5,15.,287.035898384862));
#9107=CARTESIAN_POINT('',(-26.625,15.,287.035898384862));
#9108=CARTESIAN_POINT('',(103.035898384862,15.,248.5));
#9109=CARTESIAN_POINT('Origin',(64.5,15.,248.5));
#9110=CARTESIAN_POINT('',(103.035898384862,15.,173.009618943233));
#9111=CARTESIAN_POINT('',(103.035898384862,15.,235.875));
#9112=CARTESIAN_POINT('',(100.5,15.,173.009618943233));
#9113=CARTESIAN_POINT('',(53.25,15.,173.009618943233));
#9114=CARTESIAN_POINT('',(100.5,15.,197.625));
#9115=CARTESIAN_POINT('Ctrl Pts',(98.3043368234909,-13.1581346464703,193.553076162142));
#9116=CARTESIAN_POINT('Ctrl Pts',(97.61063869835,-13.1491962830681,194.371288296085));
#9117=CARTESIAN_POINT('Ctrl Pts',(96.8612931868172,-13.1406843506514,195.241393569622));
#9118=CARTESIAN_POINT('Ctrl Pts',(96.0425385251316,-13.1326014653453,196.177524606097));
#9119=CARTESIAN_POINT('Ctrl Pts',(98.3613392400804,-13.7720897643135,193.599506196396));
#9120=CARTESIAN_POINT('Ctrl Pts',(97.6727993291022,-13.7661308553788,194.422533892101));
#9121=CARTESIAN_POINT('Ctrl Pts',(96.9285444215481,-13.7604562337676,195.297533290329));
#9122=CARTESIAN_POINT('Ctrl Pts',(96.114812403733,-13.7550676435635,196.238605855156));
#9123=CARTESIAN_POINT('Ctrl Pts',(98.4183416566698,-14.3860448821568,193.645936230651));
#9124=CARTESIAN_POINT('Ctrl Pts',(97.7349599598544,-14.3830654276894,194.473779488117));
#9125=CARTESIAN_POINT('Ctrl Pts',(96.995795656279,-14.3802281168838,195.353673011037));
#9126=CARTESIAN_POINT('Ctrl Pts',(96.1870862823343,-14.3775338217818,196.299687104216));
#9127=CARTESIAN_POINT('Ctrl Pts',(98.4753440732593,-15.,193.692366264905));
#9128=CARTESIAN_POINT('Ctrl Pts',(97.7971205906065,-15.,194.525025084133));
#9129=CARTESIAN_POINT('Ctrl Pts',(97.0630468910099,-15.,195.409812731744));
#9130=CARTESIAN_POINT('Ctrl Pts',(96.2593601609357,-15.,196.360768353275));
#9131=CARTESIAN_POINT('',(97.7000000000001,-13.150628494046,194.262511388164));
#9132=CARTESIAN_POINT('Ctrl Pts',(96.0425385251316,-13.1326014653453,196.177524606097));
#9133=CARTESIAN_POINT('Ctrl Pts',(96.6289610592791,-13.1383907283642,195.507032747677));
#9134=CARTESIAN_POINT('Ctrl Pts',(97.1797769974914,-13.1444000907082,194.870411822081));
#9135=CARTESIAN_POINT('Ctrl Pts',(97.7000427778358,-13.1506285911433,194.262469127567));
#9136=CARTESIAN_POINT('',(97.7757698393408,-13.1515396786823,194.173923941883));
#9137=CARTESIAN_POINT('Ctrl Pts',(97.7758059401108,-13.1515397609799,194.173888279188));
#9138=CARTESIAN_POINT('Ctrl Pts',(97.7506235601093,-13.151235518472,194.203347667706));
#9139=CARTESIAN_POINT('Ctrl Pts',(97.7253693671209,-13.1509317951562,194.232874417489));
#9140=CARTESIAN_POINT('Ctrl Pts',(97.7000427778358,-13.1506285911433,194.262469127567));
#9141=CARTESIAN_POINT('',(98.4241152566422,-14.448230513284,193.650638986437));
#9142=CARTESIAN_POINT('Ctrl Pts',(98.4241152566383,-14.4482305132452,193.650638986435));
#9143=CARTESIAN_POINT('Ctrl Pts',(98.3629722578991,-14.3259350230509,193.701822357506));
#9144=CARTESIAN_POINT('Ctrl Pts',(98.3012276463666,-14.2024517066622,193.752968694064));
#9145=CARTESIAN_POINT('Ctrl Pts',(98.2393179077441,-14.0786265497251,193.803710398724));
#9146=CARTESIAN_POINT('Ctrl Pts',(98.0852940665483,-13.7705647369556,193.929949540325));
#9147=CARTESIAN_POINT('Ctrl Pts',(97.9307302344957,-13.4614109172443,194.053315956387));
#9148=CARTESIAN_POINT('Ctrl Pts',(97.7758059399089,-13.1515397609775,194.173888279424));
#9149=CARTESIAN_POINT('Ctrl Pts',(98.4753440732593,-15.,193.692366264905));
#9150=CARTESIAN_POINT('Ctrl Pts',(98.4582678010536,-14.8160768377613,193.678457172082));
#9151=CARTESIAN_POINT('Ctrl Pts',(98.4411915288479,-14.6321536755227,193.66454807926));
#9152=CARTESIAN_POINT('Ctrl Pts',(98.4241152566422,-14.448230513284,193.650638986437));
#9153=CARTESIAN_POINT('Origin',(98.5,-24.6323926247186,198.85379903464));
#9154=CARTESIAN_POINT('',(103.035898384862,-12.9903810567666,165.509618943233));
#9155=CARTESIAN_POINT('',(103.035898384862,-30.3393374625152,195.558892896288));
#9156=CARTESIAN_POINT('',(106.5,-7.28343621897007,168.804525081586));
#9157=CARTESIAN_POINT('Origin',(98.5,-7.28343621897007,168.804525081586));
#9158=CARTESIAN_POINT('',(106.5,-8.41018772329562,170.756115934582));
#9159=CARTESIAN_POINT('',(106.5,-24.6323926247186,198.85379903464));
#9160=CARTESIAN_POINT('Origin',(98.5,-8.41018772329562,170.756115934582));
#9161=CARTESIAN_POINT('Origin',(98.5,-8.4101877232956,224.099638984465));
#9162=CARTESIAN_POINT('',(106.5,-8.41018772329562,248.5));
#9163=CARTESIAN_POINT('',(106.5,-8.4101877232956,224.099638984465));
#9164=CARTESIAN_POINT('Origin',(98.5,-8.41018772329562,248.5));
#9165=CARTESIAN_POINT('Origin',(64.5,-8.41018772329555,248.5));
#9166=CARTESIAN_POINT('',(64.5,-8.4101877232956,290.5));
#9167=CARTESIAN_POINT('Origin',(64.5,-8.41018772329562,282.5));
#9168=CARTESIAN_POINT('Origin',(64.5,-8.41018772329555,248.5));
#9169=CARTESIAN_POINT('Origin',(98.5,-5.32907051820075E-14,173.009618943233));
#9170=CARTESIAN_POINT('',(106.5,8.41018772329557,173.009618943233));
#9171=CARTESIAN_POINT('Origin',(98.5,8.41018772329557,173.009618943233));
#9172=CARTESIAN_POINT('Origin',(106.5,-5.32907051820075E-14,173.009618943233));
#9173=CARTESIAN_POINT('Origin',(103.035898384862,-5.32907051820075E-14,
173.009618943233));
#9174=CARTESIAN_POINT('Origin',(47.2500000000001,-8.41018772329562,282.5));
#9175=CARTESIAN_POINT('',(47.2500000000001,-8.41018772329564,290.5));
#9176=CARTESIAN_POINT('Origin',(98.5,8.41018772329557,235.875));
#9177=CARTESIAN_POINT('',(106.5,8.41018772329557,248.5));
#9178=CARTESIAN_POINT('Origin',(98.5,8.41018772329555,248.5));
#9179=CARTESIAN_POINT('',(106.5,8.41018772329557,235.875));
#9180=CARTESIAN_POINT('Origin',(64.5,8.41018772329555,248.5));
#9181=CARTESIAN_POINT('',(64.5,8.41018772329555,290.5));
#9182=CARTESIAN_POINT('Origin',(64.5,8.41018772329557,282.5));
#9183=CARTESIAN_POINT('Origin',(64.5,8.41018772329555,248.5));
#9184=CARTESIAN_POINT('Origin',(26.625,8.41018772329559,282.5));
#9185=CARTESIAN_POINT('',(26.625,8.4101877232956,290.5));
#9186=CARTESIAN_POINT('Origin',(53.25,-5.32907051820075E-14,173.009618943233));
#9187=CARTESIAN_POINT('',(100.5,-12.9903810567666,165.509618943233));
#9188=CARTESIAN_POINT('',(53.25,-12.9903810567666,165.509618943233));
#9189=CARTESIAN_POINT('Origin',(100.5,-5.32907051820075E-14,173.009618943233));
#9190=CARTESIAN_POINT('Origin',(100.5,-11.25,162.495190528383));
#9191=CARTESIAN_POINT('',(100.5,-10.8703516151378,161.83762023679));
#9192=CARTESIAN_POINT('Origin',(93.5000000000001,-14.1978138945493,190.575169215914));
#9193=CARTESIAN_POINT('',(97.8978138945494,-13.3956277890985,191.672243291906));
#9194=CARTESIAN_POINT('',(93.5000000000001,-13.3956277890985,191.672243291906));
#9195=CARTESIAN_POINT('',(98.7000000000001,-15.,189.478095139922));
#9196=CARTESIAN_POINT('Origin',(98.2000000000001,-14.,195.395580530483));
#9197=CARTESIAN_POINT('Ctrl Pts',(98.7000000000001,-15.,193.416554908505));
#9198=CARTESIAN_POINT('Ctrl Pts',(98.6103159158571,-14.8206318317139,193.493637117334));
#9199=CARTESIAN_POINT('Ctrl Pts',(98.5178951191403,-14.6357902382802,193.572133238114));
#9200=CARTESIAN_POINT('Ctrl Pts',(98.4241152566421,-14.4482305132839,193.650638986438));
#9201=CARTESIAN_POINT('',(97.7000000000001,-13.,194.350804081656));
#9202=CARTESIAN_POINT('Origin',(80.4145009614185,21.5709980771634,172.));
#9203=CARTESIAN_POINT('',(97.7000000000001,-13.,191.935897271003));
#9204=CARTESIAN_POINT('',(97.7000000000001,-13.,195.395580530483));
#9205=CARTESIAN_POINT('Origin',(91.2000000000002,1.77635683940025E-14,172.));
#9206=CARTESIAN_POINT('Ctrl Pts',(98.6503346108526,-14.4490881804939,193.376101084661));
#9207=CARTESIAN_POINT('Ctrl Pts',(98.5749495885012,-14.4488126541044,193.467631173138));
#9208=CARTESIAN_POINT('Ctrl Pts',(98.4995429751555,-14.4485265595237,193.559143675157));
#9209=CARTESIAN_POINT('Ctrl Pts',(98.4241152566385,-14.4482305132452,193.650638986435));
#9210=CARTESIAN_POINT('Ctrl Pts',(98.6668897405684,-14.6327254536626,193.389585692609));
#9211=CARTESIAN_POINT('Ctrl Pts',(98.5916712893629,-14.6325417694029,193.481251457861));
#9212=CARTESIAN_POINT('Ctrl Pts',(98.5164384441613,-14.6323510396824,193.572905498807));
#9213=CARTESIAN_POINT('Ctrl Pts',(98.4411915288455,-14.6321536754968,193.664548079258));
#9214=CARTESIAN_POINT('Ctrl Pts',(98.6834448702842,-14.8163627268313,193.403070300557));
#9215=CARTESIAN_POINT('Ctrl Pts',(98.6083929902247,-14.8162708847015,193.494871742583));
#9216=CARTESIAN_POINT('Ctrl Pts',(98.5333339131671,-14.8161755198412,193.586667322456));
#9217=CARTESIAN_POINT('Ctrl Pts',(98.4582678010523,-14.8160768377484,193.678457172081));
#9218=CARTESIAN_POINT('Ctrl Pts',(98.7000000000001,-15.,193.416554908505));
#9219=CARTESIAN_POINT('Ctrl Pts',(98.6251146910865,-15.,193.508492027305));
#9220=CARTESIAN_POINT('Ctrl Pts',(98.5502293821729,-15.,193.600429146105));
#9221=CARTESIAN_POINT('Ctrl Pts',(98.4753440732593,-15.,193.692366264905));
#9222=CARTESIAN_POINT('Origin',(93.5000000000001,1.77635683940025E-14,172.));
#9223=CARTESIAN_POINT('',(97.7000000000001,-7.105427357601E-14,148.2));
#9224=CARTESIAN_POINT('Origin',(97.7000000000001,1.77635683940025E-14,172.));
#9225=CARTESIAN_POINT('',(93.5000000000001,-7.105427357601E-14,148.2));
#9226=CARTESIAN_POINT('Origin',(97.7000000000001,19.0918830920367,191.091883092037));
#9227=CARTESIAN_POINT('',(97.7000000000001,-1.77635683940025E-14,146.143502884254));
#9228=CARTESIAN_POINT('Origin',(97.7000000000001,1.77635683940025E-14,172.));
#9229=CARTESIAN_POINT('',(97.7000000000001,-1.77635683940025E-14,145.));
#9230=CARTESIAN_POINT('Origin',(95.5282485578729,1.77635683940025E-14,172.));
#9231=CARTESIAN_POINT('',(95.5282485578729,-1.77635683940025E-14,143.971751442127));
#9232=CARTESIAN_POINT('Origin',(95.6000000000001,-1.77635683940025E-14,
145.));
#9233=CARTESIAN_POINT('Origin',(64.5,-15.0000000000001,248.5));
#9234=CARTESIAN_POINT('Origin',(106.5,-15.,248.5));
#9235=CARTESIAN_POINT('',(106.5,-15.,248.5));
#9236=CARTESIAN_POINT('Origin',(64.5,-15.,248.5));
#9237=CARTESIAN_POINT('',(64.5,-15.,290.5));
#9238=CARTESIAN_POINT('Origin',(-9.29239900377413E-15,-15.,290.5));
#9239=CARTESIAN_POINT('Origin',(92.5000000000001,1.77635683940025E-14,172.));
#9240=CARTESIAN_POINT('',(92.5000000000001,-13.7698039201726,166.050840395484));
#9241=CARTESIAN_POINT('Ctrl Pts',(94.5000000000001,-13.7698039201726,162.030421272692));
#9242=CARTESIAN_POINT('Ctrl Pts',(94.5000000000001,-13.7698039201726,162.549279644198));
#9243=CARTESIAN_POINT('Ctrl Pts',(94.4151698202014,-13.7698039201726,163.166103780025));
#9244=CARTESIAN_POINT('Ctrl Pts',(94.161846219092,-13.7698039201726,164.129700566555));
#9245=CARTESIAN_POINT('Ctrl Pts',(93.9576678051844,-13.7698039201726,164.66506369727));
#9246=CARTESIAN_POINT('Ctrl Pts',(93.5525552230755,-13.7698039201726,165.355819047155));
#9247=CARTESIAN_POINT('Ctrl Pts',(93.3204098564185,-13.7698039201726,165.666667787864));
#9248=CARTESIAN_POINT('Ctrl Pts',(92.9733232582452,-13.7698039201726,165.913587451507));
#9249=CARTESIAN_POINT('Ctrl Pts',(92.8651913804618,-13.7698039201726,165.972585950146));
#9250=CARTESIAN_POINT('Ctrl Pts',(92.6868519810746,-13.7698039201726,166.032993916303));
#9251=CARTESIAN_POINT('Ctrl Pts',(92.5856424497574,-13.7698039201726,166.050840395484));
#9252=CARTESIAN_POINT('Ctrl Pts',(92.5000000000001,-13.7698039201726,166.050840395484));
#9253=CARTESIAN_POINT('',(92.5000000000001,14.1421356237309,167.));
#9254=CARTESIAN_POINT('Origin',(92.5000000000001,1.77635683940025E-14,172.));
#9255=CARTESIAN_POINT('Ctrl Pts',(92.5000000000001,14.1421356237309,167.));
#9256=CARTESIAN_POINT('Ctrl Pts',(92.7425423477628,14.1421356237309,167.));
#9257=CARTESIAN_POINT('Ctrl Pts',(93.027489063197,14.2014310503933,167.));
#9258=CARTESIAN_POINT('Ctrl Pts',(93.4801343639797,14.3955303641016,167.));
#9259=CARTESIAN_POINT('Ctrl Pts',(93.7261030520935,14.5672083969789,167.));
#9260=CARTESIAN_POINT('Ctrl Pts',(94.0790195428215,14.932382131382,167.));
#9261=CARTESIAN_POINT('Ctrl Pts',(94.2462575047468,15.1927510520942,167.));
#9262=CARTESIAN_POINT('Ctrl Pts',(94.4403505665239,15.6758044984886,167.));
#9263=CARTESIAN_POINT('Ctrl Pts',(94.5000000000001,15.9853645881481,167.));
#9264=CARTESIAN_POINT('Ctrl Pts',(94.5000000000001,16.2480768092719,167.));
#9265=CARTESIAN_POINT('Origin',(94.5000000000001,1.77635683940025E-14,172.));
#9266=CARTESIAN_POINT('',(87.5000000000001,-13.7698039201726,166.050840395484));
#9267=CARTESIAN_POINT('',(94.5000000000001,-13.7698039201726,166.050840395484));
#9268=CARTESIAN_POINT('',(87.5000000000001,14.1421356237309,167.));
#9269=CARTESIAN_POINT('Origin',(87.5000000000001,1.77635683940025E-14,172.));
#9270=CARTESIAN_POINT('',(94.5000000000001,14.1421356237309,167.));
#9271=CARTESIAN_POINT('Origin',(92.5000000000001,1.77635683940025E-14,172.));
#9272=CARTESIAN_POINT('',(92.5000000000001,14.1421356237309,177.));
#9273=CARTESIAN_POINT('Ctrl Pts',(94.5000000000001,16.2480768092719,177.));
#9274=CARTESIAN_POINT('Ctrl Pts',(94.5000000000001,15.9853645881481,177.));
#9275=CARTESIAN_POINT('Ctrl Pts',(94.4403505665239,15.6758044984885,177.));
#9276=CARTESIAN_POINT('Ctrl Pts',(94.2462575047468,15.1927510520942,177.));
#9277=CARTESIAN_POINT('Ctrl Pts',(94.0790195428215,14.932382131382,177.));
#9278=CARTESIAN_POINT('Ctrl Pts',(93.7261030520935,14.5672083969789,177.));
#9279=CARTESIAN_POINT('Ctrl Pts',(93.4801343639797,14.3955303641016,177.));
#9280=CARTESIAN_POINT('Ctrl Pts',(93.027489063197,14.2014310503933,177.));
#9281=CARTESIAN_POINT('Ctrl Pts',(92.7425423477628,14.1421356237309,177.));
#9282=CARTESIAN_POINT('Ctrl Pts',(92.5000000000001,14.1421356237309,177.));
#9283=CARTESIAN_POINT('',(92.5000000000001,-13.7698039201726,177.949159604516));
#9284=CARTESIAN_POINT('Origin',(92.5000000000001,1.77635683940025E-14,172.));
#9285=CARTESIAN_POINT('Ctrl Pts',(92.5000000000001,-13.7698039201726,177.949159604516));
#9286=CARTESIAN_POINT('Ctrl Pts',(92.5856424497574,-13.7698039201726,177.949159604516));
#9287=CARTESIAN_POINT('Ctrl Pts',(92.6868519810746,-13.7698039201726,177.967006083697));
#9288=CARTESIAN_POINT('Ctrl Pts',(92.8651913804619,-13.7698039201726,178.027414049854));
#9289=CARTESIAN_POINT('Ctrl Pts',(92.9733232582452,-13.7698039201726,178.086412548493));
#9290=CARTESIAN_POINT('Ctrl Pts',(93.3204098564185,-13.7698039201726,178.333332212136));
#9291=CARTESIAN_POINT('Ctrl Pts',(93.5525552230755,-13.7698039201726,178.644180952845));
#9292=CARTESIAN_POINT('Ctrl Pts',(93.9576678051844,-13.7698039201726,179.33493630273));
#9293=CARTESIAN_POINT('Ctrl Pts',(94.161846219092,-13.7698039201726,179.870299433445));
#9294=CARTESIAN_POINT('Ctrl Pts',(94.4151698202014,-13.7698039201726,180.833896219975));
#9295=CARTESIAN_POINT('Ctrl Pts',(94.5000000000001,-13.7698039201726,181.450720355802));
#9296=CARTESIAN_POINT('Ctrl Pts',(94.5000000000001,-13.7698039201726,181.969578727308));
#9297=CARTESIAN_POINT('Origin',(94.5000000000001,1.77635683940025E-14,172.));
#9298=CARTESIAN_POINT('',(87.5000000000001,14.1421356237309,177.));
#9299=CARTESIAN_POINT('',(94.5000000000001,14.1421356237309,177.));
#9300=CARTESIAN_POINT('',(87.5000000000001,-13.7698039201726,177.949159604516));
#9301=CARTESIAN_POINT('Origin',(87.5000000000002,1.77635683940025E-14,172.));
#9302=CARTESIAN_POINT('',(94.5000000000001,-13.7698039201726,177.949159604516));
#9303=CARTESIAN_POINT('Origin',(100.5,8.24999999999996,172.));
#9304=CARTESIAN_POINT('Origin',(83.9000000000001,1.77635683940025E-14,172.));
#9305=CARTESIAN_POINT('',(83.5000000000001,14.2481577756564,167.));
#9306=CARTESIAN_POINT('',(84.3000000000001,15.0933760305639,167.));
#9307=CARTESIAN_POINT('Ctrl Pts',(83.5000000000001,14.2481577756565,167.));
#9308=CARTESIAN_POINT('Ctrl Pts',(83.8884775177639,14.6598608611077,167.));
#9309=CARTESIAN_POINT('Ctrl Pts',(84.3000000000001,15.0933760305639,167.));
#9310=CARTESIAN_POINT('',(84.3000000000001,-13.7698039201726,164.05));
#9311=CARTESIAN_POINT('Origin',(84.3000000000001,1.77635683940025E-14,172.));
#9312=CARTESIAN_POINT('',(83.5000000000001,-13.7698039201726,165.803024931469));
#9313=CARTESIAN_POINT('Ctrl Pts',(84.3000000000001,-13.7698039201726,164.05));
#9314=CARTESIAN_POINT('Ctrl Pts',(83.8504339288655,-13.7698039201726,164.949132142269));
#9315=CARTESIAN_POINT('Ctrl Pts',(83.5000000000001,-13.7698039201726,165.803024931469));
#9316=CARTESIAN_POINT('Origin',(83.5000000000001,1.77635683940025E-14,172.));
#9317=CARTESIAN_POINT('Origin',(83.5000000000001,0.186165851779148,162.));
#9318=CARTESIAN_POINT('',(83.5000000000001,-13.7698039201726,167.));
#9319=CARTESIAN_POINT('',(83.5000000000001,-13.7698039201726,179.95));
#9320=CARTESIAN_POINT('',(83.5000000000001,-15.0933760305639,167.));
#9321=CARTESIAN_POINT('Origin',(94.5000000000001,-13.7698039201726,166.050840395484));
#9322=CARTESIAN_POINT('',(86.7000000000001,-13.7698039201726,164.05));
#9323=CARTESIAN_POINT('',(83.5000000000001,-13.7698039201726,164.05));
#9324=CARTESIAN_POINT('',(87.5000000000001,-13.7698039201726,165.803024931469));
#9325=CARTESIAN_POINT('Ctrl Pts',(87.5000000000001,-13.7698039201726,165.803024931469));
#9326=CARTESIAN_POINT('Ctrl Pts',(87.1495660711348,-13.7698039201726,164.949132142269));
#9327=CARTESIAN_POINT('Ctrl Pts',(86.7000000000001,-13.7698039201726,164.05));
#9328=CARTESIAN_POINT('',(87.5000000000001,-13.7698039201726,179.95));
#9329=CARTESIAN_POINT('',(94.5000000000001,-13.7698039201726,167.));
#9330=CARTESIAN_POINT('Origin',(87.1000000000002,1.77635683940025E-14,172.));
#9331=CARTESIAN_POINT('',(86.7000000000001,15.0933760305639,167.));
#9332=CARTESIAN_POINT('',(87.5000000000001,14.2481577756564,167.));
#9333=CARTESIAN_POINT('Ctrl Pts',(86.7000000000001,15.0933760305639,167.));
#9334=CARTESIAN_POINT('Ctrl Pts',(87.1115224822324,14.6598608611118,167.));
#9335=CARTESIAN_POINT('Ctrl Pts',(87.5000000000001,14.2481577756565,167.));
#9336=CARTESIAN_POINT('Origin',(87.5000000000001,1.77635683940025E-14,172.));
#9337=CARTESIAN_POINT('Origin',(86.7000000000001,1.77635683940025E-14,172.));
#9338=CARTESIAN_POINT('Origin',(87.5000000000001,0.661786055195623,161.55));
#9339=CARTESIAN_POINT('',(87.5000000000001,-15.0933760305639,167.));
#9340=CARTESIAN_POINT('Origin',(83.5000000000001,1.77635683940025E-14,172.));
#9341=CARTESIAN_POINT('',(83.5000000000001,15.0933760305639,167.));
#9342=CARTESIAN_POINT('Origin',(94.5000000000001,-13.7698039201726,167.));
#9343=CARTESIAN_POINT('Origin',(87.3000000000002,1.77635683940025E-14,172.));
#9344=CARTESIAN_POINT('',(87.1000000000002,-13.7698039201726,179.95));
#9345=CARTESIAN_POINT('',(87.5000000000001,-13.7698039201726,179.116354403766));
#9346=CARTESIAN_POINT('Ctrl Pts',(87.1000000000002,-13.7698039201726,179.95));
#9347=CARTESIAN_POINT('Ctrl Pts',(87.3110663213396,-13.7698039201726,179.527867357321));
#9348=CARTESIAN_POINT('Ctrl Pts',(87.5000000000001,-13.7698039201726,179.116354403766));
#9349=CARTESIAN_POINT('',(87.5000000000001,14.6714007511212,177.));
#9350=CARTESIAN_POINT('Origin',(87.5000000000002,1.77635683940025E-14,172.));
#9351=CARTESIAN_POINT('',(87.1000000000002,15.0933760305638,177.));
#9352=CARTESIAN_POINT('Ctrl Pts',(87.5000000000001,14.6714007511212,177.));
#9353=CARTESIAN_POINT('Ctrl Pts',(87.3028354003137,14.8797006501551,177.));
#9354=CARTESIAN_POINT('Ctrl Pts',(87.1000000000002,15.0933760305638,177.));
#9355=CARTESIAN_POINT('Origin',(87.1000000000002,1.77635683940025E-14,172.));
#9356=CARTESIAN_POINT('Origin',(83.5000000000001,1.77635683940025E-14,172.));
#9357=CARTESIAN_POINT('',(84.3000000000001,15.0933760305638,177.));
#9358=CARTESIAN_POINT('',(83.5000000000001,15.0933760305638,177.));
#9359=CARTESIAN_POINT('',(84.3000000000001,-13.7698039201726,179.95));
#9360=CARTESIAN_POINT('Origin',(84.3000000000001,1.77635683940025E-14,172.));
#9361=CARTESIAN_POINT('',(83.5000000000001,-13.7698039201726,179.95));
#9362=CARTESIAN_POINT('Origin',(94.5000000000001,14.1421356237309,177.));
#9363=CARTESIAN_POINT('',(87.5000000000001,-15.0933760305638,177.));
#9364=CARTESIAN_POINT('',(83.5000000000001,-13.7698039201726,177.));
#9365=CARTESIAN_POINT('',(94.5000000000001,-13.7698039201726,177.));
#9366=CARTESIAN_POINT('',(83.5000000000001,14.2481577756565,177.));
#9367=CARTESIAN_POINT('',(83.5000000000001,-15.0933760305638,177.));
#9368=CARTESIAN_POINT('Ctrl Pts',(84.3000000000001,15.0933760305638,177.));
#9369=CARTESIAN_POINT('Ctrl Pts',(83.8884775177639,14.6598608611076,177.));
#9370=CARTESIAN_POINT('Ctrl Pts',(83.5000000000001,14.2481577756564,177.));
#9371=CARTESIAN_POINT('Origin',(83.9000000000001,1.77635683940025E-14,172.));
#9372=CARTESIAN_POINT('',(83.5000000000001,-13.7698039201726,178.196975068531));
#9373=CARTESIAN_POINT('Ctrl Pts',(83.5000000000001,-13.7698039201726,178.196975068531));
#9374=CARTESIAN_POINT('Ctrl Pts',(83.8504339288655,-13.7698039201726,179.050867857731));
#9375=CARTESIAN_POINT('Ctrl Pts',(84.3000000000001,-13.7698039201726,179.95));
#9376=CARTESIAN_POINT('Origin',(83.5000000000002,1.77635683940025E-14,172.));
#9377=CARTESIAN_POINT('Origin',(87.5000000000002,0.661786055195623,182.45));
#9378=CARTESIAN_POINT('',(87.5000000000001,-13.7698039201726,179.95));
#9379=CARTESIAN_POINT('Origin',(94.5000000000001,-13.7698039201726,177.));
#9380=CARTESIAN_POINT('',(83.5000000000001,-13.7698039201726,179.95));
#9381=CARTESIAN_POINT('Origin',(83.5000000000002,0.186165851779148,182.));
#9382=UNCERTAINTY_MEASURE_WITH_UNIT(LENGTH_MEASURE(0.01),#9386,
'DISTANCE_ACCURACY_VALUE',
'Maximum model space distance between geometric entities at asserted c
onnectivities');
#9383=UNCERTAINTY_MEASURE_WITH_UNIT(LENGTH_MEASURE(0.01),#9386,
'DISTANCE_ACCURACY_VALUE',
'Maximum model space distance between geometric entities at asserted c
onnectivities');
#9384=(
GEOMETRIC_REPRESENTATION_CONTEXT(3)
GLOBAL_UNCERTAINTY_ASSIGNED_CONTEXT((#9382))
GLOBAL_UNIT_ASSIGNED_CONTEXT((#9386,#9388,#9389))
REPRESENTATION_CONTEXT('','3D')
);
#9385=(
GEOMETRIC_REPRESENTATION_CONTEXT(3)
GLOBAL_UNCERTAINTY_ASSIGNED_CONTEXT((#9383))
GLOBAL_UNIT_ASSIGNED_CONTEXT((#9386,#9388,#9389))
REPRESENTATION_CONTEXT('','3D')
);
#9386=(
LENGTH_UNIT()
NAMED_UNIT(*)
SI_UNIT(.MILLI.,.METRE.)
);
#9387=(
LENGTH_UNIT()
NAMED_UNIT(*)
SI_UNIT($,.METRE.)
);
#9388=(
NAMED_UNIT(*)
PLANE_ANGLE_UNIT()
SI_UNIT($,.RADIAN.)
);
#9389=(
NAMED_UNIT(*)
SI_UNIT($,.STERADIAN.)
SOLID_ANGLE_UNIT()
);
#9390=SHAPE_DEFINITION_REPRESENTATION(#9391,#9392);
#9391=PRODUCT_DEFINITION_SHAPE('',$,#9394);
#9392=SHAPE_REPRESENTATION('',(#5070),#9384);
#9393=PRODUCT_DEFINITION_CONTEXT('part definition',#9398,'design');
#9394=PRODUCT_DEFINITION('Box','Box',#9395,#9393);
#9395=PRODUCT_DEFINITION_FORMATION('',$,#9400);
#9396=PRODUCT_RELATED_PRODUCT_CATEGORY('Box','Box',(#9400));
#9397=APPLICATION_PROTOCOL_DEFINITION('international standard',
'automotive_design',2009,#9398);
#9398=APPLICATION_CONTEXT(
'Core Data for Automotive Mechanical Design Process');
#9399=PRODUCT_CONTEXT('part definition',#9398,'mechanical');
#9400=PRODUCT('Box','Box',$,(#9399));
#9401=PRESENTATION_STYLE_ASSIGNMENT((#9404));
#9402=PRESENTATION_STYLE_ASSIGNMENT((#9405));
#9403=PRESENTATION_STYLE_ASSIGNMENT((#9406));
#9404=SURFACE_STYLE_USAGE(.BOTH.,#9407);
#9405=SURFACE_STYLE_USAGE(.BOTH.,#9408);
#9406=SURFACE_STYLE_USAGE(.BOTH.,#9409);
#9407=SURFACE_SIDE_STYLE('',(#9410));
#9408=SURFACE_SIDE_STYLE('',(#9411));
#9409=SURFACE_SIDE_STYLE('',(#9412));
#9410=SURFACE_STYLE_FILL_AREA(#9413);
#9411=SURFACE_STYLE_FILL_AREA(#9414);
#9412=SURFACE_STYLE_FILL_AREA(#9415);
#9413=FILL_AREA_STYLE('Bambu Lab - PLA Basic - Jade White',(#9416));
#9414=FILL_AREA_STYLE('Bambu Lab - PLA Basic - Gray',(#9417));
#9415=FILL_AREA_STYLE('Bambu Lab - PLA Basic - Pumpkin Orange',(#9418));
#9416=FILL_AREA_STYLE_COLOUR('Bambu Lab - PLA Basic - Jade White',#9419);
#9417=FILL_AREA_STYLE_COLOUR('Bambu Lab - PLA Basic - Gray',#9420);
#9418=FILL_AREA_STYLE_COLOUR('Bambu Lab - PLA Basic - Pumpkin Orange',#9421);
#9419=COLOUR_RGB('Bambu Lab - PLA Basic - Jade White',1.,1.,1.);
#9420=COLOUR_RGB('Bambu Lab - PLA Basic - Gray',0.556862745098039,0.564705882352941,
0.537254901960784);
#9421=COLOUR_RGB('Bambu Lab - PLA Basic - Pumpkin Orange',1.,0.564705882352941,
0.0862745098039216);
ENDSEC;
END-ISO-10303-21;
